ИНН,статус
5038038838,ок
5027064258,ок
5027006369,ок
7701651356,ок
1414006922,ок
3327332190,ок
7816061297,ок
3525048992,ок
2515000365,ок
3101000612,ок
5902126804,ок
0523005733,ок
7724745755,ок
0504007693,ок
2901030646,ок
7709008852,ок
3811167535,ок
7810255553,ок
1011005108,ок
5445005958,ок
2310111297,ок
3250057750,ок
2624022344,ок
7703595570,ок
7813059155,ок
7743373485,ок
3328412522,ок
7728135831,ок
3664004054,ок
2465006513,ок
5902115094,ок
2539030721,ок
7704697207,ок
5000000218,ок
6731010189,ок
5044125655,ок
0541001957,ок
7743356592,ок
2508045333,ок
7702066809,ок
7714863020,ок
7814027004,ок
6315336069,ок
5025012896,ок
3123040930,ок
7714046959,ок
5263001814,ок
6450042805,ок
2466000401,ок
3728001189,ок
6013000288,ок
6670160730,ок
4006002065,ок
7733799210,ок
1653008582,ок
6517004027,ок
2528000926,ок
7705585440,ок
7720725959,ок
7719243661,ок
7720019008,ок
3906034170,ок
7714406538,ок
5534008911,ок
3903008430,ок
4023002467,ок
7719258347,ок
7729655368,ок
7604156684,ок
7017334036,ок
9701004970,ок
6228038066,ок
3627008639,ок
6312040240,ок
2311011320,ок
5029014809,ок
9102046280,ок
2304016990,ок
3128065293,ок
7414000992,ок
0541000015,ок
3663001942,ок
2108002261,ок
7710478789,ок
7736565404,ок
8003021109,ок
1830000270,ок
1510008048,ок
5029022704,ок
7830001839,ок
5004000089,ок
5005001110,ок
7704040517,ок
7731178063,ок
7709502155,ок
9715426146,ок
1629003431,ок
7726065829,ок
7719741321,ок
7802148357,ок
5260280790,ок
7718874505,ок
7710023855,ок
7202255830,ок
7805109540,ок
7813427641,ок
7806016873,ок
7815014022,ок
1655409759,ок
7203014481,ок
2115000346,ок
7816131635,ок
7838309590,ок
2525003164,ок
6316135260,ок
7714938405,ок
7715278180,ок
7706194960,ок
7803058547,ок
0603282806,ок
7709211195,ок
4401159638,ок
3917000617,ок
6674164790,ок
7708706004,ок
0317002279,ок
7714938300,ок
1659002192,ок
7713161050,ок
2536131136,ок
2543028394,ок
5047066775,ок
2203003875,ок
9701187346,ок
3207001905,ок
7728786311,ок
8300003864,ок
7224001941,ок
7708280326,ок
7801070620,ок
9722013742,ок
6731028404,ок
5046048999,ок
7203047511,ок
2809000390,ок
6163068567,ок
7708626895,ок
6658521941,ок
7702020219,ок
7701969903,ок
5053033231,ок
2306000450,ок
7203075558,ок
2126003691,ок
2129003280,ок
3235001826,ок
1215048572,ок
6312134360,ок
6312102986,ок
2104000471,ок
1215014090,ок
2902001119,ок
1001010821,ок
6167065479,ок
1001001619,ок
2128007123,ок
2129005369,ок
7705014485,ок
5016018436,ок
4633004190,ок
1651000330,ок
1215012600,ок
1659000692,ок
7710100355,ок
3811167567,ок
7606011268,ок
7811419726,ок
3610007820,ок
7714797240,ок
5238000045,ок
2528000901,ок
1300008210,ок
5406293244,ок
6686038662,ок
4704057466,ок
2538066595,ок
7730247451,ок
2801016951,ок
7710442630,ок
3528001689,ок
3729011599,ок
7825405201,ок
7808003527,ок
7810182560,ок
4632297547,ок
7751046749,ок
7825697956,ок
4401006783,ок
2634011648,ок
7728245263,ок
3123004106,ок
7704027964,ок
7712103721,ок
7708251822,ок
2512300970,ок
7206000783,ок
7733043569,ок
6617006973,ок
5407181328,ок
5032001704,ок
7817014691,ок
7729279642,ок
1657102836,ок
7813046090,ок
7714474168,ок
3438004903,ок
7830000352,ок
6320010256,ок
7826098137,ок
7721001557,ок
7722121864,ок
0273068738,ок
7604303628,ок
5042013917,ок
3666003835,ок
3445013151,ок
7730045102,ок
7801233786,ок
0276029529,ок
7734008581,ок
7453326003,ок
7723736010,ок
2309001518,ок
7733141647,ок
3826003787,ок
7703733340,ок
3812070631,ок
3327100993,ок
7203151985,ок
2801048449,ок
3128001437,ок
2310043720,ок
1435023848,ок
6316104945,ок
7816300957,ок
4217159611,ок
6905008053,ок
7104007243,ок
3818013189,ок
1325019366,ок
3525000888,ок
2123003936,ок
2125002230,ок
0571001908,ок
2313020873,ок
7813004340,ок
3906151325,ок
7719037926,ок
5077000274,ок
7728518506,ок
3128041662,ок
1650201436,ок
6318136702,ок
5013048425,ок
8603097950,ок
6950144467,ок
7701039070,ок
6454004416,ок
3906154164,ок
2722057024,ок
5009048221,ок
3906205764,ок
7717007644,ок
7813432987,ок
5079011585,ок
7816020075,ок
6439035547,ок
2635026460,ок
1655171640,ок
1626007149,ок
7814120170,ок
7714739336,ок
7810802206,ок
5001008435,ок
3232001641,ок
7024016098,ок
5009007401,ок
5015000725,ок
7709051600,ок
5406013497,ок
5031020694,ок
0903000442,ок
6672135384,ок
7817012479,ок
7708023061,ок
5040006209,ок
6714011707,ок
3906248599,ок
5207003751,ок
5053031883,ок
2508013074,ок
7825012056,ок
7806056530,ок
6663071832,ок
1215003701,ок
7817014772,ок
5031035348,ок
2310012803,ок
7826690713,ок
7705199395,ок
6213000133,ок
5835005907,ок
1503015990,ок
7714184250,ок
2321010861,ок
2279005551,ок
7830001934,ок
7809006739,ок
7720214390,ок
5506032020,ок
5320013512,ок
7802031020,ок
6658065880,ок
6658104017,ок
6646008630,ок
7812010171,ок
2724075519,ок
0902010913,ок
6234015028,ок
5022035172,ок
7713030755,ок
7702019661,ок
5405116154,ок
3702032739,ок
5410147327,ок
2536234935,ок
5610004196,ок
7704127278,ок
2301090361,ок
6453058803,ок
0277039262,ок
1516610530,ок
7805445260,ок
7806359535,ок
4346054367,ок
3906175051,ок
4821002277,ок
1516614408,ок
6317070329,ок
5032300711,ок
3906165215,ок
2801137748,ок
3812080453,ок
1831142398,ок
5406631510,ок
7820031866,ок
3906168960,ок
5406999150,ок
7810477235,ок
2016079306,ок
7814398182,ок
7710422169,ок
1001062611,ок
7805434451,ок
7801644289,ок
2004001168,ок
3905033791,ок
6450010602,ок
2016080069,ок
7735526040,ок
5047065683,ок
7813337589,ок
0101009232,ок
7806362873,ок
7810864675,ок
4632037845,ок
6732154539,ок
0608038551,ок
4212030678,ок
5904331950,ок
3329011322,ок
3254513241,ок
7801412432,ок
9726005076,ок
1639034245,ок
4332006959,ок
7734737908,ок
5001042130,ок
1645023474,ок
2608011440,ок
7814614002,ок
2706027992,ок
4345242030,ок
5406632507,ок
5907035205,ок
6143068209,ок
7802398854,ок
7840496161,ок
7447204568,ок
2337022044,ок
1650272236,ок
7814619177,ок
7810477852,ок
7804311432,ок
7810036953,ок
5404087415,ок
5404087133,ок
5911011870,ок
5203002940,ок
7804312860,ок
4826128700,ок
5911037205,ок
3119005058,ок
7840036608,ок
7810486293,ок
1660113330,ок
7805390363,ок
5032268095,ок
7804372770,ок
5504110121,ок
7838408009,ок
4025068752,ок
2015040289,ок
5044073407,ок
7802729619,ок
6623115917,ок
2311194948,ок
2801146887,ок
5046071772,ок
7715478214,ок
7107501901,ок
7811018971,ок
7841500188,ок
2539079741,ок
7725609963,ок
1611290471,ок
7701660110,ок
5911038512,ок
3906171924,ок
3906158401,ок
3821015186,ок
1326195212,ок
4632054150,ок
5032071564,ок
5032250556,ок
7610077977,ок
5446116114,ок
1516612143,ок
5024177260,ок
9729043859,ок
3128009080,ок
2721204340,ок
0725013783,ок
8902009126,ок
6703004289,ок
2609020254,ок
6616006018,ок
0560021660,ок
3234039880,ок
4205300027,ок
2463053148,ок
4825028156,ок
4414006950,ок
3117004299,ок
7529009744,ок
0277921001,ок
1101031470,ок
0542016321,ок
6163099660,ок
5835103862,ок
3234040815,ок
2464002442,ок
2539088898,ок
4826033663,ок
6321241249,ок
5024103220,ок
0561051201,ок
0561052597,ок
6229032892,ок
3444267259,ок
2465053680,ок
5516002385,ок
7327081674,ок
2223032899,ок
3443058340,ок
3128042120,ок
4823003533,ок
4825030268,ок
8604029649,ок
4823010548,ок
7449017789,ок
5003110787,ок
0560033305,ок
6221002007,ок
6317035187,ок
5904243246,ок
7017326290,ок
5406257856,ок
5407263443,ок
3906980594,ок
7723425784,ок
3525317780,ок
2221036792,ок
6317066107,ок
5022038769,ок
5957015966,ок
1648005931,ок
6222115540,ок
7725294304,ок
6232004920,ок
7723206197,ок
5918014969,ок
5032120719,ок
4823017575,ок
5321081297,ок
2301033444,ок
0561049192,ок
2804015508,ок
0560029394,ок
6639013357,ок
2301034568,ок
4822001036,ок
0541016128,ок
3821012957,ок
2465084712,ок
1320000523,ок
5410112902,ок
2309135053,ок
0561053738,ок
0561011657,ок
1647016553,ок
5906102890,ок
3445095549,ок
1659188878,ок
5038096300,ок
7705808840,ок
5505059044,ок
7719093310,ок
7328078096,ок
5506197142,ок
9721074446,ок
7722772312,ок
7814608030,ок
5050154260,ок
6446009717,ок
0276130367,ок
2901249300,ок
6684029535,ок
5027211390,ок
7703808771,ок
4401191600,ок
7743211893,ок
5406998100,ок
7733886992,ок
7707065421,ок
4706026696,ок
3444259931,ок
7708262060,ок
6027187639,ок
1400005728,ок
7802877367,ок
1901076871,ок
7811600890,ок
7723558350,ок
9701000566,ок
2315180583,ок
5017058706,ок
7729161986,ок
7743142960,ок
7602102154,ок
2465322847,ок
8601057493,ок
7804598295,ок
7105521860,ок
0544018490,ок
6950045650,ок
9717113100,ок
7811150634,ок
5012078392,ок
9705133912,ок
1701042970,ок
7839404663,ок
7801631836,ок
2724158596,ок
2206002750,ок
7810423293,ок
7804403002,ок
3849020250,ок
5029081675,ок
7726455593,ок
6909007540,ок
3255056301,ок
7720864977,ок
4205306734,ок
7107109405,ок
1327020487,ок
6452043441,ок
1502046508,ок
6027099196,ок
7536074367,ок
7807359150,ок
3616023554,ок
5528212330,ок
7721248057,ок
0277114424,ок
9102027030,ок
7722264703,ок
4025024360,ок
5753054300,ок
9723043933,ок
7725325545,ок
6950206353,ок
7610083378,ок
7811523780,ок
5406588872,ок
7724403783,ок
5074018918,ок
7813418990,ок
9704063606,ок
5248021735,ок
5408240992,ок
6316121027,ок
2536244179,ок
7705952428,ок
5005029010,ок
2460092830,ок
7722357605,ок
5505222540,ок
6325046753,ок
3810068161,ок
5250061809,ок
7734385830,ок
5029251415,ок
7718963804,ок
5044086491,ок
7714487632,ок
6670357871,ок
7743375429,ок
7705799995,ок
0268056840,ок
0242009690,ок
4823057031,ок
7743871191,ок
7704397203,ок
3906248694,ок
9109022351,ок
0533011038,ок
9725096458,ок
7203426460,ок
7724303108,ок
7702765476,ок
7704700820,ок
2901294960,ок
2635810450,ок
9102192386,ок
4205032650,ок
7604340725,ок
7704583312,ок
3661083636,ок
1840039862,ок
5705003352,ок
5422110875,ок
5453175431,ок
7810693130,ок
3664224204,ок
5262135477,ок
2310088087,ок
2354007198,ок
2308114879,ок
3459006718,ок
1841059220,ок
7017372063,ок
6330068079,ок
5044092030,ок
5030048672,ок
2014263910,ок
4025071770,ок
1307077728,ок
2311257676,ок
3851017416,ок
2368005560,ок
5610151553,ок
7723594422,ок
7722405778,ок
1435131360,ок
5310021306,ок
7726361176,ок
2543043360,ок
2801133373,ок
7204168124,ок
3019017765,ок
7720714650,ок
7802847161,ок
9725082737,ок
3906413299,ок
7814813897,ок
7730281195,ок
7722817274,ок
6025051657,ок
7404040410,ок
2722074301,ок
2804020586,ок
1643011410,ок
5509006942,ок
6140004091,ок
1658151554,ок
6685145326,ок
5003127639,ок
7813512713,ок
9717108903,ок
3257063086,ок
5504126770,ок
9726013006,ок
5027283637,ок
7703400936,ок
7731440592,ок
1655339420,ок
7720168296,ок
4705074601,ок
1646039205,ок
1657125304,ок
7719408521,ок
9705052029,ок
2209037856,ок
7704337437,ок
1649036315,ок
5834121146,ок
9102236971,ок
7612044649,ок
7734671421,ок
5407953260,ок
2703009610,ок
6164320770,ок
9102032939,ок
1648046712,ок
7816198118,ок
7203402131,ок
5614056815,ок
2224140706,ок
7721702915,ок
9721083426,ок
1655248928,ок
5032302155,ок
9705105680,ок
9102210701,ок
3528211358,ок
5904200891,ок
0262002911,ок
5190120888,ок
7724304278,ок
9102221767,ок
2310110840,ок
7203233532,ок
6455056223,ок
7841022608,ок
6950179068,ок
6923007084,ок
4345409923,ок
7020012367,ок
0277958611,ок
5030080531,ок
9702041396,ок
1514012278,ок
7733082649,ок
7801132643,ок
7719560822,ок
7710878561,ок
7604182250,ок
4345273447,ок
7804537221,ок
7701998894,ок
7713292817,ок
5404472375,ок
3701005404,ок
5610111416,ок
6732147612,ок
6025037282,ок
7814610826,ок
7811119786,ок
9103001193,ок
5032073113,ок
9728001415,ок
7814713356,ок
7801693952,ок
5047127450,ок
7811772681,ок
2320101700,ок
5029165727,ок
7704827375,ок
2130091965,ок
5029135017,ок
7702762980,ок
7707384072,ок
7810888740,ок
7714974555,ок
7702720556,ок
0411170175,ок
2224114537,ок
9723140817,ок
9731020457,ок
5037004586,ок
1661041216,ок
1661039048,ок
7448149574,ок
9721081845,ок
6672244150,ок
2722052259,ок
1435093877,ок
2222871186,ок
7716544808,ок
6685158220,ок
7717611743,ок
1644005673,ок
1657059203,ок
7705409243,ок
5030091572,ок
2320163390,ок
7736605093,ок
7733782496,ок
7456032435,ок
2902065056,ок
7706679588,ок
2312293109,ок
7716829786,ок
6623037747,ок
2721181043,ок
2466094199,ок
4217149557,ок
4826046447,ок
7729317048,ок
1121016374,ок
7716725032,ок
7804360574,ок
3702065685,ок
5256203256,ок
0816041153,ок
2312218542,ок
5403360823,ок
6362014414,ок
6163123708,ок
0278900702,ок
6163157584,ок
2460103954,ок
0278164202,ок
5321167723,ок
9201519498,ок
7716850996,ок
9705168873,ок
5614080159,ок
7810703710,ок
4205323401,ок
7604354206,ок
4345049741,ок
3123384730,ок
6671079909,ок
7203493869,ок
7713748105,ок
5404492237,ок
7719489979,ок
7736314425,ок
5262339456,ок
1901143888,ок
7718615620,ок
7453322143,ок
1101125110,ок
1840102828,ок
7728494076,ок
7202145322,ок
5007105393,ок
9103071553,ок
5020022121,ок
6166100762,ок
6234155280,ок
6229084717,ок
6234157738,ок
3662249958,ок
3663096856,ок
2543020067,ок
2543059498,ок
6234155297,ок
7806464949,ок
6234119316,ок
6450079731,ок
1435166758,ок
5018149498,ок
0274168157,ок
1207014788,ок
1655143555,ок
2521013700,ок
7802680579,ок
2723093561,ок
7728538326,ок
5751200108,ок
6166091998,ок
4345301101,ок
9709082095,ок
6732209160,ок
6234122911,ок
7714912615,ок
7814428990,ок
7743216933,ок
2116001046,ок
2311293226,ок
7326046099,ок
7813565384,ок
7701357548,ок
7733782577,ок
5603037634,ок
7719739273,ок
3123210910,ок
3811112374,ок
1644069388,ок
2224201469,ок
3443922835,ок
2222833053,ок
6829134712,ок
1657195090,ок
5260282606,ок
9102002645,ок
7813574910,ок
7813411472,ок
5047145219,ок
6321396637,ок
1644086979,ок
0706004342,ок
3528145779,ок
2311330380,ок
7734353669,ок
1632010615,ок
7104519474,ок
5904128973,ок
7729710587,ок
5609091596,ок
2723218806,ок
1513003672,ок
2465120470,ок
2004004610,ок
7302041616,ок
7810529853,ок
5405458373,ок
1651071780,ок
2724046821,ок
2801085190,ок
2724158370,ок
7743325570,ок
3801993892,ок
2309094287,ок
7811726773,ок
2503028863,ок
8701002593,ок
4706045794,ок
1328168310,ок
2221252602,ок
6501242026,ок
7806570930,ок
0264069870,ок
3651008252,ок
1658114182,ок
7840068173,ок
7736258690,ок
6685029320,ок
3102047490,ок
6658542476,ок
4703153495,ок
7450008500,ок
7716230720,ок
7810935439,ок
5022069051,ок
1655416530,ок
4217128934,ок
7455029609,ок
2508080271,ок
4704049916,ок
6623098348,ок
1639057355,ок
7203451019,ок
5528035410,ок
1001166434,ок
7721630795,ок
7702375821,ок
2014015392,ок
7725810439,ок
5190113760,ок
1655211533,ок
5036136364,ок
2801130630,ок
7813491358,ок
3257066217,ок
6161073650,ок
4253017997,ок
7743155670,ок
3906286900,ок
1837011426,ок
7703808563,ок
2309109293,ок
6230085539,ок
7207011121,ок
2464082102,ок
0573012006,ок
1001248052,ок
7733895838,ок
7704455984,ок
7726344332,ок
7721712896,ок
1661037467,ок
9201007490,ок
3525438939,ок
9703082483,ок
1651064976,ок
2221130160,ок
7724939253,ок
2312153969,ок
3664057465,ок
9703085075,ок
2453010843,ок
6623109350,ок
8605023495,ок
5528049660,ок
5024219496,ок
2466154391,ок
7706733475,ок
2536269896,ок
1103046626,ок
7720873058,ок
7806125470,ок
5027277898,ок
6678029030,ок
6318022984,ок
6658407928,ок
0277130842,ок
6501100695,ок
1101152403,ок
6501152037,ок
5802003220,ок
6141021283,ок
5252015710,ок
9710037065,ок
7604385652,ок
5260302757,ок
7724362336,ок
1322120664,ок
9718149645,ок
7728890351,ок
1832044770,ок
4703142302,ок
1661050877,ок
7804447320,ок
4703142292,ок
7841466917,ок
3814018316,ок
6831020536,ок
6316143260,ок
7717748748,ок
3804055037,ок
1609010536,ок
1609008199,ок
9719022673,ок
7203345331,ок
1660270502,ок
5029130795,ок
1840050930,ок
1633607740,ок
4205232793,ок
3334014382,ок
3460059841,ок
6317157121,ок
7727294839,ок
7729411883,ок
7727480480,ок
4823056302,ок
5617020775,ок
7733813271,ок
4407009325,ок
6449042832,ок
3613006053,ок
6452148677,ок
6450070182,ок
7751174148,ок
7736249180,ок
9702040040,ок
9705078860,ок
6165163350,ок
3827054390,ок
7714324660,ок
7743830854,ок
2123020089,ок
7743361585,ок
7730542552,ок
3329058514,ок
5835134620,ок
2320098398,ок
3453005531,ок
7722318236,ок
6165215545,ок
7734464150,ок
5902864713,ок
2626039872,ок
7814522697,ок
7725283006,ок
6168009300,ок
7203244326,ок
7842495999,ок
7724740330,ок
3123359042,ок
7724807747,ок
7723596211,ок
2311130084,ок
7417016038,ок
0912003961,ок
4902010484,ок
7709488704,ок
9102184642,ок
7734424550,ок
9717071080,ок
0275922105,ок
7716575404,ок
5045045025,ок
9715403974,ок
7735177720,ок
7810948195,ок
6671090130,ок
7728363429,ок
7827009002,ок
2543157128,ок
4220032291,ок
7810455182,ок
7704878411,ок
5404499095,ок
5190063492,ок
2536332604,ок
5405025637,ок
7805604270,ок
7450061461,ок
6318002610,ок
0711021079,ок
7716161259,ок
7810949706,ок
5017114020,ок
5048031694,ок
5024196217,ок
7806419840,ок
7710431533,ок
2901245218,ок
7716635413,ок
6625061992,ок
6658385287,ок
4345223862,ок
2310210788,ок
7705169295,ок
3443129023,ок
7801715363,ок
7723793763,ок
2801091081,ок
7710364566,ок
7743065762,ок
9718055242,ок
7722364257,ок
7721531233,ок
7721784234,ок
0800003466,ок
5020089609,ок
8615010921,ок
7722797589,ок
4703121630,ок
7805426789,ок
1435245858,ок
2536256985,ок
2457062916,ок
3625016183,ок
6686047709,ок
6671268279,ок
6311190034,ок
1661051542,ок
2543106356,ок
6916017941,ок
5256135550,ок
7536158377,ок
7726471919,ок
6164088189,ок
2625022386,ок
7743652496,ок
2543051851,ок
3811126930,ок
6450608230,ок
2466137942,ок
9705033805,ок
4345215068,ок
6230075820,ок
2312260216,ок
2311237341,ок
6166108112,ок
7743744940,ок
7706424276,ок
0273092508,ок
7728880145,ок
3662991888,ок
9728051913,ок
6167138198,ок
7727573906,ок
5004023978,ок
7710502960,ок
3525115712,ок
7816655540,ок
6671248547,ок
6625029100,ок
7727506480,ок
7813281657,ок
6950005657,ок
6732167778,ок
5258145497,ок
4632079860,ок
3812066522,ок
3808052326,ок
3812085324,ок
0326566384,ок
3811147465,ок
3801120520,ок
0323358971,ок
3811137869,ок
3810061670,ок
3812146834,ок
9728036802,ок
1802004403,ок
3327114442,ок
7805728187,ок
3906195717,ок
7805661817,ок
4702020301,ок
3906190204,ок
7801446978,ок
3905042154,ок
7801648653,ок
7805437646,ок
3912000363,ок
4703045468,ок
3906253775,ок
3905073201,ок
7805512935,ок
9721160222,ок
7730273290,ок
5032287517,ок
5032081308,ок
4909088810,ок
2222868881,ок
0107036810,ок
1656032907,ок
2466122054,ок
0323387891,ок
5223000370,ок
7733881088,ок
7714456585,ок
4213008594,ок
6311084205,ок
7729774333,ок
6732072149,ок
5072007903,ок
0326546067,ок
5406506326,ок
7842117926,ок
7701529116,ок
5405061515,ок
2312169415,ок
7703617713,ок
7720693400,ок
0277116830,ок
0276122831,ок
0274161948,ок
0278062271,ок
0278173574,ок
0237995180,ок
0275080794,ок
0274106224,ок
0277094591,ок
0256024473,ок
0277088421,ок
0268049176,ок
0276901387,ок
0273944047,ок
0273075679,ок
0276084329,ок
0272919922,ок
0277912617,ок
7804604728,ок
7725291536,ок
7721765993,ок
7706432196,ок
3123118640,ок
3123220435,ок
3123199487,ок
3123151580,ок
2309130175,ок
4028040498,ок
6678100317,ок
3115013026,ок
3123318825,ок
6732063899,ок
5752037782,ок
3123377549,ок
3123455268,ок
2901178314,ок
2311165672,ок
4707032477,ок
6673249850,ок
7707409601,ок
2010005548,ок
6672258227,ок
0257006614,ок
9722031036,ок
1102015209,ок
0550003492,ок
1646031220,ок
3525322740,ок
9724065224,ок
5903065343,ок
3233013174,ок
7802738910,ок
0571010155,ок
1657138511,ок
7703607313,ок
7701683439,ок
3448051229,ок
1659079886,ок
2537106301,ок
5751039441,ок
7719573518,ок
3528314635,ок
9102255847,ок
7714262759,ок
1651000203,ок
9715204520,ок
7718981480,ок
7703413861,ок
7714901412,ок
9725021452,ок
7718885176,ок
7706283730,ок
5904121505,ок
7722301200,ок
1207007519,ок
3111505355,ок
3662222917,ок
3703018960,ок
3811108057,ок
7733732294,ок
6142021455,ок
1655478375,ок
5003123592,ок
5904088022,ок
5018149297,ок
7723427686,ок
4205313611,ок
7839462986,ок
7709491217,ок
7725315201,ок
3906366698,ок
0253014741,ок
1655417140,ок
6381012469,ок
7725373161,ок
5262328983,ок
5246043300,ок
7703788853,ок
0506001496,ок
7725401757,ок
7727301170,ок
7701769950,ок
5038113267,ок
7726445683,ок
3811037254,ок
3817048485,ок
6318048950,ок
3661173505,ок
3662228884,ок
3827066099,ок
9721170069,ок
3102045616,ок
9729275602,ок
7705535022,ок
5017117101,ок
9723085570,ок
7743178847,ок
6671139146,ок
3250506596,ок
3234051052,ок
9701069818,ок
3906996650,ок
3123213244,ок
3917508256,ок
3808098592,ок
7733368239,ок
7724485923,ок
1645032550,ок
7715006797,ок
1644015463,ок
1644063770,ок
9726012549,ок
2905006524,ок
8904044849,ок
2801096964,ок
7733221243,ок
1644033494,ок
7716822325,ок
1631004249,ок
7751068510,ок
6623138230,ок
0326525490,ок
9702028282,ок
7714872296,ок
5018182664,ок
7842393556,ок
4024008863,ок
7103048470,ок
7716968525,ок
7751153660,ок
7817066450,ок
6685055633,ок
4027102984,ок
5206023931,ок
7743308285,ок
5104909505,ок
2312210310,ок
3327309152,ок
5024212684,ок
5919022930,ок
1435175939,ок
5535005007,ок
5050061230,ок
2723164678,ок
7751030033,ок
3257043001,ок
7203380262,ок
6311110198,ок
3662294260,ок
7814139149,ок
3849055220,ок
1661027878,ок
2453011195,ок
2308121562,ок
7604208068,ок
2320071075,ок
7713469052,ок
3907039365,ок
2225156716,ок
3123419622,ок
7716604912,ок
0608060148,ок
6376062249,ок
4027145762,ок
6732143625,ок
3906335280,ок
7455028700,ок
7460042877,ок
7805477695,ок
3317008614,ок
5904996610,ок
7726723637,ок
3702035289,ок
7536098449,ок
1327011669,ок
6141046175,ок
9703093527,ок
1215142198,ок
7811499400,ок
1645002989,ок
7104076631,ок
5024190261,ок
7811548190,ок
6671050794,ок
6452149159,ок
7724474061,ок
7717731430,ок
5506135629,ок
6142018156,ок
7743225092,ок
7901550387,ок
7751136294,ок
9710091295,ок
4401176111,ок
7723907033,ок
2905007704,ок
5029166079,ок
7801718685,ок
7802339288,ок
7714937401,ок
7714935789,ок
7702270280,ок
8601015373,ок
6658077268,ок
7736261741,ок
7728896297,ок
6686077541,ок
5030090297,ок
3528072584,ок
7604342112,ок
2310207880,ок
6230083651,ок
6166076816,ок
0273074097,ок
7536056512,ок
1639045046,ок
1651064888,ок
7842164130,ок
7810855374,ок
2320148539,ок
2460115773,ок
3528231900,ок
7806517615,ок
5402010544,ок
2465149776,ок
7610107766,ок
7602107875,ок
3505005260,ок
5837066398,ок
0104016125,ок
7203294729,ок
1659083949,ок
9718058620,ок
7820330834,ок
3808218853,ок
2127323623,ок
3906075804,ок
7810391877,ок
7814277519,ок
7727733814,ок
6658314737,ок
5017101207,ок
7801583340,ок
1424008929,ок
7713008284,ок
2315122493,ок
7723906368,ок
4004007854,ок
1633009588,ок
1326193590,ок
7811718356,ок
3917037631,ок
6321369432,ок
8602010681,ок
4011018328,ок
6143066603,ок
7706269768,ок
7810791610,ок
1650370970,ок
7724759363,ок
7604120832,ок
7717712702,ок
2466178000,ок
7725359287,ок
2315174163,ок
6318243380,ок
6168028800,ок
7116156708,ок
2631031357,ок
6672309217,ок
7721754984,ок
6402901905,ок
2311177396,ок
7801317250,ок
7725367746,ок
5044125581,ок
6662118894,ок
7724754936,ок
6362007400,ок
5047003510,ок
3461064523,ок
3662138670,ок
7731310770,ок
5638058829,ок
7814541033,ок
6321449840,ок
2311103732,ок
5029190120,ок
7722631086,ок
9729109612,ок
9704079451,ок
1001228850,ок
3311008833,ок
2536186840,ок
1516613644,ок
3327144165,ок
7722626142,ок
6316187540,ок
6161064246,ок
6722043389,ок
6670115960,ок
5262295255,ок
3663150214,ок
3917017346,ок
7105523240,ок
7707635248,ок
0608026274,ок
7451384828,ок
7801573743,ок
5802003238,ок
1612003137,ок
9715224421,ок
9701020890,ок
6658217878,ок
6452116964,ок
1660220710,ок
7812017145,ок
2013007991,ок
6453132574,ок
3461009522,ок
5260115690,ок
5260312307,ок
7813350741,ок
7810697495,ок
6317100774,ок
6454132545,ок
6316163073,ок
1658157394,ок
1660327340,ок
6311094612,ок
6317123965,ок
6312108900,ок
6452117855,ок
6321281844,ок
3460062869,ок
3435107361,ок
3445071146,ок
3460016703,ок
6312201930,ок
6312142121,ок
1650237640,ок
6325071615,ок
6452122598,ок
3448040509,ок
3461010327,ок
6455066983,ок
3448043965,ок
3525336239,ок
6315632685,ок
5010039060,ок
1660355555,ок
6330056436,ок
1216007917,ок
3435042450,ок
7811600202,ок
7811385812,ок
3525319233,ок
3525433264,ок
3525194182,ок
3666170314,ок
3663098437,ок
3616008757,ок
3662212203,ок
3665105048,ок
6357941879,ок
2723100868,ок
1435302376,ок
2366002540,ок
3245516327,ок
6319164131,ок
0816041065,ок
7608007066,ок
6623043910,ок
6623110612,ок
5609191784,ок
0275910318,ок
5610240242,ок
2540196538,ок
3819013939,ок
7017340921,ок
7701866545,ок
1833032136,ок
2312306703,ок
7536153932,ок
2540231091,ок
2308208083,ок
5603042835,ок
8906001167,ок
1841074468,ок
7107525050,ок
2311179474,ок
7743946834,ок
2721182632,ок
7814547170,ок
2539081081,ок
9102031519,ок
7804018392,ок
7814721170,ок
7710940499,ок
3525368022,ок
3257019707,ок
5713002338,ок
3702602756,ок
1655428173,ок
7811198516,ок
7456001268,ок
3663068175,ок
6161054093,ок
7802698061,ок
5190918074,ок
7710753481,ок
2320232854,ок
7713479491,ок
3443138525,ок
2315104906,ок
7813637952,ок
5401961071,ок
7604343518,ок
2225151436,ок
0524005006,ок
9723113186,ок
5610087347,ок
7106527953,ок
5501108131,ок
2465239155,ок
7802813532,ок
7727709434,ок
6449083684,ок
6658430275,ок
6670314067,ок
4209028936,ок
1660147749,ок
6167100035,ок
1651067141,ок
9715318800,ок
6722024065,ок
4347018869,ок
4345197644,ок
4348037720,ок
7816481887,ок
5247046487,ок
0534031679,ок
5024182648,ок
1658193064,ок
7720456209,ок
7733101813,ок
7709502490,ок
2222797133,ок
7017130554,ок
0278970650,ок
1327012038,ок
7722583467,ок
5215011900,ок
5638028937,ок
4028029310,ок
7715500533,ок
5951002819,ок
0276146864,ок
7838030937,ок
5012026436,ок
3812137156,ок
1604003020,ок
7728838739,ок
5075025996,ок
6832038511,ок
7720711466,ок
5215001652,ок
5256071320,ок
7736540833,ок
7725632017,ок
3661057192,ок
6315597960,ок
7801664648,ок
9701193371,ок
7826728460,ок
7813466312,ок
1327030206,ок
7802852725,ок
4025453112,ок
7720681980,ок
7716922376,ок
2301089888,ок
4807004970,ок
5259125609,ок
5904142625,ок
7810754337,ок
7714475732,ок
7017357192,ок
3255506335,ок
7725266106,ок
6311170729,ок
7536058090,ок
7722678091,ок
7751006190,ок
1646042769,ок
5407502349,ок
9702029409,ок
7714457797,ок
8606013309,ок
7730709480,ок
7300000300,ок
6325036593,ок
7449108098,ок
2311251522,ок
6453154497,ок
7723882491,ок
5009122179,ок
2713017138,ок
2508125846,ок
1650359769,ок
3804030441,ок
7714300669,ок
6161077855,ок
5256137268,ок
7203538206,ок
4705068693,ок
9706025300,ок
1656070211,ок
7751191383,ок
6312210773,ок
7743243133,ок
4221020919,ок
5247017013,ок
7603054270,ок
3528281820,ок
7727420201,ок
7447220947,ок
1651082654,ок
5249128382,ок
7816672070,ок
2225164499,ок
7806169125,ок
6679157757,ок
7802199601,ок
7203479416,ок
6230056721,ок
0278912585,ок
7725815596,ок
5024121317,ок
5904361017,ок
3015102995,ок
5018130049,ок
7813583087,ок
9703094930,ок
3702174370,ок
7715593263,ок
7703814197,ок
0411061360,ок
5904272159,ок
2310172420,ок
0277114858,ок
5027256182,ок
5040121924,ок
7840034791,ок
4826067863,ок
7203258350,ок
7708404162,ок
7722432732,ок
7838052786,ок
6658498869,ок
7703389016,ок
7811479073,ок
5017116330,ок
7802923849,ок
5835139611,ок
5040176585,ок
1218000240,ок
5260261250,ок
7321013830,ок
5026000389,ок
8602230729,ок
7714687920,ок
7718982853,ок
5056008498,ок
5702010270,ок
6452950739,ок
5837013340,ок
0274911397,ок
0919003216,ок
6501110830,ок
0603013338,ок
6659169271,ок
5920021988,ок
5248023299,ок
7716890406,ок
7701154844,ок
0910006357,ок
2308230642,ок
7801348890,ок
9717066019,ок
5263135092,ок
7728344514,ок
6316216127,ок
2130103963,ок
5006011544,ок
7703727402,ок
7116144886,ок
7751150595,ок
5258120950,ок
7718945570,ок
1424009190,ок
6161067470,ок
7802667472,ок
9723088451,ок
7814441790,ок
1616021169,ок
1616030050,ок
7704766588,ок
4101185387,ок
2311285264,ок
7802528951,ок
6731071664,ок
0274907827,ок
9719021609,ок
9721163167,ок
5905269230,ок
7726380059,ок
6670475804,ок
7725447590,ок
9715376287,ок
6165196902,ок
2310212601,ок
6671080799,ок
4826106752,ок
6501152990,ок
2462218291,ок
3203007617,ок
7734405980,ок
3523010908,ок
7610122394,ок
0544008541,ок
7214009067,ок
7701862903,ок
5246034383,ок
0608000318,ок
7811532111,ок
7536181129,ок
1832156717,ок
6319203542,ок
7456044800,ок
7716687066,ок
8601054510,ок
5503249586,ок
2466280244,ок
7720455477,ок
2320205280,ок
7707832207,ок
5002106241,ок
5103300213,ок
5047181626,ок
4826059284,ок
0275913559,ок
7602127335,ок
6623115522,ок
7733294690,ок
3812140529,ок
7703657787,ок
7733818520,ок
6732146168,ок
7727852040,ок
3528062811,ок
0506002813,ок
5042124007,ок
4501119124,ок
3257056297,ок
6629013848,ок
7719082044,ок
1435349624,ок
5024154256,ок
7612048192,ок
3334000238,ок
7725730198,ок
6316105064,ок
5035030735,ок
3917043970,ок
1840068670,ок
7731432513,ок
2310163464,ок
6686084281,ок
7203447823,ок
7802621171,ок
5506076412,ок
7816158771,ок
2311159774,ок
5603038250,ок
4345020340,ок
5507237461,ок
2312096630,ок
3108008219,ок
2457088216,ок
0571008251,ок
5903044618,ок
7719835114,ок
7729664235,ок
7536131978,ок
2721253234,ок
1431014120,ок
6611007603,ок
7447078560,ок
9103082185,ок
0816020900,ок
7602084201,ок
6318244232,ок
7716589774,ок
7807387775,ок
1660284030,ок
6950110877,ок
5403029837,ок
2459020277,ок
1656105577,ок
2315077184,ок
7802620837,ок
9709067851,ок
7203189481,ок
7720832630,ок
7825053207,ок
1660191628,ок
7715901870,ок
7736261075,ок
2130198940,ок
7806520079,ок
9725041089,ок
1652020812,ок
5507225843,ок
7814685412,ок
9704052562,ок
5017076159,ок
3666209875,ок
7801578734,ок
7453235959,ок
4003013380,ок
9704075231,ок
7716780474,ок
0603017290,ок
2014262000,ок
3245508830,ок
5032300373,ок
7804515813,ок
7810466748,ок
7714501245,ок
5260250668,ок
6027101800,ок
9102053061,ок
7820311373,ок
7017415380,ок
9102005004,ок
9103002782,ок
3327132106,ок
7806436290,ок
3123387667,ок
9701036876,ок
6670314892,ок
1657243900,ок
6234020719,ок
7810659115,ок
4826076233,ок
3111006028,ок
0272910172,ок
1661060882,ок
9701105960,ок
5029194051,ок
8602259703,ок
6164300815,ок
7811585473,ок
9200011197,ок
7716819160,ок
5024185247,ок
0268029236,ок
7718280029,ок
2634054578,ок
7743191069,ок
5249127903,ок
1658129816,ок
7725108773,ок
3801110970,ок
1659160907,ок
7727494877,ок
2902060812,ок
4704055229,ок
2225079613,ок
7100001868,ок
5047068564,ок
7736282830,ок
7802690062,ок
7733337505,ок
7703464707,ок
0533010669,ок
0543015497,ок
7735181980,ок
9102155401,ок
9724057375,ок
2536108289,ок
5430000971,ок
2540092867,ок
2723130767,ок
2724185751,ок
2540219425,ок
2536109162,ок
7536128502,ок
2723055559,ок
2536323631,ок
2543149751,ок
2538082413,ок
2724169799,ок
7841334942,ок
7825693430,ок
2705092163,ок
2538057551,ок
2724151128,ок
1434048737,ок
2703104582,ок
2536092127,ок
2723112285,ок
2722128772,ок
2508131462,ок
2502027183,ок
4101095084,ок
6167108796,ок
7455021776,ок
5638076627,ок
7327031144,ок
9704161642,ок
7804186189,ок
2508126960,ок
5610160710,ок
2724168837,ок
9718102870,ок
7718842373,ок
2308265444,ок
5017092062,ок
7813474909,ок
7806519394,ок
6452103274,ок
2539105222,ок
2543025690,ок
6501290319,ок
1656060372,ок
0571036097,ок
6311129576,ок
3123486869,ок
9731076259,ок
3327831471,ок
7707810595,ок
2635253368,ок
5018180120,ок
1832107660,ок
9102029710,ок
2453012311,ок
6330023952,ок
2310139704,ок
6662079275,ок
3812018840,ок
7714984987,ок
6685110411,ок
7704785534,ок
7714299413,ок
7702348338,ок
7702416147,ок
5902888746,ок
6316120680,ок
1832138549,ок
7718908112,ок
6671445697,ок
7838502153,ок
3810322114,ок
0917025905,ок
1655450193,ок
9704133959,ок
7810176090,ок
9701150000,ок
2309074890,ок
9723078140,ок
7801329632,ок
2635214190,ок
7839443197,ок
1655256284,ок
0711018573,ок
7720441146,ок
3666214949,ок
7729432298,ок
5259130729,ок
7733357413,ок
7731448753,ок
8603132450,ок
2311320448,ок
9718001751,ок
4632036048,ок
5906148686,ок
5257069684,ок
2309141321,ок
5018081120,ок
7802794671,ок
7722497105,ок
7736613584,ок
2129049292,ок
5829006532,ок
7202170424,ок
5037060767,ок
7725492673,ок
9715228345,ок
7725551054,ок
7725456298,ок
6168116870,ок
5610058191,ок
7729459966,ок
6685195239,ок
6905044301,ок
6950081087,ок
2724192406,ок
5405460693,ок
9710078784,ок
7721092321,ок
5406780819,ок
2801194256,ок
1657239005,ок
7751173151,ок
2543125207,ок
2465094260,ок
9102024078,ок
6952320319,ок
9703015960,ок
5959002786,ок
2465178008,ок
6234101950,ок
3915504175,ок
2538112146,ок
5017041727,ок
5007096269,ок
7202213491,ок
7720817818,ок
2312196000,ок
5638078688,ок
2723128408,ок
4826138105,ок
7814487724,ок
6220008172,ок
0278189013,ок
5506146860,ок
6908015877,ок
3849006713,ок
6164121157,ок
6166085070,ок
3811029461,ок
2632805892,ок
5618011029,ок
5506069366,ок
6501208434,ок
8602256702,ок
5009088601,ок
5022057585,ок
5507221366,ок
1654042836,ок
5009084580,ок
1655467951,ок
5002005282,ок
0278972094,ок
9729316922,ок
2308272152,ок
4501145830,ок
5260150039,ок
3445124609,ок
8709908380,ок
3620012805,ок
4501205119,ок
6143046614,ок
6164279426,ок
7743177219,ок
6316056963,ок
6161040340,ок
3664062419,ок
3527013593,ок
2801206180,ок
7714797909,ок
7743267293,ок
7841445378,ок
2005007677,ок
7743244200,ок
1435154209,ок
3812144837,ок
3127014592,ок
3628007540,ок
1323122600,ок
1327007750,ок
6163148075,ок
3666183850,ок
0549009531,ок
2901202253,ок
6136016288,ок
2801181962,ок
5933005824,ок
7701959831,ок
7451416149,ок
9102001916,ок
2257006093,ок
7225000147,ок
4703118356,ок
7716825630,ок
4401152985,ок
7705965868,ок
3019010382,ок
6319175743,ок
2627022455,ок
9717050033,ок
3662188254,ок
7743087212,ок
5720021645,ок
0547009208,ок
5018204580,ок
6418000737,ок
2632103290,ок
4632187343,ок
6441019888,ок
2009000087,ок
7811613314,ок
7802202406,ок
7203475919,ок
2014005901,ок
5259136738,ок
7728828000,ок
7452113771,ок
5406605535,ок
0573001678,ок
0274972287,ок
3257041773,ок
3102201978,ок
2225187810,ок
2120004040,ок
7810438067,ок
7811342103,ок
9721073241,ок
5024181838,ок
4345328713,ок
6673149728,ок
7708102436,ок
1657124526,ок
2301087390,ок
7453345856,ок
6311120220,ок
0326542993,ок
4501090108,ок
2540215942,ок
9103013350,ок
4027085217,ок
1651074773,ок
7714392885,ок
6714025315,ок
0309013943,ок
7602137894,ок
7536078516,ок
2457049753,ок
5836670720,ок
9701211373,ок
5007095875,ок
6501175891,ок
7205013363,ок
3443139180,ок
7804645509,ок
4025445337,ок
7724717613,ок
5638073200,ок
6685179477,ок
6674369613,ок
7720291726,ок
5612066222,ок
5256182937,ок
4205049702,ок
7813294991,ок
6670136287,ок
6318235862,ок
7811317837,ок
7802361935,ок
2222077174,ок
7702413026,ок
7710573400,ок
6950108726,ок
7814462670,ок
7728756099,ок
9704105831,ок
5837068099,ок
4205303780,ок
8602167918,ок
7813570948,ок
6950194700,ок
3123328816,ок
5018159143,ок
7716618263,ок
6686086480,ок
2311245889,ок
2722120861,ок
1655421756,ок
7743358198,ок
6230064401,ок
7203214459,ок
7203371772,ок
7705729170,ок
8604034871,ок
4205052737,ок
7810846877,ок
1657096685,ок
7725372190,ок
7729476030,ок
7706672494,ок
6382020906,ок
6439090548,ок
2306026120,ок
6672196612,ок
6670422200,ок
6673132724,ок
6670167528,ок
6670196906,ок
6671077940,ок
6679071411,ок
6659169296,ок
6670429727,ок
0561043779,ок
4821036808,ок
4821014995,ок
7725445835,ок
7716706992,ок
0276135566,ок
0275075025,ок
3123169066,ок
2465330968,ок
2466126860,ок
6413009430,ок
9204571168,ок
6633019480,ок
5903140142,ок
1400009088,ок
5406767014,ок
6027143279,ок
1659178171,ок
1645020307,ок
0267019387,ок
4206024725,ок
3419010877,ок
5027083733,ок
3811443680,ок
2304062972,ок
5190047155,ок
6027109430,ок
7206016423,ок
3437013334,ок
4313106098,ок
7451449183,ок
7801468611,ок
1655180155,ок
0816002330,ок
6143056154,ок
3459070022,ок
5405361847,ок
7702643848,ок
4101006768,ок
0545018888,ок
3022003466,ок
0264072576,ок
7726408498,ок
3122503776,ок
5403173051,ок
9705172742,ок
1001346300,ок
6165078698,ок
4821012596,ок
4027055565,ок
0207006055,ок
1633608077,ок
6315018549,ок
5038099044,ок
6148013115,ок
1435360650,ок
3528180533,ок
5044118055,ок
4632095371,ок
2918007035,ок
1001177997,ок
3702156244,ок
2635094975,ок
2223577370,ок
7801325927,ок
5405341390,ок
6234126553,ок
5260436743,ок
6319096072,ок
1615015194,ок
7536091281,ок
7536093610,ок
5503166509,ок
6453122696,ок
7603000500,ок
7707109710,ок
7610087301,ок
7610087291,ок
7327041840,ок
3906246680,ок
3923003260,ок
3905052226,ок
7202124594,ок
8605023417,ок
6829095260,ок
7705619988,ок
8602027491,ок
8617023595,ок
5502051600,ок
4719026238,ок
7840053441,ок
5507263581,ок
5609066303,ок
2014016533,ок
5902176234,ок
3804004064,ок
7536066253,ок
7805781254,ок
7706817750,ок
3908603496,ок
0277946704,ок
9723130946,ок
5074076645,ок
3918011080,ок
0904006542,ок
3906316601,ок
6234002445,ок
1659174280,ок
3447027760,ок
6140003242,ок
6165145802,ок
2308207481,ок
0278215785,ок
7716906617,ок
9729086556,ок
6670290715,ок
2540212331,ок
7810419219,ок
7736346057,ок
7728449852,ок
1840029790,ок
3257059354,ок
4823077334,ок
2312136650,ок
7720138220,ок
0702007173,ок
1655294610,ок
5053068795,ок
7804671989,ок
7814378429,ок
7713557100,ок
2312276216,ок
7203357312,ок
1656099355,ок
9731094635,ок
2625034511,ок
5020087143,ок
3702176307,ок
3702116756,ок
6950038300,ок
3460080402,ок
1831151970,ок
1831153030,ок
9721094957,ок
1840035755,ок
7724462517,ок
9715416300,ок
1119001966,ок
9704068509,ок
7719758572,ок
7811004802,ок
3662993123,ок
7727421974,ок
3817043783,ок
3817024117,ок
3817026548,ок
0225010470,ок
1659110896,ок
1658073480,ок
7719767827,ок
0725008712,ок
7726397976,ок
7727270490,ок
7714445008,ок
7714470533,ок
7203419294,ок
0608041995,ок
5038095882,ок
6229033712,ок
1327019308,ок
2463235250,ок
7606077710,ок
6820024345,ок
6164124951,ок
6658394193,ок
5208000070,ок
7839473240,ок
6501282808,ок
8602180348,ок
4825110587,ок
2724208046,ок
0278167154,ок
5407005121,ок
3849011618,ок
4028042209,ок
3123357246,ок
5407975401,ок
9103005737,ок
7202209086,ок
2536175729,ок
4228008371,ок
7604315800,ок
6330056299,ок
1400008863,ок
7801638790,ок
3016043781,ок
9102049763,ок
5610051862,ок
2310223730,ок
1658153135,ок
2312200175,ок
2536148933,ок
1513054701,ок
5034001957,ок
1655256679,ок
7328047041,ок
5042114263,ок
7203244407,ок
7707460559,ок
7706789407,ок
6685029520,ок
5320007396,ок
7203331191,ок
7325116138,ок
2632808237,ок
7733801886,ок
7701704135,ок
7805403855,ок
9721070410,ок
7203383440,ок
2130156997,ок
5001041739,ок
0278932479,ок
7203460574,ок
5902808910,ок
1657220036,ок
7701859675,ок
6670319107,ок
7724184740,ок
5404523005,ок
7810843354,ок
7716859942,ок
0608040984,ок
5501207245,ок
5405402620,ок
1841088541,ок
9102064810,ок
3128035429,ок
7524013240,ок
6166104118,ок
7743748430,ок
3126010161,ок
7733712788,ок
7723704474,ок
9723015252,ок
7708301657,ок
6620015311,ок
2901206949,ок
7806228860,ок
7203256184,ок
6167052448,ок
9710028102,ок
6501299181,ок
6679075286,ок
4312137030,ок
2222814822,ок
7804627860,ок
5505208095,ок
1658087370,ок
6372014501,ок
3651009464,ок
3460064471,ок
4013004634,ок
4205286090,ок
3702615138,ок
7610096306,ок
2234010745,ок
3661179063,ок
6501272341,ок
7804679515,ок
1840101380,ок
2309157723,ок
0276111477,ок
4824054509,ок
9102249057,ок
5405429855,ок
2224112145,ок
9717013320,ок
7714450914,ок
7706632910,ок
1435212958,ок
4007020275,ок
6450105798,ок
5028022236,ок
1655409117,ок
7107119308,ок
5720023931,ок
7720328905,ок
7733759144,ок
2315212620,ок
6317077194,ок
7814494383,ок
5835089167,ок
7714955256,ок
7733879970,ок
7722404083,ок
7705454197,ок
7707832415,ок
7727792182,ок
0541025531,ок
7724426124,ок
9705116547,ок
7723396269,ок
1516617381,ок
5038156359,ок
7751158308,ок
7720811397,ок
9715415698,ок
7722347413,ок
7717688961,ок
7704851378,ок
9723039366,ок
7720797640,ок
1004001511,ок
0527002540,ок
7814640612,ок
4217124545,ок
5904343730,ок
6317122129,ок
7716121880,ок
9717016346,ок
7801278191,ок
7705522601,ок
7728325141,ок
5040159212,ок
6685117456,ок
6501148538,ок
7411023374,ок
1615016134,ок
6230072219,ок
5262268195,ок
7715926762,ок
7202231331,ок
5406322209,ок
7727631139,ок
2311212322,ок
4345133383,ок
5505216434,ок
7810875652,ок
1660273461,ок
7743374513,ок
5904373735,ок
5075036476,ок
9710094176,ок
7814627650,ок
7203420211,ок
7722721646,ок
0276935040,ок
7806349551,ок
7743657222,ок
7714417868,ок
1660346649,ок
0570001912,ок
9103078291,ок
7806127277,ок
6732222980,ок
6679030246,ок
9731058281,ок
5834112423,ок
7328076959,ок
0725003383,ок
3525425792,ок
2721143009,ок
7805498649,ок
7731449027,ок
2013432347,ок
2309105690,ок
3123339487,ок
7810384189,ок
5902994670,ок
7709916124,ок
6820021312,ок
7810941094,ок
7806594708,ок
7453129206,ок
5024046772,ок
2015002854,ок
5404417279,ок
3664095206,ок
7842496897,ок
5406727420,ок
5404012970,ок
7203342411,ок
7704744665,ок
7724299885,ок
5024204330,ок
1647017571,ок
7722282100,ок
7202254071,ок
5074059248,ок
5501205181,ок
7327064220,ок
5501055377,ок
6452054411,ок
7717770038,ок
6163110219,ок
7811376230,ок
7723903945,ок
6449024784,ок
7703579000,ок
7816599374,ок
6685107296,ок
0275914312,ок
5904240830,ок
7820314656,ок
5903998100,ок
7704843987,ок
7720430553,ок
3662261024,ок
5406582302,ок
4824060340,ок
7735530590,ок
7702824788,ок
7733263469,ок
7701340551,ок
3327821890,ок
3811452395,ок
3811147088,ок
7724850397,ок
7720723736,ок
1512015210,ок
6912012621,ок
1655429709,ок
2308131803,ок
2364018907,ок
1515913483,ок
2524142800,ок
0274182271,ок
3808192080,ок
3810336780,ок
3808223645,ок
1515912458,ок
6453092850,ок
7703467472,ок
9725028948,ок
5001069967,ок
6167203023,ок
1658187254,ок
4501215580,ок
6671065705,ок
0276967532,ок
7733772917,ок
6455058171,ок
9729057611,ок
2724151304,ок
5257140785,ок
5262283130,ок
7716715980,ок
7722365638,ок
1655094234,ок
5038042760,ок
7704369069,ок
7733304309,ок
2465218282,ок
5027211181,ок
7722193450,ок
8620021005,ок
1310087050,ок
2721184541,ок
7729771766,ок
7806352265,ок
0276930797,ок
7721697662,ок
2465162618,ок
7801311089,ок
3918013055,ок
3257019182,ок
5047241949,ок
0702722832,ок
2301071520,ок
2703094503,ок
1657073776,ок
1655241263,ок
1658074412,ок
1659181826,ок
1658215511,ок
9719011311,ок
3917517300,ок
3904600060,ок
3904051406,ок
3904020736,ок
3906982224,ок
6415901885,ок
7203362087,ок
9709013119,ок
1650019709,ок
1646031380,ок
1651074220,ок
1841038639,ок
5919012756,ок
1655119785,ок
1651054907,ок
0264070988,ок
5905995640,ок
6163080290,ок
7706577473,ок
1650320730,ок
1650298812,ок
1650333908,ок
7706699898,ок
1650315673,ок
4101163993,ок
4105039556,ок
6229026017,ок
5102046437,ок
5027210830,ок
2902072769,ок
0403004590,ок
7714403495,ок
6671144347,ок
7719739763,ок
7704828107,ок
6027112351,ок
9701093264,ок
7725688193,ок
5024152379,ок
0276157094,ок
0570004261,ок
5040074664,ок
7451258333,ок
2543025957,ок
2311256217,ок
2016002695,ок
0546015311,ок
7456050635,ок
7604259048,ок
2311290634,ок
7722706180,ок
4825018430,ок
4825093525,ок
4632289539,ок
2536308993,ок
7716663611,ок
7726429730,ок
5507254386,ок
9704013355,ок
9723145188,ок
7202188220,ок
3662139240,ок
3528164845,ок
2301092577,ок
6133001029,ок
7116010392,ок
7816235786,ок
5032234459,ок
7447277975,ок
0265043578,ок
0268052852,ок
4703145102,ок
2524004983,ок
7839089926,ок
7716891174,ок
9102270411,ок
5027226445,ок
7743221700,ок
2721238010,ок
7814676249,ок
6670087880,ок
0608043495,ок
7733008229,ок
7708405790,ок
9201003784,ок
9721094080,ок
7447263059,ок
1001186776,ок
5905070532,ок
2456005344,ок
5030084977,ок
7707415556,ок
5034054229,ок
7801106690,ок
9729011159,ок
5257054166,ок
2130166057,ок
7723902349,ок
7728659592,ок
5835136096,ок
4345376964,ок
2318043602,ок
0276151007,ок
1829014776,ок
6312095866,ок
7714854995,ок
7719694625,ок
7714308315,ок
9729089518,ок
9724080896,ок
7718971611,ок
7731646956,ок
7810444039,ок
5405051443,ок
1644056822,ок
1684001516,ок
3814997164,ок
5905049065,ок
9203006580,ок
6314039955,ок
5310013513,ок
3257019190,ок
3257010302,ок
6905024760,ок
2208055965,ок
7701367190,ок
7708367545,ок
3664116304,ок
7727217305,ок
6167100758,ок
5036133758,ок
6439082522,ок
3528199365,ок
3327141005,ок
3662262807,ок
3702510713,ок
7729502932,ок
9723149993,ок
7842198428,ок
7838084379,ок
7743388918,ок
1106014816,ок
7710521804,ок
5246005128,ок
5261096810,ок
9729211239,ок
7719717022,ок
6211005418,ок
0268055490,ок
5262292984,ок
6453083084,ок
7447195994,ок
3904072830,ок
7805606534,ок
7736607654,ок
7704399257,ок
4205051081,ок
4205219111,ок
7726549516,ок
9726003142,ок
2903006448,ок
6820015044,ок
1605003457,ок
2464124874,ок
7708572512,ок
4101189769,ок
7801710100,ок
7709918820,ок
7724323880,ок
7730679973,ок
4205402269,ок
7814784124,ок
2536274952,ок
4720011363,ок
4727002030,ок
4345409419,ок
2466184364,ок
4211017265,ок
6658456643,ок
0608006285,ок
7813561260,ок
0816010941,ок
9102263260,ок
9717119510,ок
3906262674,ок
4345468069,ок
9703092467,ок
9109001979,ок
1645020459,ок
1645031098,ок
1650121357,ок
8603117395,ок
3241006974,ок
7714491090,ок
2465122735,ок
3525007876,ок
2502054250,ок
7814445675,ок
5029237227,ок
7813246282,ок
2315162344,ок
7106048125,ок
2905008190,ок
7804447137,ок
6322037052,ок
7701678502,ок
6671163653,ок
4823025167,ок
4218003173,ок
7705800601,ок
1650297569,ок
9704143450,ок
5903070946,ок
5836312989,ок
4703143592,ок
3664239874,ок
2508127410,ок
7743289466,ок
6168081770,ок
1102024690,ок
7731430481,ок
2540127037,ок
6150075888,ок
5050153467,ок
7811559850,ок
6449016367,ок
5752040601,ок
2302065329,ок
7723724495,ок
6685081827,ок
7106043039,ок
6673210443,ок
5402496420,ок
7451225793,ок
5049022237,ок
7725754791,ок
1660188079,ок
7825413971,ок
7703543324,ок
7714952093,ок
2225138160,ок
7612046332,ок
7802834758,ок
3528107861,ок
2722105856,ок
6950175850,ок
4825030067,ок
7722752281,ок
5903074771,ок
4632175637,ок
6679056452,ок
5405996685,ок
1102075078,ок
6670373545,ок
7710941750,ок
7203279537,ок
7729736320,ок
7728170152,ок
2130053328,ок
2232008902,ок
3444154872,ок
7448190773,ок
8911014549,ок
5003066506,ок
9724094659,ок
5024141680,ок
5403061527,ок
1658185264,ок
7736259982,ок
7725813655,ок
7733580877,ок
5250066733,ок
3435122779,ок
5904214710,ок
5504134860,ок
7707836392,ок
7706108016,ок
5256195260,ок
5256090933,ок
5032277830,ок
3804038514,ок
3235011366,ок
0273918569,ок
7721749543,ок
2320177385,ок
5751040447,ок
7326031649,ок
0524006377,ок
2309075319,ок
9729320051,ок
1609010328,ок
7733506841,ок
6672259781,ок
5018148783,ок
7017297426,ок
7412012640,ок
7017427587,ок
6684011288,ок
2304057228,ок
5405992384,ок
7807228172,ок
7325173915,ок
7701728400,ок
2466103943,ок
9731046840,ок
1435286188,ок
7455000279,ок
7727831064,ок
6730061624,ок
7721653954,ок
7106026403,ок
7719419650,ок
3443098512,ок
7017347525,ок
7707438225,ок
7813636677,ок
3906954146,ок
3525426010,ок
1400013415,ок
5024067275,ок
7721620324,ок
2311220355,ок
3305794280,ок
2308250102,ок
7727421893,ок
7206035024,ок
2311118425,ок
2312238274,ок
1516610259,ок
1215141500,ок
7017096720,ок
7701682812,ок
7116014485,ок
7728391722,ок
6670390653,ок
7723647360,ок
8616012946,ок
7805781293,ок
1686005869,ок
3904068657,ок
4212028365,ок
9725078963,ок
5505000795,ок
6629003208,ок
7202016670,ок
7733648606,ок
9704109032,ок
2221194887,ок
7825670898,ок
6658170059,ок
7702680800,ок
6165183050,ок
1660265252,ок
7724349670,ок
7202207219,ок
6163130769,ок
7203325039,ок
0256995980,ок
5048005158,ок
0277114640,ок
6501191100,ок
7743699254,ок
7714563682,ок
7801648847,ок
3413010687,ок
2319045049,ок
3702149712,ок
3907027747,ок
7732519887,ок
6318010428,ок
3316016933,ок
7704419457,ок
2304074470,ок
2367000898,ок
4205235057,ок
5408184794,ок
9709062042,ок
2463257800,ок
2312196240,ок
2310112974,ок
2311109170,ок
2312164343,ок
2309149440,ок
2312254798,ок
5916013134,ок
2462201876,ок
2464038939,ок
2459019994,ок
1434052010,ок
2465272635,ок
2465124980,ок
2464254778,ок
7718894438,ок
2443025551,ок
2465074697,ок
2466282139,ок
2465155201,ок
8602196796,ок
2465340116,ок
0274946417,ок
6606014468,ок
3851005516,ок
1435229373,ок
5008053412,ок
7718850705,ок
5262221052,ок
6714000261,ок
1435318545,ок
9717108484,ок
2338010651,ок
3116006159,ок
7810457849,ок
1655143876,ок
7839394895,ок
3665070740,ок
9726004393,ок
3123151750,ок
3455052311,ок
5407487482,ок
9103004557,ок
7730279911,ок
7843315102,ок
8504004376,ок
8601056940,ок
5259091967,ок
7719007015,ок
6165114459,ок
6452922964,ок
9102044701,ок
9102027061,ок
9111008322,ок
9110025131,ок
9102015108,ок
9204568574,ок
9102040672,ок
9102220435,ок
2301092633,ок
9102190212,ок
9102036147,ок
9102174027,ок
9104002231,ок
9203000073,ок
9102233201,ок
9102039469,ок
7840386722,ок
2312169359,ок
5615012497,ок
7801301228,ок
7806154383,ок
4205282032,ок
5112301742,ок
3917508658,ок
4205403294,ок
5022055355,ок
7751060214,ок
5250057802,ок
6623106711,ок
5024186473,ок
7704354947,ок
3208004031,ок
9102021253,ок
2312306326,ок
2311152257,ок
2321015877,ок
2312261996,ок
2360009228,ок
2311317879,ок
2315121595,ок
2336018535,ок
4909063020,ок
4202049359,ок
4205066257,ок
4205304776,ок
4205262371,ок
5013050664,ок
7743927888,ок
2223620957,ок
5451202390,ок
4501212814,ок
4501191811,ок
7801316344,ок
6518009282,ок
2013428781,ок
4632220287,ок
4632046085,ок
4631000190,ок
4253007903,ок
7413014914,ок
7707441676,ок
1661049543,ок
4825130255,ок
7810412735,ок
7810552845,ок
7806120578,ок
7704444319,ок
7813660616,ок
7805148651,ок
7841007631,ок
7715866954,ок
8603182387,ок
9724084266,ок
1840092672,ок
2625040191,ок
9722016380,ок
6670417440,ок
3304015780,ок
7721506798,ок
7723374071,ок
2331015643,ок
5107912619,ок
7705455715,ок
7814562403,ок
7810080504,ок
7826157671,ок
7726688647,ок
9102020605,ок
6658473007,ок
6330061669,ок
2301084030,ок
7713468958,ок
7810410939,ок
7840438730,ок
1840014882,ок
7802808155,ок
7807175361,ок
7811479098,ок
4011026382,ок
7701780217,ок
7132003699,ок
6315630399,ок
9702039291,ок
9705174299,ок
7842378050,ок
1435148830,ок
7842386407,ок
7802610081,ок
7801520484,ок
7810591795,ок
7816581391,ок
7810414281,ок
7804549308,ок
7802922210,ок
7814236640,ок
8904068712,ок
7838477080,ок
6163076649,ок
4345171220,ок
5837011938,ок
3804048745,ок
5903033260,ок
2465305721,ок
7225005025,ок
4712024168,ок
1657205817,ок
3906958310,ок
5029105728,ок
7722412888,ок
7804576862,ок
7733274950,ок
9726004001,ок
5406365756,ок
1628000036,ок
5257013995,ок
2721249319,ок
6367061513,ок
7728750361,ок
0274970508,ок
6902033460,ок
4613006383,ок
7728616951,ок
9722000020,ок
7725646242,ок
0268082783,ок
7719158381,ок
6514009098,ок
5020050390,ок
2319061160,ок
7612048040,ок
7327051253,ок
1840023076,ок
8614007845,ок
6684027224,ок
9701156059,ок
2001000078,ок
3255501249,ок
5407488800,ок
7729469065,ок
2127026067,ок
5906072613,ок
3528314667,ок
2130152914,ок
7806597096,ок
0268067023,ок
1656105584,ок
6141048510,ок
7813595195,ок
6674377519,ок
3123334023,ок
4825087899,ок
6950188979,ок
3652007325,ок
5610049214,ок
5031113772,ок
3917022667,ок
3804053255,ок
3804033763,ок
1651063066,ок
5001125442,ок
3906261141,ок
0257005956,ок
7725309744,ок
7806319557,ок
9727005350,ок
6155065795,ок
3250066063,ок
9731066839,ок
4345074723,ок
7722862936,ок
7814485325,ок
6147000917,ок
7327090848,ок
9704165830,ок
7840457846,ок
6141046190,ок
7733272590,ок
5259007355,ок
2463256250,ок
5032029202,ок
2320209044,ок
9702027306,ок
7838397830,ок
7716671732,ок
1648039659,ок
5403323123,ок
1655096560,ок
7203328537,ок
7816447928,ок
6508010306,ок
3257500000,ок
7709997500,ок
5518007340,ок
6161085327,ок
0274925865,ок
6674200102,ок
7811598426,ок
5032234040,ок
6449101728,ок
7704512223,ок
7807080991,ок
7801712235,ок
7814613908,ок
5190112809,ок
5406818050,ок
9731006501,ок
9701170014,ок
3525356732,ок
7743140804,ок
3808174099,ок
7203184211,ок
1650086215,ок
7805619205,ок
4401186409,ок
5404089726,ок
9704104595,ок
7743226956,ок
0274936786,ок
7805777138,ок
7805446048,ок
5027175247,ок
7709534245,ок
0510010310,ок
3128055930,ок
3128086222,ок
5047181898,ок
0274154468,ок
5027138132,ок
3019009676,ок
7705657648,ок
6372021844,ок
7708329331,ок
0278214580,ок
1511027156,ок
2533007317,ок
7709952115,ок
9109000710,ок
1435317647,ок
3662249210,ок
7707396423,ок
7842466003,ок
6002004428,ок
9102206230,ок
7606129069,ок
7727702527,ок
7456000698,ок
4909129513,ок
7444060237,ок
0516009938,ок
1656103160,ок
7702452152,ок
3906159645,ок
6439087947,ок
5045062126,ок
7323004140,ок
6165167732,ок
4704075514,ок
5260428213,ок
7724908262,ок
2308265050,ок
3120100228,ок
2102002410,ок
7727491178,ок
1816001402,ок
1816004227,ок
7602047680,ок
7723382403,ок
1628010771,ок
7719498469,ок
0105027747,ок
6504026591,ок
0603003040,ок
7733333772,ок
6230039620,ок
8602201830,ок
7802702487,ок
4703079523,ок
7206024336,ок
6234176258,ок
1215076675,ок
7708567079,ок
3301033301,ок
5431106280,ок
2502033250,ок
2508129897,ок
5406420870,ок
0263009652,ок
3025002478,ок
5404432220,ок
5002080787,ок
0273944537,ок
2721109181,ок
3701047281,ок
2724085411,ок
7743114346,ок
7802822488,ок
6454084860,ок
5405455478,ок
2723161645,ок
2130045775,ок
1835020320,ок
7709914053,ок
6658460625,ок
5034058375,ок
4202051862,ок
4205234624,ок
6232006282,ок
7805271101,ок
8601026657,ок
5040069664,ок
2508069743,ок
4102007570,ок
7811321390,ок
7702824410,ок
6166096107,ок
6317069891,ок
5010036580,ок
3811450461,ок
7801138652,ок
7805088378,ок
7611996807,ок
5029257583,ок
7801661809,ок
7325176183,ок
7714299854,ок
2204054375,ок
1658049374,ок
7820023103,ок
2631038458,ок
0571036080,ок
6678100645,ок
7815022577,ок
7839015191,ок
6164108822,ок
7725837504,ок
7840101198,ок
3528092830,ок
7705543506,ок
7706417617,ок
1655194253,ок
5405071087,ок
7722409324,ок
2631030829,ок
8620024038,ок
7751012718,ок
0522017341,ок
4345005529,ок
4307011419,ок
2311262468,ок
7716532792,ок
7727767563,ок
5614071450,ок
5903118362,ок
7726445034,ок
7810738462,ок
6165156508,ок
1831175611,ок
5504043588,ок
2464116626,ок
9723141232,ок
6672185931,ок
3907000135,ок
7751100971,ок
3123438858,ок
5406999230,ок
5226014364,ок
7612046808,ок
6908017360,ок
5002004024,ок
7704592660,ок
3525271359,ок
7805426517,ок
7726604125,ок
4825060880,ок
4217152045,ок
0274184367,ок
2801170350,ок
1200005209,ок
7810998446,ок
7725127342,ок
1650103326,ок
7727272987,ок
7719417526,ок
3662235948,ок
2373003784,ок
7710573626,ок
7723436264,ок
9102270651,ок
7801613548,ок
7715658619,ок
2464256334,ок
5610213489,ок
5029244552,ок
7717161692,ок
7704442569,ок
5610151419,ок
7726761368,ок
9723095900,ок
7722387769,ок
5262325157,ок
7725292307,ок
1628006045,ок
2461024536,ок
7719436039,ок
5050092278,ок
6234067587,ок
7203241879,ок
7727663540,ок
9102000581,ок
2635098585,ок
7811722923,ок
7842163129,ок
0541026038,ок
2904026310,ок
7714625265,ок
4900004654,ок
5406043251,ок
1647011192,ок
4501175947,ок
5040129867,ок
0277120442,ок
0411162505,ок
4825100282,ок
4825100290,ок
4825038330,ок
3528027790,ок
4823056870,ок
0276917147,ок
3442091754,ок
6658128875,ок
7813412109,ок
6912011988,ок
7814417685,ок
6671199547,ок
4825127816,ок
6163104536,ок
9723141923,ок
7804360140,ок
7446048965,ок
6445001480,ок
7722855801,ок
1840032881,ок
7734414569,ок
0267016107,ок
3810060162,ок
1901056410,ок
7736609210,ок
1215060925,ок
1639036411,ок
6623085268,ок
7727851825,ок
7810382463,ок
5008045362,ок
6949107196,ок
1434000485,ок
0276961266,ок
7104504693,ок
2308237366,ок
7813184156,ок
4027064619,ок
5262283965,ок
6446011681,ок
7807079481,ок
7722483335,ок
5410057666,ок
7726444150,ок
7727470812,ок
2224126532,ок
7716851502,ок
7810750780,ок
2635220034,ок
7328074775,ок
7202204320,ок
6319167855,ок
9701113190,ок
7718608341,ок
7716938288,ок
1659113583,ок
7723881843,ок
3906292083,ок
1601007387,ок
5501184848,ок
1433027364,ок
6731029197,ок
7725360758,ок
5020085964,ок
5038163042,ок
7802577645,ок
7814648869,ок
1327032115,ок
5402056130,ок
1101133369,ок
5074068588,ок
5009114989,ок
3528184270,ок
0326496419,ок
2632083929,ок
7733590667,ок
5040157254,ок
7733271597,ок
5234003052,ок
1611290305,ок
7203358059,ок
5027304710,ок
3804051522,ок
6154568429,ок
3664237450,ок
4632102526,ок
7720740932,ок
6318234481,ок
1658179870,ок
4025461000,ок
3443097300,ок
1651046310,ок
2368003411,ок
5835025773,ок
2130123663,ок
7816095810,ок
7842183943,ок
6820019610,ок
2315100323,ок
5040120896,ок
7729527775,ок
7722386420,ок
9701042975,ок
1658152572,ок
5007098202,ок
6658070216,ок
6317061349,ок
2636219761,ок
5024138342,ок
9722024590,ок
2311124436,ок
6714031020,ок
7802655420,ок
7804488359,ок
7814709448,ок
7604357870,ок
0107030505,ок
6518009067,ок
5904062514,ок
3017055684,ок
9102056626,ок
7713799678,ок
7726407600,ок
5029171030,ок
3257023679,ок
6670350971,ок
7719686769,ок
9718179093,ок
5720023498,ок
5029105453,ок
5047194167,ок
2222850771,ок
6950240594,ок
7206061592,ок
6311162735,ок
7327090005,ок
6234156156,ок
2918009674,ок
0105037625,ок
3906963038,ок
7725375056,ок
6952026613,ок
5409231398,ок
6340007269,ок
7716787737,ок
0542035645,ок
7730699352,ок
9718003519,ок
7840505384,ок
3906278360,ок
7811734848,ок
6732028326,ок
7328044026,ок
6316172423,ок
2367000802,ок
3666183730,ок
5020077378,ок
7722333347,ок
3811042751,ок
7807130184,ок
7728881702,ок
5407976130,ок
3329078990,ок
9703107184,ок
0523013205,ок
3823031289,ок
5047193100,ок
6609010430,ок
5250071243,ок
3102014449,ок
2635243465,ок
0105018340,ок
3123022240,ок
6684027070,ок
5503214223,ок
7302015052,ок
1801005524,ок
7113065820,ок
2369003439,ок
6018008770,ок
4630022674,ок
3801110716,ок
7811419892,ок
3801141200,ок
7530009410,ок
1837014480,ок
6952316993,ок
7325134352,ок
5040165209,ок
2130140242,ок
5038142162,ок
4345120828,ок
2634094228,ок
5410089202,ок
4253010014,ок
8602282950,ок
8905050436,ок
6612026729,ок
7328058318,ок
5010049389,ок
5040118784,ок
6314023257,ок
0274922310,ок
4020006086,ок
6316194787,ок
2315119910,ок
9718070956,ок
4705077507,ок
1841073418,ок
6658485725,ок
3663097095,ок
6950181317,ок
5911056991,ок
5038081985,ок
5528026969,ок
8601049319,ок
4345394032,ок
4415008371,ок
4205085115,ок
7727756850,ок
6452059466,ок
8401006290,ок
7706807342,ок
5211759861,ок
9705129521,ок
5041203520,ок
7735153655,ок
7707405300,ок
7724478556,ок
5047209818,ок
9703109706,ок
7720825512,ок
5040086405,ок
5032284467,ок
7718083790,ок
7704352065,ок
7707416084,ок
5024151777,ок
7718219049,ок
3631007645,ок
9725042396,ок
7727383937,ок
9719024430,ок
5040097809,ок
5404095014,ок
7814292605,ок
4401104830,ок
4345319606,ок
5407968771,ок
5001107429,ок
0274933344,ок
7717668010,ок
7716245621,ок
7804397616,ок
3305050393,ок
7722716195,ок
5009116873,ок
6623075622,ок
7703421799,ок
7730233787,ок
0323376530,ок
7725385907,ок
4708019133,ок
6230113899,ок
7716653620,ок
7721746341,ок
7751145700,ок
7714414338,ок
6316208687,ок
1660337732,ок
7722486897,ок
1833056923,ок
7708396313,ок
7734421485,ок
7728437938,ок
5258105952,ок
2902067783,ок
5402499124,ок
7722862012,ок
7743785224,ок
6670416862,ок
6670416870,ок
7728381467,ок
7703561757,ок
5191401786,ок
5105010950,ок
5703005481,ок
3016061276,ок
7619003786,ок
3329078542,ок
7116505148,ок
7704311693,ок
7817327091,ок
7609021377,ок
7727235230,ок
7722707994,ок
5907044087,ок
2628032858,ок
2509200944,ок
5047142176,ок
7727309556,ок
7716664911,ок
1102070961,ок
1435172180,ок
5504074071,ок
7805098168,ок
5244025873,ок
4217060700,ок
5507209714,ок
5261070876,ок
7729781281,ок
7810244569,ок
5038048032,ок
1655015480,ок
4705075108,ок
5017007765,ок
6314042482,ок
5024171406,ок
1657127284,ок
5905253624,ок
2508014617,ок
5006007178,ок
7806239238,ок
7447223553,ок
7805611710,ок
7722655464,ок
7805698045,ок
7806520343,ок
1660338743,ок
1831188593,ок
7805794373,ок
5047115422,ок
1831205880,ок
4712026983,ок
7805615916,ок
7842000950,ок
7805316137,ок
7810869546,ок
7802867224,ок
4707032100,ок
7810328963,ок
5024197362,ок
3123384867,ок
8608048339,ок
6454085020,ок
7825501956,ок
6671076827,ок
7017390111,ок
8610017257,ок
7810922905,ок
5112000706,ок
5407480832,ок
7736331798,ок
6130704168,ок
1646013292,ок
0226005145,ок
0274152118,ок
1659098977,ок
6316148325,ок
3458001107,ок
7801464198,ок
0278937237,ок
3811438898,ок
7204088091,ок
5259022593,ок
0274119713,ок
6319735071,ок
1643012357,ок
0269016617,ок
7302043807,ок
9717098518,ок
3461012290,ок
1650383786,ок
8602004134,ок
2320152729,ок
5260253556,ок
5262372823,ок
5250064567,ок
5260268760,ок
5256171981,ок
5260156249,ок
5261026323,ок
5260404396,ок
5257153390,ок
5259093964,ок
5260422412,ок
1646033806,ок
1660256032,ок
5261083762,ок
7202224800,ок
2315127004,ок
4825096237,ок
3128110940,ок
7710664111,ок
7714919177,ок
2130020989,ок
2705094570,ок
9724076480,ок
7727414582,ок
7801429620,ок
5261086202,ок
3849083122,ок
2315113668,ок
6330052294,ок
6658195053,ок
5044120960,ок
4632064687,ок
3461007412,ок
9729321464,ок
7813638762,ок
5904381599,ок
1326250505,ок
7733343107,ок
7839076420,ок
5017098473,ок
5047154277,ок
3906312607,ок
1435206520,ок
9102235760,ок
0266027709,ок
1657037577,ок
7203448143,ок
6901027577,ок
0917020294,ок
6234027792,ок
7814401325,ок
2315120129,ок
7721756283,ок
3114005544,ок
9718082670,ок
2315021128,ок
2315024577,ок
4017000856,ок
5402565497,ок
5406769692,ок
7707351768,ок
5829101352,ок
7801698076,ок
7206030523,ок
5405409009,ок
7720405300,ок
6143080573,ок
6229034385,ок
3233500097,ок
5612019906,ок
5040078531,ок
0901042285,ок
7017340110,ок
5045041888,ок
7802721578,ок
2443031234,ок
7733719381,ок
7325080202,ок
7718791591,ок
4101138309,ок
6330041775,ок
0722004163,ок
6952041668,ок
5022088350,ок
5503253511,ок
3328423475,ок
9731005226,ок
9702009681,ок
7451399013,ок
6670417055,ок
5031091487,ок
1633608768,ок
7735145710,ок
4205231084,ок
7725449646,ок
7723604952,ок
7813489045,ок
1435231380,ок
7841323250,ок
0323365680,ок
1421009554,ок
7814522739,ок
4909105960,ок
1313000353,ок
7842198442,ок
1657245993,ок
6625026356,ок
7715972180,ок
5406621110,ок
7733311962,ок
8610018780,ок
2536253529,ок
3528258476,ок
8603198901,ок
7802234503,ок
7811533718,ок
4025445778,ок
1650235530,ок
5906049090,ок
7730176828,ок
7715870527,ок
3245514792,ок
7707471776,ок
2801210518,ок
8610015500,ок
0231006673,ок
1660063873,ок
2310099434,ок
6163102916,ок
4028058343,ок
7719232885,ок
5823351324,ок
7716640117,ок
4025416368,ок
0573012581,ок
2222830221,ок
6311068267,ок
7536112238,ок
4401184560,ок
9201002332,ок
7701923320,ок
7714696932,ок
2537100395,ок
5906169566,ок
9724032998,ок
9717029923,ок
5254485478,ок
1655318220,ок
0274176422,ок
4705023445,ок
6452102320,ок
7725715633,ок
7717747568,ок
7708776996,ок
7731318384,ок
7730178367,ок
7131000670,ок
2204023810,ок
7719880950,ок
6319178092,ок
6501140049,ок
7731628594,ок
3666111622,ок
2725071080,ок
0105008744,ок
9724042876,ок
3525384602,ок
5047184352,ок
2511083138,ок
5047180397,ок
7820315709,ок
7724803809,ок
3702055550,ок
7730705990,ок
2628057193,ок
9705115938,ок
0603282034,ок
0273081383,ок
6683000501,ок
1121017628,ок
3666263801,ок
9718148017,ок
7728498137,ок
3917031781,ок
7731395808,ок
7706444321,ок
9718191397,ок
6509000205,ок
5029182923,ок
3906302060,ок
9728067046,ок
9704111747,ок
3804051498,ок
7813392389,ок
3663102348,ок
1650271151,ок
2460088960,ок
2634071929,ок
5506231033,ок
5503250824,ок
2312182303,ок
1001199359,ок
1001169851,ок
1001280955,ок
1841078423,ок
2720059178,ок
7723382379,ок
4101098631,ок
7722783988,ок
6500003219,ок
1841097384,ок
7733851936,ок
5402461191,ок
3257082561,ок
2901285115,ок
2308256739,ок
0278166584,ок
7714671060,ок
7718814249,ок
3123427912,ок
2465215637,ок
7716718370,ок
4826129380,ок
7733389126,ок
7729787117,ок
0273074530,ок
6027052800,ок
7715680886,ок
4205330494,ок
7805282671,ок
4004021545,ок
2503032764,ок
6165227879,ок
7726393851,ок
7723428577,ок
6315558311,ок
5752071920,ок
5720016317,ок
5638064815,ок
5609080690,ок
7731293115,ок
2130007836,ок
2015001931,ок
7736316581,ок
7714956556,ок
9718198040,ок
7705861883,ок
6320039520,ок
2222898269,ок
7714480186,ок
7728592323,ок
2016003057,ок
1649005395,ок
7706577508,ок
7805388815,ок
6367002405,ок
7804320684,ок
3128091409,ок
0261021380,ок
9715416317,ок
9710027483,ок
7811726780,ок
1435307046,ок
7725716130,ок
7713191304,ок
7602096366,ок
1654043580,ок
5027212932,ок
1639009457,ок
8602026226,ок
6501117716,ок
6234062483,ок
6658526001,ок
6025025368,ок
4825147690,ок
5007081135,ок
7810795252,ок
2130092711,ок
7727181240,ок
5260011099,ок
6612031983,ок
9108000348,ок
1215119495,ок
7100014708,ок
5406825393,ок
5406825516,ок
5406825428,ок
3245007217,ок
7816476767,ок
3620014376,ок
3620011738,ок
7707729707,ок
1639051138,ок
6141046200,ок
7728188311,ок
7728757423,ок
3811142280,ок
4205069071,ок
8904037471,ок
7451236548,ок
7840092218,ок
7704414716,ок
5903113300,ок
1650053957,ок
2430003448,ок
7724319789,ок
6161074477,ок
7418021129,ок
2352053777,ок
2464246819,ок
3804035231,ок
7727765140,ок
2130141422,ок
1108018950,ок
0917015671,ок
7801316190,ок
0278205674,ок
5407494810,ок
3601008024,ок
9723036774,ок
9723150685,ок
7722498853,ок
9715336573,ок
1655283697,ок
5903110050,ок
2349006696,ок
6433007247,ок
6674353525,ок
9102044229,ок
7813271240,ок
7604331583,ок
3808203046,ок
2635234742,ок
2317054802,ок
6912009019,ок
9102203020,ок
7425003730,ок
7729573348,ок
7811183069,ок
7714388920,ок
0274183451,ок
7801580236,ок
7725620340,ок
5451105936,ок
1828007945,ок
2612018167,ок
2455032987,ок
4236000440,ок
1635004257,ок
0277055070,ок
6501221844,ок
6162059009,ок
0225004830,ок
7813484495,ок
3257069730,ок
7203168121,ок
5403190900,ок
5905287253,ок
5905239490,ок
1821014044,ок
0517010044,ок
4025077725,ок
7814296705,ок
7728883629,ок
7751147955,ок
6381020188,ок
2225123975,ок
5030088481,ок
9103075830,ок
3525430601,ок
6317145006,ок
7724730220,ок
9705110520,ок
7838460778,ок
7805650702,ок
7810741105,ок
7804514263,ок
7826004636,ок
7810451660,ок
7813439894,ок
7801223097,ок
7810565523,ок
7841391556,ок
1001335932,ок
5077020986,ок
3410103510,ок
7842411332,ок
7811197985,ок
7802490056,ок
7804384374,ок
2308111042,ок
5024213744,ок
6439089052,ок
7813361736,ок
7733627162,ок
9705143660,ок
0572006514,ок
7811268393,ок
7708777679,ок
7810489590,ок
7811176505,ок
7807230679,ок
6685116389,ок
4703076040,ок
5009109428,ок
8602012061,ок
5024123963,ок
7841042298,ок
3448034047,ок
7703433770,ок
7842127970,ок
6670459753,ок
1901052630,ок
7719866419,ок
1319000649,ок
5451110132,ок
5751061158,ок
3702009521,ок
1215101547,ок
4105025225,ок
7804661677,ок
1604010388,ок
0274172160,ок
6452087054,ок
6453119541,ок
7326043436,ок
5803028429,ок
6455056417,ок
2722079701,ок
7708699780,ок
5401360673,ок
9715246513,ок
9715273108,ок
7724307279,ок
6234070861,ок
3665100339,ок
3665110168,ок
3706016760,ок
9721042885,ок
2308164566,ок
5007094590,ок
5031125908,ок
5022016797,ок
5003115337,ок
1207004807,ок
5262259257,ок
2204017599,ок
6312101439,ок
7460035291,ок
7810286022,ок
7621007629,ок
4212127060,ок
1400008165,ок
3128007037,ок
6161064479,ок
5902165923,ок
2901258263,ок
2901089696,ок
0523005701,ок
1327022438,ок
7604195041,ок
7447270183,ок
9103011297,ок
4707040580,ок
4501015936,ок
4029051541,ок
2335062764,ок
2335010131,ок
7711090822,ок
1651080985,ок
6234101911,ок
1660312294,ок
7715407742,ок
6685098806,ок
7805796959,ок
7722858506,ок
7810937316,ок
9102020669,ок
6455001697,ок
2130103748,ок
7724750184,ок
5402036158,ок
7733633141,ок
7203354590,ок
7811705170,ок
0255023639,ок
7704342067,ок
5029112806,ок
5501182054,ок
1833037769,ок
6450098276,ок
7017414235,ок
7806334160,ок
7726508005,ок
7801600676,ок
2801262033,ок
5904295075,ок
5944002712,ок
5952006622,ок
4708005780,ок
5050088994,ок
9731079316,ок
4317006111,ок
4317007242,ок
7714341707,ок
2014033546,ок
5407970756,ок
6231032762,ок
8610025723,ок
6684005460,ок
9701048448,ок
2723200502,ок
4253032522,ок
7720446930,ок
3702124531,ок
5433964607,ок
6163105473,ок
7017421930,ок
7726291994,ок
5614063280,ок
3102038270,ок
7734374066,ок
7811637499,ок
7605022531,ок
3019016289,ок
7816141030,ок
5405433883,ок
7717742432,ок
7710866132,ок
9724068715,ок
4023011285,ок
7802826500,ок
2635211248,ок
7447306305,ок
3666195326,ок
5261115460,ок
2320251649,ок
2537129250,ок
7718842380,ок
3906397375,ок
7720504621,ок
0274149588,ок
1435301012,ок
1655211269,ок
5040139343,ок
7202152305,ок
9721052516,ок
5046075625,ок
7802739053,ок
5905256640,ок
3851994281,ок
7202088233,ок
2130111555,ок
5905025730,ок
5504136842,ок
7802342428,ок
5905255501,ок
1326223981,ок
5642021797,ок
7814203997,ок
1648036070,ок
7706800259,ок
4712023870,ок
3128110845,ок
5310020302,ок
5905015027,ок
6950186629,ок
7751191344,ок
5836683912,ок
7751132500,ок
7734346527,ок
5032223697,ок
5501087435,ок
3018310640,ок
7807378788,ок
7447245469,ок
4205280010,ок
2464047362,ок
5501104634,ок
1660284551,ок
7017347839,ок
7453136073,ок
0326484614,ок
6660139088,ок
8602153626,ок
7017122578,ок
5044080411,ок
9729009255,ок
2536201841,ок
7452074410,ок
5260455520,ок
1430008652,ок
3009010792,ок
9201001963,ок
6164290564,ок
7717154455,ок
2227003722,ок
6671458086,ок
6229079330,ок
1435121718,ок
7720095859,ок
2409001423,ок
4028002990,ок
5440108420,ок
9723049396,ок
7203353149,ок
1328002794,ок
2452020415,ок
5906123875,ок
7841087860,ок
0274964938,ок
1327030453,ок
5948044431,ок
6623051325,ок
7731283269,ок
6670400929,ок
2463101546,ок
1639056866,ок
3528230914,ок
1660150734,ок
7720758834,ок
7814662510,ок
4238021452,ок
1614012176,ок
6321416509,ок
1650216030,ок
2222839841,ок
6234169130,ок
6319093949,ок
5506044210,ок
4207010450,ок
6227008333,ок
1215095396,ок
1655211580,ок
2320231071,ок
1901057460,ок
7445016858,ок
4704060074,ок
9725001287,ок
1648036601,ок
5250070930,ок
3329039825,ок
5835104440,ок
1001283040,ок
2905009420,ок
6670405500,ок
2903003743,ок
7455019110,ок
6658399875,ок
5243019316,ок
7445039975,ок
7728373956,ок
5078008935,ок
1513043241,ок
2443021620,ок
7729774090,ок
8911029432,ок
3664245290,ок
2223626243,ок
6950164632,ок
7448146076,ок
6658460840,ок
2464125998,ок
7706442589,ок
2466181691,ок
7734001650,ок
6367040859,ок
6950034231,ок
6453104827,ок
7719232959,ок
3804032390,ок
0263017082,ок
7718184043,ок
7714801305,ок
1102061389,ок
6501251937,ок
7810685806,ок
5401380285,ок
7445038770,ок
7736281610,ок
4205114694,ок
5249053458,ок
5257068722,ок
2801227222,ок
2902053526,ок
2902053117,ок
2320198804,ок
9703069041,ок
9728053117,ок
3665060478,ок
2204088462,ок
5603036599,ок
7720304943,ок
5404278931,ок
5751033954,ок
7810590311,ок
7717539737,ок
1901092680,ок
7810937203,ок
7806156944,ок
7710921471,ок
7810495361,ок
6150044150,ок
6165199205,ок
7719413497,ок
5010047511,ок
8617037781,ок
6317148141,ок
6450114295,ок
7715340230,ок
5501046608,ок
7017250700,ок
0277913459,ок
2465248015,ок
7723905815,ок
2465069143,ок
4223710330,ок
5256118427,ок
7604274536,ок
6952029766,ок
7604332192,ок
1658196107,ок
4205284872,ок
7704636050,ок
6166075499,ок
6685088928,ок
3255517200,ок
0277918425,ок
2508119345,ок
4253044140,ок
1656100988,ок
5401304044,ок
6829089675,ок
5401380623,ок
3528311546,ок
6321244183,ок
9106001152,ок
3805734257,ок
7701388112,ок
6623022483,ок
5040095110,ок
7841469072,ок
3443082255,ок
7807251750,ок
7736681834,ок
6319172622,ок
1650372343,ок
7724794030,ок
6679029931,ок
0276158683,ок
6312126112,ок
3917517596,ок
5836307146,ок
7722703076,ок
3528240905,ок
3528228295,ок
5911082180,ок
4312152790,ок
8913007307,ок
6625022030,ок
7728434768,ок
7202108793,ок
0400011744,ок
3804040129,ок
0268029003,ок
7714806470,ок
4633036210,ок
7725316011,ок
3662180939,ок
7810750660,ок
6316172913,ок
7448194030,ок
7802651514,ок
7203382799,ок
7203223372,ок
7736573934,ок
3461012317,ок
7807361640,ок
1831183027,ок
2130114394,ок
3334010476,ок
8617030514,ок
4823071170,ок
6163145814,ок
7730205123,ок
5422112696,ок
6685030967,ок
6670367326,ок
7703177967,ок
3123225151,ок
6658544441,ок
7730675922,ок
1660138021,ок
7801657538,ок
2465135477,ок
7813645840,ок
7707400574,ок
5249115834,ок
0601017418,ок
2308239420,ок
7702829497,ок
6319227800,ок
5020069465,ок
6163222353,ок
5503251088,ок
8608055865,ок
2521015257,ок
7841383594,ок
5258109026,ок
9710042724,ок
7802182380,ок
7707685231,ок
7811445839,ок
2724210158,ок
3123443946,ок
7728468943,ок
7811709753,ок
3665093071,ок
8603134993,ок
7721613221,ок
7730588490,ок
7728731175,ок
7810682530,ок
6330030660,ок
2315169420,ок
0107018882,ок
0278196476,ок
2611008543,ок
3811163273,ок
4632227540,ок
7703443023,ок
9726014680,ок
7714346600,ок
0278943047,ок
6658521684,ок
7719258795,ок
5009126832,ок
7701244520,ок
4705082232,ок
5406598528,ок
1646047943,ок
7116153665,ок
1659188652,ок
5027230917,ок
7707601545,ок
1660306830,ок
7713749892,ок
5904270627,ок
5024082925,ок
7722764512,ок
7451402805,ок
1655398803,ок
5029232998,ок
5246050321,ок
7820043660,ок
7456025854,ок
7729486504,ок
2309136402,ок
7811492451,ок
6027101649,ок
6027096357,ок
7811659380,ок
7720392227,ок
3123385726,ок
9705179579,ок
3711049714,ок
3665100508,ок
8911020616,ок
8911018470,ок
5907003972,ок
7813215340,ок
2320214358,ок
7725647528,ок
3808218437,ок
4028050859,ок
3906412104,ок
7730682729,ок
7801471460,ок
7722824313,ок
7806523457,ок
5012023058,ок
7801675015,ок
9718146796,ок
8603215762,ок
3906272834,ок
5032308069,ок
1831085686,ок
5211760056,ок
2320118446,ок
2303024981,ок
7603045614,ок
1841042963,ок
5032118928,ок
5260400105,ок
7816581627,ок
2426005227,ок
4703135143,ок
6686119047,ок
5406989257,ок
7728867835,ок
9725068482,ок
9725046672,ок
7709878670,ок
1657191681,ок
3017043569,ок
6501098164,ок
6168073930,ок
7536047444,ок
2320239151,ок
2320234682,ок
0274975136,ок
0917036135,ок
7810244255,ок
1650269843,ок
4004016390,ок
7604210765,ок
0275055702,ок
5902881028,ок
3906287245,ок
7447139573,ок
8911030773,ок
8911030734,ок
8911030741,ок
8911030766,ок
7448160592,ок
0545026550,ок
0267021001,ок
9701103258,ок
7724014346,ок
3906291192,ок
7734381698,ок
7726299552,ок
6829028707,ок
7714944494,ок
0275060445,ок
0278161297,ок
7728760232,ок
4633019535,ок
7727440536,ок
7453283367,ок
6501188812,ок
7731477962,ок
0309991244,ок
5018196949,ок
2539115830,ок
5904211438,ок
5905022786,ок
7710945472,ок
2463247697,ок
7727640768,ок
7704404651,ок
3525150442,ок
2720055166,ок
6150044992,ок
6166094692,ок
7603046343,ок
3811141375,ок
8602168608,ок
2536070927,ок
7203330254,ок
7813580110,ок
5031108596,ок
1831170155,ок
7203193368,ок
3666145438,ок
7719555163,ок
6319210807,ок
6686013756,ок
7841070584,ок
5321175330,ок
1841029419,ок
7708285211,ок
7721821422,ок
7725289311,ок
4205357062,ок
5906119082,ок
6330029369,ок
7743171538,ок
6381030027,ок
1650295956,ок
5030091389,ок
7103018997,ок
7105055881,ок
2452041091,ок
9725027736,ок
1661068680,ок
4501129482,ок
8605024594,ок
9110022780,ок
2462052342,ок
4708052300,ок
4101175942,ок
6727027824,ок
4826075536,ок
7816599670,ок
7810895151,ок
5905295127,ок
7810268249,ок
7801537086,ок
6230111789,ок
2536323494,ок
3706011835,ок
4101008324,ок
7714802570,ок
2223056681,ок
5246034457,ок
5906059080,ок
2130098953,ок
6671069996,ок
3804110249,ок
3906084559,ок
3906351500,ок
7825674370,ок
6950153736,ок
7804492588,ок
3627030987,ок
5118001061,ок
5053050332,ок
0274119142,ок
2723187876,ок
5032147213,ок
7805695076,ок
3810078963,ок
6619011827,ок
3904066709,ок
2204049865,ок
1832005980,ок
6732100780,ок
4401184585,ок
4823080954,ок
7714976979,ок
4825041862,ок
7901548035,ок
5259022410,ок
9701129746,ок
3662265501,ок
2723148845,ок
7727481099,ок
1007018070,ок
2320207720,ок
7814544002,ок
5443001443,ок
7826039822,ок
6950163188,ок
7724779592,ок
3662128689,ок
7802145620,ок
6623052745,ок
2540048956,ок
1650277562,ок
2221126206,ок
5405338020,ок
2462228772,ок
3801105071,ок
3801095786,ок
6684019128,ок
4401047130,ок
6659094026,ок
6731049316,ок
7448176899,ок
3666086670,ок
4826077244,ок
4205152379,ок
5046049015,ок
0267011050,ок
6011003886,ок
7602110927,ок
1656050350,ок
7730669527,ок
4633039323,ок
6623073110,ок
7736259414,ок
2724196640,ок
4826137207,ок
4431003518,ок
1006011402,ок
4217168687,ок
3661174837,ок
1650000070,ок
5918016187,ок
7723879562,ок
7401012119,ок
7115009919,ок
3445081521,ок
5263059797,ок
0259015195,ок
1644093013,ок
1657225115,ок
5406616375,ок
4705021254,ок
7604109081,ок
7605003419,ок
3851008524,ок
4616008540,ок
7727294518,ок
7810592580,ок
5211759815,ок
0323826436,ок
6509008758,ок
3662025355,ок
5248017746,ок
5211000432,ок
2130118198,ок
2128026599,ок
5032137938,ок
3305062254,ок
6626022280,ок
8603108376,ок
6827011144,ок
7716930017,ок
5008046503,ок
7604109902,ок
7718064349,ок
6630012493,ок
4824002684,ок
3456002465,ок
0261039468,ок
9701207659,ок
2724219464,ок
2308243578,ок
5112091975,ок
7705978440,ок
0534030185,ок
7017344027,ок
1018003124,ок
5902814462,ок
6679093422,ок
4807007080,ок
5410781244,ок
0105043900,ок
6205006318,ок
2607013734,ок
6629008735,ок
7604285305,ок
2308206618,ок
7802808821,ок
7456034400,ок
7841423399,ок
2353021249,ок
1101147820,ок
2130131960,ок
2724208039,ок
2124040169,ок
7702628790,ок
9715334294,ок
1647015207,ок
7703639379,ок
2537125230,ок
7717764556,ок
9705133599,ок
1660329918,ок
0278166665,ок
2462211810,ок
1655334214,ок
1327006740,ок
7728836114,ок
7735586754,ок
0278971502,ок
1435342347,ок
1838014589,ок
7839083018,ок
7701580306,ок
7701392091,ок
9705063006,ок
7826040578,ок
2466123636,ок
7810344500,ок
7820338706,ок
1840086220,ок
2710014805,ок
6623117720,ок
7842509070,ок
7730261150,ок
7814578361,ок
6321235904,ок
0276156728,ок
5410785016,ок
5027243465,ок
1835023553,ок
7713481765,ок
7825068250,ок
7736274564,ок
9701204143,ок
7811538191,ок
9721031315,ок
3442098118,ок
7204200191,ок
7453292354,ок
3907207605,ок
6630005182,ок
5257204848,ок
4234008637,ок
2320247554,ок
2311210879,ок
2901199473,ок
7751138855,ок
6676003903,ок
8601046830,ок
7706307815,ок
2901221094,ок
7810458095,ок
2308238240,ок
7714436412,ок
2320151796,ок
1655418288,ок
1656047942,ок
3908029659,ок
7451064200,ок
7721283580,ок
6321177480,ок
5408229117,ок
7530012974,ок
7842332835,ок
6323106453,ок
7704097190,ок
6950153180,ок
7706250870,ок
0703005299,ок
7728127647,ок
0554005853,ок
2225147366,ок
9724106424,ок
0572012317,ок
7810403650,ок
0323362625,ок
8908002938,ок
6164029673,ок
6164105910,ок
6144011773,ок
6162053110,ок
7707784553,ок
1841090276,ок
6164224530,ок
3525346935,ок
7842511320,ок
6165212255,ок
5953402033,ок
2635062758,ок
2374002494,ок
2320164900,ок
1513044220,ок
7816671990,ок
6155071904,ок
7704844170,ок
9718202987,ок
7727392787,ок
6229092838,ок
2983013092,ок
7842203269,ок
6320027651,ок
7801502492,ок
5022038991,ок
7727823480,ок
7724463609,ок
6163127773,ок
5040155680,ок
6330032139,ок
7733584529,ок
6313538655,ок
3328004347,ок
6164319076,ок
1001150699,ок
6167109172,ок
7720414248,ок
7710665683,ок
3702125493,ок
7728392684,ок
3528014977,ок
7811562123,ок
7017293598,ок
7813475980,ок
9103003708,ок
5321113220,ок
5408310470,ок
6950240629,ок
3904046910,ок
7728869416,ок
4826054896,ок
9102252691,ок
5424402873,ок
7801621186,ок
6674336128,ок
7730202002,ок
4720002552,ок
7838053331,ок
7727440310,ок
7720508834,ок
9715279220,ок
2724175922,ок
7722530289,ок
2460105750,ок
6950192608,ок
7840395460,ок
5075369605,ок
9726010968,ок
0539005168,ок
7727336743,ок
2007007150,ок
3663072848,ок
7727128609,ок
3661174058,ок
7727430376,ок
5018114216,ок
3460060237,ок
2721206869,ок
3109004827,ок
5313014402,ок
7708404437,ок
5027150612,ок
1645023259,ок
3443066310,ок
3528228376,ок
5040076037,ок
8904055600,ок
2447009536,ок
3661075642,ок
7736578393,ок
4105000566,ок
7717552022,ок
3906390122,ок
2808023115,ок
5029208473,ок
7715726361,ок
0917009558,ок
7716793949,ок
1435290530,ок
7724527620,ок
0608005450,ок
2465305778,ок
1326203142,ок
2320139573,ок
9724080039,ок
2444303480,ок
3444198686,ок
2312182825,ок
7839406597,ок
7709628278,ок
7813423020,ок
5402487295,ок
5047080378,ок
5905049033,ок
5024164945,ок
5254024237,ок
6230014224,ок
6230092649,ок
6234036331,ок
2464142270,ок
5402551818,ок
5406713114,ок
6685192301,ок
7107094910,ок
6215018175,ок
6027195090,ок
6027203898,ок
5403051060,ок
2465290874,ок
7804646982,ок
7705868462,ок
5249173748,ок
5074113569,ок
7723788971,ок
1832115510,ок
1656107045,ок
5908043992,ок
7733352101,ок
1657029199,ок
3444099212,ок
0266023197,ок
0266028614,ок
0266029664,ок
6153025300,ок
8603218361,ок
6315543146,ок
6317130313,ок
7709493253,ок
7804626111,ок
1001163313,ок
7724309565,ок
7701976107,ок
7814231666,ок
5903077853,ок
9704076179,ок
5027135950,ок
3906262586,ок
3661055935,ок
9718013524,ок
1001176094,ок
3906241145,ок
3907202565,ок
3528222261,ок
5401994077,ок
1215134782,ок
4825039535,ок
4823074654,ок
3702005132,ок
6672296141,ок
9204012360,ок
1327018992,ок
9723166156,ок
2311115985,ок
1326219505,ок
5029112429,ок
6451004954,ок
6452936734,ок
6455054145,ок
2116004417,ок
7727771640,ок
6674300139,ок
6454098566,ок
7713699465,ок
1435277232,ок
6504013440,ок
6501148841,ок
6501140257,ок
6501192819,ок
6501266556,ок
1435184570,ок
1435146367,ок
6503013511,ок
6501099802,ок
9723071024,ок
1435140284,ок
9705007756,ок
7720246184,ок
6321291063,ок
1840053320,ок
2367003835,ок
7714969851,ок
5031124799,ок
5258122690,ок
4027131015,ок
7704459026,ок
7453288936,ок
3525306675,ок
0278130740,ок
2320177018,ок
5752039010,ок
6150064340,ок
4632066420,ок
7730271817,ок
3801155548,ок
7327033487,ок
6167076294,ок
5028018007,ок
7715889535,ок
7451391913,ок
6321218440,ок
1402012110,ок
7722624201,ок
5029154595,ок
6164218568,ок
3702609328,ок
8602028696,ок
3455050917,ок
8602228014,ок
7814158141,ок
7709244578,ок
2315141087,ок
9731014414,ок
5027183760,ок
7733120781,ок
5904095710,ок
7716792864,ок
3435113781,ок
7702536109,ок
9201003640,ок
1101079506,ок
7801311071,ок
9204552020,ок
9702029060,ок
6617025172,ок
7203294567,ок
1650058874,ок
7814102075,ок
8604037576,ок
2901265609,ок
7816216511,ок
3525449017,ок
5506045573,ок
5504065302,ок
9710018707,ок
7801455186,ок
7604204708,ок
4907000867,ок
7810518393,ок
7810444134,ок
4727003820,ок
7805585588,ок
3525451009,ок
2312168235,ок
2631800651,ок
7805061640,ок
5110001743,ок
8602186580,ок
8601053890,ок
6679084812,ок
8602194090,ок
7814567850,ок
3523012743,ок
8911030050,ок
4345482842,ок
7203409391,ок
7724946123,ок
7017137609,ок
2724134789,ок
7810396032,ок
7820310179,ок
2901253787,ок
7817039368,ок
7842393940,ок
9204016848,ок
0608016205,ок
0917035244,ок
9204564072,ок
9204003550,ок
9201015388,ок
1006012646,ок
7708369736,ок
7725301135,ок
7804434610,ок
2536296498,ок
6450053074,ок
7801421194,ок
0323344552,ок
7728200047,ок
2222022619,ок
1701008867,ок
1834050040,ок
7901542241,ок
3123411969,ок
9705167580,ок
4501199641,ок
7703425419,ок
6439074793,ок
6685114470,ок
3245019981,ок
7807060949,ок
6658249044,ок
7716667246,ок
5001105326,ок
8604042801,ок
3662189138,ок
4825040918,ок
1427010838,ок
1655232149,ок
1215072663,ок
8605029850,ок
3128037338,ок
7733186831,ок
7801640710,ок
7714146801,ок
3662218244,ок
5048033412,ок
5077028618,ок
6312188253,ок
7810926547,ок
7420015958,ок
7328075828,ок
7727295529,ок
7806422709,ок
2310018298,ок
7537010870,ок
2225196613,ок
7022009793,ок
7204087700,ок
4205267348,ок
8617013981,ок
7014038720,ок
3812157882,ок
5406629783,ок
8901012180,ок
3811154021,ок
5044078807,ок
5406776185,ок
5504206377,ок
3801122831,ок
8602185650,ок
4253020157,ок
5503202884,ок
5406583472,ок
3847000716,ок
4205198334,ок
5404352399,ок
8619010425,ок
4246002044,ок
2461227744,ок
2460079780,ок
7202121875,ок
5406420380,ок
0411123827,ок
5403006244,ок
0411172782,ок
5410009937,ок
5403176334,ок
8602147598,ок
5507235640,ок
4205393800,ок
2463246615,ок
8602236110,ок
8602236199,ок
4004018239,ок
5406377430,ок
5501068270,ок
8602264527,ок
5404046874,ок
4205058217,ок
2465323978,ок
0323112706,ок
3817036553,ок
5406579765,ок
5405488280,ок
5402576724,ок
7204103857,ок
2464232848,ок
2225158223,ок
7017421842,ок
0411140847,ок
4217193179,ок
5501087474,ок
3802013497,ок
1901060906,ок
5404428440,ок
4253011321,ок
3801125825,ок
5404084319,ок
2460240245,ок
5406677836,ок
5501058160,ок
7203259114,ок
3805705947,ок
7202164886,ок
4253008086,ок
5507228690,ок
6658272660,ок
2464231724,ок
4212039504,ок
4212037546,ок
2466236630,ок
8603195315,ок
3810031041,ок
5404493174,ок
2333010111,ок
1659064720,ок
3461059611,ок
6163209634,ок
9103095360,ок
5024211070,ок
2353002302,ок
7715383072,ок
5256199810,ок
4206000322,ок
2314016132,ок
7325126136,ок
7814341891,ок
6670344583,ок
7734458020,ок
7801670514,ок
0266055865,ок
3804039469,ок
2308185686,ок
5031071201,ок
1901118352,ок
2308079906,ок
9103000552,ок
7725313589,ок
7714366500,ок
7731513145,ок
5042078255,ок
7724771184,ок
7801629900,ок
3525455356,ок
9705150805,ок
7727463893,ок
7704847100,ок
5447100572,ок
5202006371,ок
7725370499,ок
5032257329,ок
6686018232,ок
9729030151,ок
6670381377,ок
7802629220,ок
4028058135,ок
7703795723,ок
7702676681,ок
1500001188,ок
7444059263,ок
4825116540,ок
0264065498,ок
6315658980,ок
7725828411,ок
7840100451,ок
7839065805,ок
5032196700,ок
5024140260,ок
0256023663,ок
6686045839,ок
7715939930,ок
3460080226,ок
2311315286,ок
7715906886,ок
7840037746,ок
5032264679,ок
5262317519,ок
7841036054,ок
9103078252,ок
7807229546,ок
7604382683,ок
7813476712,ок
3459013137,ок
7724460615,ок
7811553048,ок
1624014542,ок
2320197529,ок
7805750792,ок
7842421482,ок
7743880238,ок
7810950701,ок
7725491158,ок
7802617496,ок
1655203148,ок
6679030020,ок
7743660232,ок
3906969801,ок
6165179664,ок
4824032897,ок
6501271066,ок
7455020645,ок
7804468560,ок
7708817498,ок
1656095590,ок
9204563512,ок
7723838809,ок
1660281494,ок
2115904373,ок
7722762089,ок
6167129901,ок
9704107155,ок
9701102342,ок
5261120661,ок
5027236154,ок
7733333719,ок
6316196752,ок
5262355715,ок
2466245602,ок
3664082888,ок
3428987228,ок
7804566840,ок
3664228590,ок
2543141590,ок
5032287690,ок
9715201086,ок
2462058601,ок
7814789235,ок
5044078010,ок
7453260377,ок
5190079823,ок
2208060980,ок
1657261025,ок
2443041881,ок
3461011384,ок
1657223090,ок
0273943491,ок
1661057880,ок
7806380022,ок
7720395080,ок
7813652189,ок
7802924063,ок
7810938694,ок
7720874742,ок
3906411164,ок
3525422150,ок
1660322976,ок
7604178889,ок
7715951342,ок
7708715337,ок
7805750778,ок
7705937797,ок
7733661420,ок
7802686309,ок
7734212347,ок
7718662853,ок
5012091361,ок
7203256434,ок
1832152166,ок
7810845601,ок
9725022255,ок
1657056812,ок
9715279068,ок
7838497601,ок
7805774585,ок
5256200167,ок
7726397045,ок
2460108230,ок
5263136120,ок
3906364179,ок
0274186766,ок
5029233695,ок
3906271541,ок
5029250926,ок
3661071454,ок
5024223037,ок
7814462092,ок
7725684618,ок
7206047284,ок
7715465840,ок
7723133534,ок
7743106634,ок
7811705519,ок
7709477090,ок
7602146218,ок
7721700932,ок
2367013343,ок
5047227239,ок
7734726504,ок
7733813352,ок
2310215835,ок
1001296257,ок
7802593414,ок
7810779081,ок
3849072988,ок
7100001025,ок
7805562238,ок
7727384786,ок
7724839026,ок
3812113035,ок
3814039098,ок
1660181411,ок
7715951818,ок
0273083616,ок
9717062825,ок
6501239922,ок
2312266987,ок
5024182052,ок
9704007545,ок
5029213593,ок
7731365673,ок
4703150134,ок
7325111965,ок
7816511041,ок
3123206896,ок
5904322427,ок
7727803780,ок
7728450872,ок
7726411645,ок
9715214092,ок
9718104242,ок
0326565398,ок
3528206654,ок
7709955148,ок
4727001318,ок
3906415874,ок
7734729664,ок
5038093765,ок
4909122726,ок
7722471330,ок
5003108315,ок
7733330362,ок
2310211809,ок
7455028588,ок
6949010596,ок
7702230015,ок
2721176406,ок
4826153512,ок
7720311482,ок
7604376464,ок
5249132149,ок
6230090867,ок
6686016789,ок
7810430974,ок
3702131659,ок
3906369829,ок
7720369563,ок
6311173590,ок
5018163887,ок
3906275698,ок
9718009648,ок
4025435554,ок
5751064776,ок
7841444504,ок
6166105190,ок
5050117839,ок
7714359415,ок
2904028684,ок
7722769415,ок
6623127239,ок
3444261634,ок
7424001716,ок
1901097423,ок
2368011187,ок
7708409097,ок
7203532780,ок
5403340440,ок
7704824504,ок
7602145447,ок
5905279647,ок
9710087637,ок
7801359901,ок
6671459668,ок
4205273863,ок
7814299167,ок
7718307827,ок
5405375060,ок
7838086810,ок
7730694820,ок
6623105933,ок
6164134935,ок
6168032412,ок
7714479085,ок
7729572175,ок
7716849920,ок
2370001757,ок
5836401396,ок
2130093271,ок
0265043909,ок
1513072490,ок
7722418907,ок
5024193872,ок
7720189754,ок
2005003993,ок
1655361899,ок
7720434004,ок
7743376831,ок
7724937168,ок
4205243072,ок
6321235661,ок
7709483054,ок
9702006105,ок
3728026289,ок
3123228160,ок
2724140983,ок
4312151972,ок
0278210378,ок
1644064943,ок
2315212450,ок
5262376320,ок
1660173033,ок
7804075070,ок
9706005173,ок
7705764030,ок
7802690175,ок
7709463450,ок
7709976483,ок
7327055762,ок
6165180765,ок
7902526242,ок
7718509573,ок
6950180271,ок
7903526090,ок
4705024576,ок
1658181894,ок
1650321490,ок
7802585036,ок
9717019114,ок
7203537474,ок
5027203920,ок
2624033240,ок
7707315865,ок
7727291210,ок
7719469041,ок
2224168959,ок
5403043359,ок
5260389130,ок
1001291474,ок
7203205077,ок
3435126766,ок
7130031154,ок
7709790827,ок
6724007097,ок
6732029538,ок
0323028028,ок
6658353750,ок
0326561812,ок
9704064952,ок
6155069599,ок
4703157683,ок
6732180850,ок
6229038647,ок
9201503106,ок
9710046447,ок
6952319049,ок
2543154857,ок
7725708763,ок
4826088951,ок
7710866012,ок
4823041426,ок
7328080433,ок
6685110034,ок
5405379227,ок
3905087204,ок
2130203044,ок
2130203037,ок
2130203446,ок
2130083379,ок
2130153266,ок
3664231829,ок
5404526310,ок
2130136091,ок
5032273578,ок
3906980731,ок
3906346420,ок
5032255307,ок
3906346444,ок
6730061705,ок
5503185597,ок
3906346437,ок
7804678215,ок
3662190550,ок
6633025074,ок
4725002122,ок
5045056443,ок
2466250627,ок
1435135189,ок
6025030657,ок
5835137653,ок
2130134190,ок
7801451689,ок
7716874429,ок
0277941181,ок
1655213160,ок
5015015295,ок
0275079703,ок
7806491519,ок
6829121640,ок
7814541918,ок
7734104422,ок
2453015104,ок
4704059689,ок
2364017082,ок
3448024338,ок
1644070062,ок
7206032055,ок
3662263744,ок
5321096751,ок
7723424163,ок
7701922341,ок
7729455859,ок
2710006593,ок
8602157028,ок
6205000725,ок
5256111446,ок
7107086807,ок
7731404403,ок
6501185674,ок
9718047080,ок
3257067250,ок
3917054595,ок
6729023159,ок
7710909869,ок
5038103004,ок
2723198420,ок
2309158340,ок
1644040050,ок
4407011701,ок
6829056077,ок
7713777794,ок
5905998433,ок
7724922806,ок
2223616911,ок
7606076280,ок
1832147335,ок
7604102400,ок
2463095839,ок
7718714780,ок
0265050582,ок
2311091526,ок
1901116651,ок
7726458844,ок
5027226124,ок
5056007180,ок
7203530535,ок
5036156233,ок
7728509886,ок
5018100260,ок
4823077341,ок
2455016086,ок
0917027356,ок
4025424827,ок
6319199222,ок
9721076362,ок
7713288137,ок
6732147620,ок
3435309618,ок
5902140502,ок
8601066160,ок
2458013044,ок
3525347689,ок
7801285640,ок
2130143469,ок
6321359402,ок
2221202369,ок
9203006910,ок
9717019428,ок
1513069465,ок
7733829761,ок
7733284081,ок
5904400883,ок
2320147408,ок
1609036742,ок
2311159020,ок
2464158432,ок
4217176399,ок
9204007410,ок
6437000933,ок
7810859153,ок
4634011867,ок
1841001212,ок
5819004230,ок
4727003604,ок
7810785494,ок
2317057426,ок
7105055874,ок
6317097850,ок
7810690443,ок
2263010348,ок
7703419302,ок
2130083717,ок
1655244828,ок
6025046872,ок
3528188998,ок
6101929470,ок
7448130326,ок
2320243567,ок
7804536838,ок
5638073104,ок
7448187393,ок
2463244449,ок
1106017535,ок
4826133467,ок
3103003778,ок
5003098427,ок
3255050388,ок
3661026797,ок
2902064260,ок
7727262139,ок
7804561986,ок
6382064043,ок
7839097412,ок
9715414870,ок
6950044247,ок
2010001247,ок
1651075167,ок
7710971440,ок
7813276791,ок
6321357645,ок
6325072626,ок
3518005109,ок
7751220242,ок
7722785167,ок
2540234857,ок
6732180987,ок
7807251284,ок
2130209060,ок
3444202188,ок
5751055387,ок
0276043467,ок
2301098265,ок
5405445127,ок
7704305756,ок
5001122378,ок
7743503864,ок
2801084479,ок
3528233256,ок
6166067321,ок
3666162874,ок
3528211100,ок
7731421014,ок
9715251351,ок
5410077239,ок
7805545200,ок
6672278047,ок
3663129910,ок
7806296885,ок
0562073335,ок
9705041370,ок
7816401296,ок
7714862273,ок
6833022747,ок
7704392910,ок
2124012066,ок
0268076109,ок
0273079433,ок
0273079401,ок
7329013736,ок
5256138906,ок
9108009816,ок
3905060266,ок
3905082950,ок
2605012809,ок
2801154158,ок
5257145631,ок
5250064831,ок
5003109679,ок
1656089798,ок
1901102641,ок
3906978771,ок
5029106859,ок
1701050227,ок
3906359193,ок
6311092799,ок
7460050814,ок
5012021090,ок
5042132985,ок
2315178471,ок
7811544942,ок
4501185800,ок
4501207677,ок
7203455253,ок
7536170310,ок
2312179068,ок
2331010677,ок
3808117005,ок
2127011744,ок
3257008751,ок
2801106556,ок
2543093354,ок
5027267554,ок
6319250768,ок
3445070537,ок
7813609810,ок
4703179856,ок
3525108923,ок
5752043909,ок
5638065294,ок
5610165193,ок
2511039971,ок
7203094857,ок
5609063214,ок
2629006554,ок
4028051443,ок
9201004280,ок
3443144871,ок
5262295167,ок
5502043769,ок
6316203463,ок
7714909436,ок
2311251829,ок
9715393860,ок
7805378503,ок
5012075539,ок
6315648406,ок
7709911782,ок
0278908941,ок
0274187978,ок
5261090174,ок
2130136045,ок
2501015763,ок
5702009050,ок
7729433083,ок
4003036203,ок
2465337699,ок
2801082168,ок
0105008695,ок
7725760555,ок
3460078019,ок
1717009383,ок
3906246665,ок
5752079454,ок
5751063317,ок
5024093645,ок
3665032047,ок
6167081417,ок
2115902400,ок
3443142377,ок
5702006637,ок
6829113720,ок
2310185605,ок
6316217071,ок
7721776699,ок
5321207013,ок
5042025750,ок
6685030974,ок
0107034299,ок
9102061785,ок
2801223500,ок
5835042056,ок
2508121129,ок
9201004259,ок
1215078778,ок
7716576574,ок
2635253424,ок
2130037277,ок
6501181648,ок
2466071160,ок
1200003579,ок
7325010903,ок
2129040518,ок
2129056902,ок
2801202330,ок
1327019058,ок
4217148761,ок
1215121350,ок
2115902506,ок
7204100711,ок
2634044160,ок
7202198420,ок
2310128974,ок
2130044299,ок
6829117523,ок
2124000409,ок
0277120474,ок
1327010792,ок
1001090344,ок
0277115611,ок
5702010753,ок
1001155425,ок
3128095971,ок
6319122170,ок
5408172453,ок
7806480080,ок
5054010340,ок
3446030706,ок
5032053036,ок
3460078058,ок
2801098288,ок
6829001720,ок
5256129066,ок
6141046087,ок
7017362604,ок
3702111194,ок
1435203400,ок
7204034836,ок
1901096758,ок
9201007299,ок
5752071913,ок
7325103330,ок
1903019815,ок
4501124540,ок
1717008397,ок
6330060062,ок
1218001621,ок
7841074250,ок
6154137687,ок
0814155998,ок
1435194970,ок
3250532719,ок
3664058282,ок
2361014453,ок
7203267387,ок
7734415354,ок
2311204307,ок
6950199459,ок
2618015243,ок
7325124442,ок
3241003677,ок
3329095202,ок
3625008979,ок
7203396093,ок
3812002127,ок
2320225840,ок
7709862944,ок
2635224494,ок
2130203012,ок
3305015906,ок
6501067536,ок
3329033527,ок
2901155444,ок
7840368402,ок
7841097843,ок
7710281630,ок
2312129420,ок
6167106693,ок
7447100174,ок
6137007409,ок
4823074284,ок
3664119129,ок
7701249736,ок
3663092033,ок
2311108843,ок
5209002295,ок
4205410661,ок
5008041255,ок
3509010053,ок
7113010080,ок
7206036204,ок
7733761048,ок
6685105796,ок
7017421828,ок
0277927589,ок
7814351579,ок
8905039369,ок
4632196965,ок
7204104272,ок
6318231219,ок
7806508025,ок
6321273593,ок
2536191417,ок
8603245848,ок
1821010280,ок
2461040680,ок
6234165390,ок
7716247770,ок
3808200479,ок
5503236636,ок
7702834017,ок
7804173327,ок
5321160340,ок
3443121183,ок
3254503363,ок
4825090436,ок
8904077509,ок
2703011779,ок
7604207184,ок
7718670678,ок
0546017950,ок
7202231363,ок
9715216621,ок
9723152682,ок
6155920690,ок
3123328982,ок
7729760700,ок
3257019986,ок
7725847453,ок
7705837577,ок
2724004959,ок
2365022832,ок
7723754980,ок
5190017993,ок
6617024771,ок
9721060972,ок
3123429317,ок
8904031470,ок
2312189429,ок
6312124972,ок
3662149086,ок
7826097239,ок
3661053991,ок
7704349182,ок
6685140960,ок
7801519746,ок
7203430280,ок
3905054304,ок
1644065312,ок
7705486424,ок
7448114074,ок
2224095612,ок
4345396079,ок
7735167880,ок
9723085771,ок
7716796107,ок
4027130646,ок
7802182340,ок
4501225796,ок
6027176926,ок
5725004643,ок
7806257660,ок
7705845384,ок
7203530285,ок
5259110955,ок
2312233653,ок
5042096825,ок
6501301144,ок
9705069897,ок
7725588590,ок
9718045068,ок
5249163813,ок
7017370789,ок
6452120777,ок
6820026293,ок
7604319804,ок
4623006745,ок
3528308494,ок
6230086490,ок
2536154479,ок
7720826185,ок
7203446805,ок
0278927623,ок
6670357399,ок
9721081179,ок
7325069689,ок
9204547408,ок
1658135369,ок
4629053766,ок
7602113660,ок
2464116640,ок
6167108972,ок
4022005056,ок
5837069631,ок
5904379624,ок
1514006933,ок
6623078743,ок
5053014782,ок
3702104983,ок
4632175147,ок
5260429930,ок
7722782455,ок
0264067745,ок
6230073420,ок
4334007468,ок
7802383664,ок
2311124316,ок
5501073552,ок
7731335654,ок
7536167389,ок
5951899290,ок
7202213798,ок
3627032550,ок
2317057867,ок
7801590756,ок
6312182639,ок
6671020951,ок
7751006030,ок
4823015680,ок
4823027950,ок
1660257082,ок
6672355478,ок
7715911149,ок
6312114879,ок
5501136690,ок
5030079021,ок
7733238310,ок
1655279725,ок
6515001951,ок
9102026854,ок
7743204261,ок
7705989107,ок
7733383100,ок
7807381075,ок
5838045200,ок
6730044280,ок
5504120955,ок
7706766150,ок
7802722839,ок
7706816185,ок
3906302165,ок
5404427622,ок
7743201447,ок
1657112351,ок
5032134172,ок
2314021453,ок
7713714032,ок
7709759231,ок
9709002029,ок
8602261653,ок
7705396065,ок
6659165083,ок
7723497108,ок
7814759640,ок
7814751263,ок
5258115164,ок
7724745995,ок
7717595347,ок
7743229971,ок
7814613827,ок
7717645894,ок
3903012644,ок
7713470996,ок
7328105085,ок
9731074269,ок
5032129599,ок
7203161655,ок
1831176816,ок
0545027392,ок
2463243540,ок
2635820546,ок
2635083388,ок
2635092858,ок
7707407989,ок
5247018497,ок
5406990654,ок
3663006034,ок
3627014985,ок
9201012524,ок
5443001700,ок
3328458319,ок
1655254174,ок
3662063142,ок
4632089120,ок
9710047602,ок
7724371147,ок
2309126997,ок
5406754978,ок
5829004486,ок
4501187413,ок
6229039023,ок
2315170384,ок
6671376130,ок
1106014799,ок
7604250214,ок
4345060167,ок
7736303092,ок
0323118338,ок
8601048996,ок
5603031248,ок
5501193144,ок
6829103680,ок
0264074252,ок
3525426884,ок
7716563649,ок
1655408184,ок
2290003580,ок
4807007040,ок
5044118016,ок
2630049104,ок
6164124790,ок
6142016303,ок
5074067506,ок
4706033340,ок
2311204459,ок
7729722984,ок
7817320716,ок
7604301564,ок
0326512452,ок
6318163181,ок
2289002976,ок
7730281188,ок
5402008513,ок
6732101047,ок
7721351047,ок
3662163637,ок
7718878299,ок
5504223326,ок
9710105903,ок
0268067873,ок
0268037011,ок
5407247875,ок
9703080197,ок
7447119954,ок
7714414970,ок
9705103001,ок
5006001514,ок
7024038341,ок
7714708923,ок
7717623611,ок
7116509696,ок
7606079805,ок
7326046300,ок
5751057779,ок
3303002034,ок
6832003501,ок
7720862899,ок
1639015098,ок
6230101830,ок
6230114148,ок
1435279575,ок
3127016381,ок
4028065485,ок
2631042951,ок
7447145993,ок
7840395741,ок
7727772299,ок
7701891397,ок
1840002816,ок
7710101630,ок
2635124676,ок
7451349069,ок
6311149808,ок
4702007332,ок
2209030748,ок
5261041057,ок
6025050639,ок
5190164042,ок
6319186463,ок
9102242894,ок
7801286435,ок
5503214216,ок
2130025602,ок
6501292500,ок
1606003925,ок
9102061697,ок
7728874871,ок
0560004865,ок
7726276121,ок
4220040260,ок
3322122249,ок
6167132598,ок
1308080353,ок
6318226949,ок
0107021081,ок
3801055906,ок
6340008382,ок
7017445956,ок
4307019545,ок
7224079730,ок
1624017247,ок
5503239034,ок
1213004178,ок
4101158023,ок
2221132087,ок
6147040074,ок
7306006490,ок
3666101984,ок
8901017773,ок
5035002103,ок
6215018922,ок
6679091834,ок
7219000212,ок
2123005940,ок
6151010121,ок
3702173747,ок
5011017260,ок
6151345738,ок
7726369697,ок
6732072131,ок
7751118168,ок
3311011385,ок
7810206161,ок
3810334254,ок
7751508591,ок
0269036451,ок
3811433106,ок
2464122130,ок
7724437550,ок
7452031470,ок
2536283185,ок
1512017400,ок
5539013432,ок
8905067831,ок
7804491337,ок
7449133577,ок
5834046227,ок
7810938253,ок
6679059823,ок
3528212263,ок
7838455947,ок
2463083745,ок
1658127086,ок
2320202137,ок
9729326504,ок
8622004051,ок
1660198278,ок
3444202050,ок
6952034519,ок
1633608750,ок
7743031523,ок
7810671553,ок
1660124163,ок
1901142355,ок
3906328580,ок
1660359207,ок
7813310523,ок
7716136478,ок
0274131559,ок
6658461724,ок
1655473627,ок
7327066203,ок
5904350618,ок
6625049314,ок
7715941922,ок
0278171626,ок
6161051920,ок
7728296684,ок
4825131629,ок
6950041609,ок
7328083794,ок
7802926102,ок
8911027890,ок
7811421411,ок
3528237229,ок
2463224065,ок
3808203293,ок
1658147854,ок
3702013870,ок
9103002856,ок
7806532476,ок
4703058442,ок
5001087420,ок
7224017652,ок
7449121170,ок
3017037734,ок
6314024540,ок
7731650889,ок
2536272320,ок
5503095551,ок
5321128428,ок
1656093650,ок
3123333855,ок
7325164660,ок
7203492738,ок
5902167342,ок
5906077058,ок
6658344192,ок
9201007316,ок
7017011726,ок
9201519667,ок
3662112760,ок
7328087894,ок
3017043495,ок
7701866753,ок
9103002648,ок
1632007884,ок
1832137880,ок
7719848480,ок
9102038546,ок
7710943700,ок
5902048761,ок
6312138816,ок
6732112232,ок
1645031813,ок
4720020738,ок
5507242260,ок
3663114449,ок
7743158696,ок
7708290500,ок
6829121738,ок
3328434075,ок
2308259024,ок
0276092746,ок
6234171637,ок
9721113790,ок
7805571779,ок
1650301960,ок
5001063179,ок
7813637110,ок
7806357584,ок
9102032689,ок
7842453773,ок
9705111362,ок
7726695411,ок
9201519522,ок
7802794223,ок
5509009608,ок
0572005126,ок
8606014165,ок
6612030370,ок
1655164837,ок
6234088587,ок
5024130777,ок
7811556391,ок
7810358541,ок
7814558855,ок
6671458791,ок
7203378714,ок
3528176600,ок
7814695280,ок
3123104076,ок
2632084714,ок
5260232242,ок
7736328322,ок
5027218290,ок
0263017484,ок
7203360668,ок
3665096548,ок
7816720503,ок
9704054104,ок
6149020186,ок
7839436457,ок
5260321090,ок
3827034636,ок
1435129065,ок
7806424262,ок
7733798591,ок
6311128830,ок
3528204495,ок
7801643052,ок
5401382691,ок
5503081397,ок
4217161995,ок
2464043914,ок
1831163550,ок
4027062516,ок
0205008635,ок
7733581616,ок
7729404011,ок
7807039168,ок
3827055805,ок
2631031692,ок
6678050962,ок
1660194717,ок
5503186978,ок
6670447758,ок
5010056386,ок
4401143170,ок
2724226937,ок
7328065996,ок
1831180121,ок
5053050276,ок
5503178913,ок
0701014379,ок
4632277283,ок
6674336209,ок
6229067888,ок
6679092891,ок
6002007235,ок
7017280119,ок
7801646617,ок
5407488140,ок
5948996455,ок
5504148171,ок
2222843485,ок
6670329850,ок
9201502166,ок
1661037121,ок
2457075866,ок
1659173712,ок
1655449984,ок
7702829144,ок
7714349135,ок
6658472814,ок
7743324801,ок
5507232505,ок
2460230180,ок
1655475582,ок
7810872010,ок
7810376734,ок
2208063204,ок
5501083060,ок
7202169563,ок
4253026328,ок
7536186769,ок
5009124345,ок
3435052585,ок
7453316894,ок
5321177425,ок
7726406162,ок
3906314996,ок
1103013846,ок
7801311307,ок
6312138118,ок
7203408895,ок
8603199694,ок
5040148475,ок
9718001487,ок
5047129496,ок
7724673620,ок
8603174322,ок
3435304384,ок
2723207280,ок
3123171562,ок
2465244589,ок
3906413193,ок
5190070323,ок
7801664655,ок
7730692928,ок
1655201824,ок
7728484141,ок
4825148213,ок
5405442239,ок
3102043263,ок
6163105441,ок
7203285185,ок
5904257376,ок
5836652696,ок
5829004856,ок
7721255488,ок
7817044819,ок
6155924905,ок
9715369441,ок
0275928146,ок
3917050791,ок
6604027447,ок
3664124739,ок
7404058753,ок
7802707358,ок
6950206829,ок
1101054406,ок
7801695727,ок
6670379868,ок
7726451013,ок
3814040093,ок
7202164332,ок
7743249061,ок
4727005697,ок
3508008502,ок
7810938334,ок
7701556127,ок
7714840350,ок
5405023608,ок
6315020668,ок
7707836177,ок
3664094837,ок
7610099794,ок
7706263413,ок
3128093290,ок
9718127120,ок
8602280649,ок
7806553437,ок
7811558261,ок
3257035699,ок
2311250695,ок
4632203690,ок
7751140170,ок
5001118491,ок
2464143644,ок
7455020998,ок
3123369241,ок
7841035854,ок
7734705110,ок
6685182230,ок
7839411639,ок
7106506368,ок
6025029450,ок
7727482448,ок
3702738997,ок
7743374055,ок
7716834257,ок
4003040087,ок
6501247151,ок
5829004782,ок
7802265283,ок
4345298297,ок
5261088432,ок
1121018251,ок
2224172169,ок
5919020845,ок
7728372991,ок
7736320147,ок
7810502379,ок
2509008729,ок
0265033121,ок
7730699264,ок
6501300976,ок
7729599610,ок
7731351230,ок
7604261946,ок
2536322966,ок
7704801345,ок
5610238780,ок
7604265838,ок
6312038353,ок
5433197275,ок
8904049653,ок
7733269372,ок
7728843150,ок
7806153291,ок
7810738590,ок
7810737701,ок
7724479101,ок
9721018480,ок
7203441934,ок
5321071683,ок
7724343012,ок
7130032479,ок
6671170509,ок
7460027741,ок
7716859780,ок
6686054199,ок
5725004516,ок
6166086645,ок
1657265943,ок
4703174216,ок
7801539735,ок
5260226400,ок
1660193858,ок
7448169080,ок
5905070500,ок
7841441380,ок
6685077926,ок
7715818044,ок
7802856889,ок
5260321950,ок
4632016482,ок
1649036570,ок
5903126324,ок
7734399977,ок
6164244007,ок
6444006904,ок
1102053740,ок
2536140116,ок
5050117620,ок
2465330686,ок
4345290594,ок
6725017316,ок
6619010189,ок
5609177684,ок
5262264190,ок
7801271630,ок
6678017683,ок
5611051664,ок
7728329280,ок
3665063609,ок
7202253455,ок
4705077169,ок
7810528602,ок
5837047733,ок
4027125653,ок
1902022533,ок
0274150230,ок
1660182165,ок
5904091113,ок
1327158502,ок
5010012332,ок
3329088580,ок
5022028866,ок
4345069882,ок
1657125199,ок
7325065194,ок
3308002006,ок
0269022392,ок
7112006229,ок
2723189351,ок
7705822482,ок
6319024310,ок
4011011690,ок
6317106247,ок
3016065070,ок
0233005330,ок
6509017953,ок
7203530824,ок
1659145289,ок
1661055642,ок
0274955933,ок
7810329357,ок
7903526862,ок
1655403179,ок
6623018127,ок
6315556787,ок
4028029945,ок
6213010935,ок
7813576080,ок
1832087358,ок
7610129872,ок
6673227920,ок
7701875518,ок
1660329700,ок
7602039463,ок
7716067312,ок
7455020613,ок
5433181726,ок
7717774699,ок
0277050763,ок
2631030628,ок
9705037905,ок
1001224492,ок
3817042892,ок
0277126050,ок
5020088210,ок
5501232724,ок
1001127234,ок
6155043061,ок
7713739414,ок
7805792295,ок
2309137815,ок
1511013442,ок
3123361122,ок
5919020203,ок
7813394940,ок
7730252490,ок
1639043320,ок
0275926935,ок
5506072520,ок
5920017942,ок
7453260088,ок
7203279103,ок
7825418313,ок
7751177519,ок
5406577126,ок
4401038136,ок
7810531355,ок
8603154598,ок
7328047066,ок
4025083101,ок
7725724941,ок
7810746150,ок
2703026052,ок
5501252953,ок
2302052947,ок
6623042578,ок
3016028790,ок
2540173925,ок
2632060216,ок
0278940092,ок
7448165826,ок
0272902260,ок
0273919210,ок
1832113978,ок
7814244129,ок
5405368786,ок
1324001800,ок
7730193950,ок
5046072134,ок
3663140914,ок
7802479302,ок
5036123573,ок
6380000990,ок
7805338290,ок
1644014981,ок
5501253717,ок
6027171452,ок
4345364782,ок
5031036119,ок
5029262329,ок
5445252523,ок
7840373314,ок
0105055159,ок
6168063788,ок
5507112085,ок
2310205932,ок
0274914454,ок
0562058873,ок
4401114010,ок
5261085840,ок
2310192916,ок
3906265570,ок
1650103580,ок
6603016160,ок
7709954112,ок
6731049274,ок
4029052464,ок
6658479922,ок
6453144530,ок
6453108050,ок
0323087908,ок
1511014929,ок
7813616374,ок
5902191761,ок
7826664294,ок
6450068666,ок
3808104430,ок
2224001149,ок
5503212931,ок
5504090122,ок
5610148568,ок
5260409997,ок
5249104712,ок
6167096068,ок
1501024526,ок
4029017572,ок
2457056912,ок
7743069774,ок
1657085027,ок
8615011812,ок
5911074951,ок
4707039419,ок
5507122171,ок
2902068120,ок
8602105076,ок
4707036496,ок
7826005559,ок
7720604337,ок
6949108778,ок
4205232578,ок
5408280177,ок
7718287056,ок
7451445189,ок
6027169693,ок
4823055595,ок
2723193397,ок
7411019138,ок
2503033704,ок
6316211200,ок
7719555460,ок
6672167026,ок
2130010780,ок
9729255885,ок
2128035949,ок
6318129511,ок
0277135216,ок
0400008100,ок
1832083988,ок
9721072953,ок
2130171280,ок
7727322451,ок
8904057573,ок
2723143639,ок
2537112714,ок
2463237410,ок
5610162795,ок
7122006490,ок
1902026672,ок
6325997928,ок
3665150019,ок
6226011206,ок
8602256501,ок
2464204791,ок
5920011940,ок
6025036680,ок
0255022579,ок
0275915355,ок
7111025998,ок
0814134324,ок
2130048293,ок
7725093478,ок
2130117324,ок
7444058510,ок
5638030598,ок
5902044781,ок
0411166500,ок
4720020569,ок
6345019099,ок
5402036285,ок
2635213132,ок
2623029107,ок
2128042167,ок
6027169809,ок
7727636715,ок
7722397069,ок
3664129423,ок
0274912055,ок
6686061767,ок
2311176106,ок
7825697459,ок
9718057835,ок
7107531222,ок
2221183885,ок
7203500957,ок
7733261648,ок
7721817754,ок
7838505002,ок
7703416083,ок
7814551553,ок
7719805078,ок
5501220937,ок
7602096415,ок
1841037547,ок
7817113501,ок
2724088250,ок
7451384634,ок
7804406606,ок
6315643630,ок
9701126872,ок
3726004963,ок
6311146109,ок
3808195726,ок
7720375736,ок
6673244971,ок
6452033370,ок
5835059525,ок
6215013900,ок
2130142352,ок
2465303812,ок
7804541838,ок
7412017260,ок
3804046547,ок
7017409926,ок
7820310115,ок
7716668320,ок
7743136928,ок
9715360777,ок
5047262392,ок
3023005272,ок
2721102595,ок
4027136246,ок
5407470383,ок
3664117957,ок
6623049767,ок
3448043612,ок
2540000859,ок
9721045011,ок
3123180528,ок
3327838484,ок
0105077184,ок
7804166993,ок
2543010693,ок
7714957479,ок
2465300152,ок
6670476678,ок
0278926443,ок
7413014488,ок
0278970611,ок
1212004658,ок
2461041228,ок
5406982597,ок
7703307101,ок
5501201250,ок
7806376330,ок
3711018459,ок
3906360311,ок
3257047831,ок
4345374340,ок
6503014265,ок
6658500701,ок
7724502181,ок
2372003125,ок
5024168072,ок
7224080206,ок
2724122166,ок
9102020764,ок
1655470231,ок
5262143238,ок
2308238465,ок
1515921879,ок
6678099615,ок
2366020718,ок
5047169450,ок
6324081498,ок
1658206919,ок
7716560101,ок
6168057270,ок
7202151894,ок
5030053993,ок
7724843738,ок
2320121110,ок
9718077983,ок
3812132278,ок
7806557706,ок
7804553054,ок
3528314628,ок
5752038105,ок
7536113947,ок
1656052501,ок
3808276414,ок
7726737541,ок
4703156697,ок
5031044617,ок
5044095337,ок
7743357483,ок
0725005013,ок
2310159404,ок
7726363977,ок
7708737877,ок
7715432964,ок
5903061003,ок
7702644859,ок
7728504983,ок
6230084302,ок
7725341843,ок
3912014648,ок
4218002300,ок
7703779810,ок
3326005514,ок
7733584430,ок
7704485097,ок
5031077796,ок
7724335558,ок
7814129214,ок
7727757678,ок
1660242336,ок
2537077410,ок
4632173132,ок
7708650023,ок
7729780129,ок
6154113365,ок
2902070169,ок
7730161902,ок
1435226460,ок
4205052720,ок
7811380525,ок
7811594580,ок
2308249410,ок
6330072170,ок
6330086455,ок
7717768279,ок
1435246770,ок
3328480219,ок
2124028732,ок
9102035520,ок
1646031870,ок
9725080313,ок
1660146209,ок
2721130779,ок
2723079045,ок
7714460831,ок
7813643963,ок
7811770050,ок
9110022042,ок
3305800021,ок
2221122875,ок
1435128505,ок
2224083952,ок
4345332117,ок
0708013127,ок
7720385460,ок
3702120336,ок
5310014933,ок
2011003857,ок
5010031279,ок
1644067246,ок
1661034120,ок
7720631330,ок
3435106209,ок
7820058787,ок
7802366549,ок
3301033213,ок
2724177221,ок
7842159186,ок
5406614963,ок
7715954801,ок
2310037639,ок
5190192071,ок
3906115359,ок
5835102361,ок
3233500724,ок
7810434986,ок
5903089993,ок
0277042201,ок
0273944657,ок
3128042634,ок
9701119586,ок
0277919570,ок
4029015705,ок
5022052210,ок
3102037196,ок
3255052593,ок
5614047881,ок
6321447391,ок
7729703237,ок
7720467120,ок
7810977630,ок
7723896423,ок
7706790804,ок
6439045947,ок
5835064927,ок
4824098256,ок
5250037771,ок
0275083259,ок
1831100239,ок
4401109570,ок
7609017236,ок
2454025987,ок
1829014889,ок
7455015483,ок
7810635996,ок
1709006244,ок
5027142996,ок
7724339489,ок
3906283628,ок
3525331086,ок
2721254245,ок
2511054225,ок
6168073585,ок
1310000490,ок
7728367511,ок
5609095760,ок
7814487033,ок
2904030556,ок
2464134287,ок
7816595980,ок
7727435920,ок
7721718986,ок
6229034025,ок
7203405767,ок
7721781787,ок
7840039278,ок
7706799902,ок
5243031137,ок
7725621449,ок
5262289090,ок
3665100226,ок
6950212491,ок
1660196295,ок
0608023869,ок
2443017871,ок
3123084126,ок
5032311255,ок
7724925540,ок
2465142756,ок
5034033420,ок
7715947434,ок
7813540090,ок
7734432744,ок
4632085454,ок
9701063446,ок
6146005359,ок
3662063946,ок
7703767204,ок
0273054510,ок
6161053678,ок
2801061947,ок
3127502303,ок
7733056832,ок
0238006023,ок
7811126053,ок
7730667569,ок
7726229121,ок
3525375453,ок
1435140527,ок
3250515270,ок
7730542778,ок
7839141870,ок
2310228601,ок
2317058596,ок
7810207408,ок
3804040337,ок
3662130007,ок
2460109610,ок
7704404637,ок
7716891512,ок
0273931506,ок
2311260742,ок
1614012289,ок
7730288296,ок
0278972697,ок
6685083430,ок
3664250236,ок
4632157356,ок
2722061302,ок
3702572685,ок
2124027506,ок
6324084026,ок
7612042730,ок
5254490936,ок
2905013105,ок
7751041726,ок
7720725839,ок
7816733904,ок
7727287260,ок
5031129204,ок
7721835231,ок
9718110207,ок
6676005763,ок
6451430021,ок
2721197290,ок
6453064483,ок
7702418257,ок
4345416769,ок
3528133413,ок
5254488278,ок
3245500285,ок
1639037359,ок
6154145568,ок
3907048190,ок
8603214744,ок
7325163843,ок
3255042919,ок
9723132527,ок
7107523920,ок
6449037751,ок
7017299494,ок
5038131499,ок
5262311940,ок
1605007282,ок
6330080510,ок
7202255565,ок
2628036073,ок
1658204132,ок
7814812678,ок
1306076457,ок
7723649640,ок
0107026450,ок
7705882467,ок
3666178923,ок
0917020551,ок
2632068374,ок
6670474744,ок
7726757876,ок
2450013571,ок
0278907627,ок
1652026645,ок
6501168943,ок
5918017399,ок
0277079681,ок
0105039990,ок
5803018420,ок
5702004012,ок
5022048358,ок
6658220180,ок
7710965503,ок
7717788148,ок
5029177289,ок
4632192400,ок
3123356570,ок
6143025572,ок
2311306740,ок
1102077974,ок
5016012554,ок
9102253670,ок
9729225111,ок
5032119336,ок
7724649709,ок
5751201863,ок
1841103655,ок
7731343648,ок
6825007671,ок
6143076390,ок
3528184471,ок
7106078835,ок
0277111649,ок
3662268580,ок
0268026468,ок
4345138374,ок
7802699844,ок
7733385308,ок
7721828770,ок
4217151612,ок
6731069859,ок
4205362288,ок
7708742002,ок
3666106573,ок
3664218401,ок
5254490911,ок
3321024175,ок
7722586919,ок
0545025878,ок
1650124238,ок
0323350683,ок
2460089964,ок
3257012719,ок
2521015063,ок
7203474129,ок
5042079570,ок
3127508626,ок
7743168060,ок
7448100515,ок
7721589794,ок
7536047740,ок
1660251690,ок
7709900396,ок
7721744577,ок
6439092320,ок
1840022971,ок
4205263463,ок
3827053357,ок
6501276804,ок
1623010707,ок
7727717058,ок
3906351589,ок
5405469495,ок
7802858974,ок
3257038178,ок
5403015520,ок
7705529558,ок
7104511556,ок
0916006025,ок
6684029630,ок
5751061704,ок
7701087570,ок
3257014924,ок
7901542812,ок
3805708786,ок
6312160258,ок
7802922852,ок
7616007006,ок
7708778834,ок
7714784890,ок
9701066415,ок
2540042270,ок
3662258085,ок
7725458697,ок
9731014460,ок
9723092472,ок
6722013698,ок
3528269326,ок
7714549705,ок
7713417505,ок
0272019022,ок
1650350276,ок
5074057875,ок
7802488635,ок
7708207936,ок
5009075659,ок
1101120465,ок
6674354166,ок
5920046164,ок
7813213103,ок
7816561821,ок
7725780583,ок
6234132853,ок
6449018692,ок
5902046644,ок
7721780504,ок
5835124439,ок
7724949276,ок
1435152748,ок
5473005621,ок
7839443165,ок
1901076374,ок
9200004288,ок
6321281611,ок
2723089646,ок
6670329659,ок
6149005237,ок
2723123590,ок
2224196610,ок
2723197401,ок
7718284143,ок
9725042124,ок
7448163642,ок
5410788000,ок
7727779294,ок
7326041830,ок
0521015888,ок
2261009393,ок
2465186094,ок
1655136011,ок
2540249420,ок
7724818890,ок
1660111830,ок
6167086310,ок
3525278033,ок
3627019937,ок
6504003724,ок
7718723898,ок
3627019630,ок
4825148333,ок
2462208409,ок
9705178649,ок
7731466833,ок
7705860061,ок
7720803653,ок
6451012698,ок
0901046829,ок
5404049650,ок
3524016564,ок
7708309350,ок
5503112486,ок
2223624415,ок
5047213290,ок
6321408434,ок
2225147060,ок
7704356824,ок
7708506936,ок
4634011987,ок
5032296670,ок
1435125832,ок
2366000327,ок
1649016260,ок
7204200297,ок
6686107429,ок
1327014162,ок
3123084870,ок
3607004890,ок
3255052603,ок
0264072350,ок
7443007720,ок
7735587081,ок
7724731801,ок
5027250649,ок
2466257083,ок
0277122200,ок
1828021957,ок
0274184631,ок
0276936051,ок
5836682108,ок
9102233843,ок
7724424720,ок
3663097063,ок
5405292417,ок
5260476418,ок
7707439613,ок
2536259256,ок
6161073145,ок
6166051748,ок
2127311829,ок
8607115543,ок
7727647682,ок
3525332971,ок
5012071051,ок
3814997157,ок
5836671360,ок
0277107508,ок
1659200412,ок
3528287163,ок
2465177406,ок
7455036927,ок
5906072660,ок
5501258916,ок
6316114277,ок
7702543850,ок
5501257006,ок
7702418779,ок
7404047744,ок
6320028239,ок
2130136415,ок
4825067331,ок
3702595178,ок
7714803140,ок
7713718291,ок
1001273500,ок
6670091533,ок
7734433515,ок
9108006124,ок
7806548349,ок
5404230930,ок
6732060062,ок
2311250208,ок
5038083439,ок
6829051167,ок
7722381534,ок
9718114554,ок
1658186300,ок
0608003647,ок
6501231810,ок
7814686208,ок
9102216164,ок
7720353436,ок
2320203476,ок
4345449796,ок
9705000180,ок
7718554287,ок
7805253374,ок
5040126094,ок
7727393004,ок
5049021459,ок
6312199255,ок
6311018869,ок
5930004100,ок
6215015030,ок
5835103291,ок
7842141848,ок
6230101702,ок
8902014239,ок
8604043354,ок
1657189643,ок
2636809256,ок
6671036172,ок
6382072333,ок
6829146612,ок
4401162800,ок
6670179266,ок
6027107739,ок
5018162026,ок
4027121634,ок
7718716516,ок
7733636689,ок
7717732970,ок
7451450936,ок
0276041639,ок
2634808970,ок
7713402611,ок
2635238088,ок
6452133712,ок
3257042128,ок
7702469734,ок
7710514613,ок
5050121641,ок
6615011230,ок
7806344909,ок
7813213382,ок
6312122502,ок
6312132148,ок
2630048950,ок
4632064013,ок
5263023543,ок
1700000368,ок
7703335211,ок
5205006034,ок
7453038929,ок
3525278548,ок
2310179030,ок
2209027657,ок
1655292998,ок
7714140609,ок
0554005042,ок
2466082531,ок
7703598443,ок
7703724497,ок
6168079033,ок
3528237525,ок
7455017681,ок
1326252453,ок
5427106216,ок
7713719714,ок
7128014056,ок
3001041598,ок
8911027932,ок
7807373564,ок
5752040249,ок
1651065183,ок
1101122984,ок
1645014649,ок
7728635249,ок
1603002962,ок
7724947381,ок
6163065414,ок
7727309637,ок
5018153342,ок
7203336922,ок
1655433720,ок
3811443922,ок
2466199219,ок
1644000731,ок
3711020264,ок
1639037912,ок
2625030073,ок
7811422670,ок
2623015143,ок
5190021090,ок
5052014490,ок
6311168945,ок
7811612470,ок
7801310166,ок
6311132882,ок
6027149288,ок
7802597176,ок
1626010430,ок
5835061563,ок
2460102679,ок
4217120205,ок
6674365591,ок
2116000557,ок
5425024039,ок
5919024247,ок
6324071764,ок
9704144502,ок
5105094975,ок
6685115762,ок
1660137638,ок
7448111764,ок
9110022028,ок
6324088609,ок
7205021269,ок
3443928844,ок
4632288398,ок
2308196582,ок
7705798896,ок
4401056921,ок
3804026068,ок
1216031540,ок
6449085917,ок
4707034918,ок
7802871615,ок
1651080449,ок
6685116011,ок
6455047123,ок
1644050362,ок
6382077050,ок
5321171938,ок
3526028854,ок
7733849623,ок
9729161637,ок
7203515382,ок
7716928949,ок
7536099918,ок
0266017387,ок
4345061668,ок
3328490591,ок
5920021868,ок
2464233721,ок
3123154782,ок
5404148562,ок
7116505885,ок
2130071729,ок
2721203674,ок
3525418160,ок
5032157349,ок
4707048325,ок
7416005379,ок
2130163930,ок
1659160512,ок
9725029765,ок
6234001868,ок
7806341601,ок
3426013251,ок
2462221456,ок
6724006801,ок
6671090042,ок
0275924254,ок
7724917443,ок
0275909030,ок
3812531096,ок
7704700393,ок
9715264199,ок
1656056827,ок
3663053179,ок
4011026230,ок
6670334031,ок
7455015035,ок
1644071299,ок
7104082378,ок
6381003915,ок
2724171163,ок
5528032803,ок
3849035697,ок
5024123057,ок
4218107775,ок
2342014338,ок
4246015460,ок
7718875837,ок
6658413294,ок
5260094521,ок
1644054857,ок
5614065520,ок
6678061379,ок
1616011548,ок
4011028220,ок
3834014253,ок
5903057945,ок
3435114143,ок
5042054455,ок
7716686312,ок
7736339290,ок
6950223937,ок
2103002606,ок
3663070400,ок
8620022665,ок
7203137469,ок
7811705847,ок
9102020228,ок
7814293430,ок
5029206758,ок
4705078814,ок
0107025270,ок
5501236824,ок
9723000344,ок
5050104300,ок
6164130602,ок
5401984921,ок
3663118186,ок
7724181844,ок
7719798222,ок
2721242955,ок
6950050145,ок
7202223789,ок
7841049889,ок
2624033280,ок
5902231541,ок
0276943669,ок
8603094719,ок
8608056467,ок
7720566402,ок
5981000939,ок
8911028125,ок
7709753800,ок
2983005278,ок
7730716632,ок
4253038203,ок
6507013576,ок
4205281818,ок
7806498578,ок
4707038729,ок
7203455430,ок
7730700015,ок
3811122894,ок
5261101490,ок
6027156550,ок
0274971639,ок
2350012006,ок
5405352955,ок
5050083192,ок
0272020170,ок
7112500727,ок
7721620684,ок
7727818320,ок
7813105556,ок
2722071621,ок
2301093108,ок
6345020440,ок
6319726246,ок
5401958488,ок
7817086939,ок
3257082579,ок
9718193161,ок
7724226855,ок
5048031655,ок
0264067223,ок
7718973457,ок
3120013159,ок
3849029855,ок
1327022163,ок
7727337232,ок
7456007326,ок
2404016899,ок
4632126735,ок
3811159397,ок
9723132647,ок
5007048730,ок
7734669729,ок
7813497720,ок
7106047347,ок
2311264232,ок
6330071000,ок
3460081614,ок
2301097335,ок
7728437889,ок
9715223410,ок
7810828557,ок
5027294565,ок
5405974032,ок
7720363508,ок
2465347111,ок
1327032027,ок
5609174475,ок
7723596596,ок
5836898185,ок
4823056743,ок
4823035581,ок
7729565410,ок
7840065221,ок
2320185883,ок
4345460831,ок
4825098509,ок
5914019028,ок
1501028834,ок
7727813770,ок
4825086937,ок
4401170832,ок
6325048334,ок
7718311541,ок
9717108808,ок
6950119541,ок
2318025882,ок
7720344270,ок
6382066629,ок
4510029205,ок
7901544658,ок
2130192603,ок
1435261240,ок
9102213727,ок
7714468005,ок
5406972415,ок
3310000302,ок
3665092568,ок
2901292810,ок
1020005714,ок
3663092442,ок
7448167333,ок
8602252970,ок
7709481794,ок
1660355403,ок
1656094318,ок
2635057074,ок
1660339627,ок
9723072363,ок
7807196308,ок
7722732736,ок
7714342154,ок
7325157590,ок
1650336909,ок
2721137830,ок
9731069188,ок
7704801426,ок
7842006486,ок
7743610545,ок
6950084909,ок
2538148230,ок
5027232992,ок
9102187650,ок
5519005909,ок
7203387998,ок
7715970419,ок
3815006842,ок
7453345447,ок
7806545676,ок
7719838098,ок
2312189267,ок
6442011063,ок
6633023870,ок
7743130122,ок
2352037542,ок
0276929720,ок
6829010989,ок
6829011414,ок
6820040844,ок
6452148758,ок
3804017899,ок
7328098409,ок
7328076211,ок
5024095032,ок
1644072863,ок
2727019720,ок
1657244157,ок
6312211270,ок
6311148917,ок
1616027971,ок
4802001736,ок
9728074163,ок
5024193110,ок
4028042865,ок
7727221277,ок
7724441228,ок
7604038634,ок
6950202493,ок
6950126034,ок
6950189796,ок
7802764324,ок
7452105731,ок
4025442086,ок
7202199945,ок
4205036608,ок
3234026289,ок
1655300462,ок
7751216165,ок
7728492833,ок
5032157797,ок
9715389790,ок
5406286840,ок
6732167792,ок
7734718542,ок
5404233200,ок
3329066473,ок
7733293061,ок
2540268750,ок
3123090930,ок
7718904767,ок
7725848432,ок
5262267385,ок
5032254494,ок
7720599207,ок
7725493980,ок
3128133112,ок
2315140887,ок
7725740615,ок
0603278380,ок
0608007923,ок
2726000607,ок
7841070545,ок
1650201620,ок
2014028521,ок
9717006122,ок
7733892636,ок
7722662937,ок
7327078738,ок
5431104814,ок
7807380522,ок
3665092720,ок
7718745926,ок
1650303460,ок
4909071905,ок
4824044677,ок
7810818816,ок
7536073268,ок
6318184311,ок
2130142176,ок
5262291941,ок
5905249924,ок
6820036100,ок
7713794013,ок
3257063079,ок
3305715030,ок
4825042640,ок
3662132893,ок
6901032908,ок
7719411482,ок
0276922010,ок
5051320488,ок
9718057137,ок
7604364758,ок
4825132911,ок
7606074821,ок
6234150387,ок
9723161976,ок
6672143120,ок
2466083359,ок
7716901231,ок
6325071125,ок
4025054654,ок
5024131379,ок
6230087494,ок
3525115173,ок
0266017323,ок
3917038498,ок
0106002128,ок
7704761607,ок
1828032010,ок
7806368219,ок
7810512480,ок
3662187645,ок
6167091704,ок
7813268511,ок
7708396747,ок
7814488767,ок
7720311556,ок
6685154507,ок
6685149105,ок
0257009598,ок
5226012293,ок
7802449259,ок
1643012519,ок
4707032533,ок
3664231723,ок
6001004506,ок
5047195280,ок
7714680185,ок
9702017940,ок
0278216443,ок
6679113319,ок
3525469831,ок
7603034676,ок
7810435524,ок
7804498075,ок
3528255242,ок
7602073440,ок
3906375702,ок
7207012446,ок
7727780050,ок
4632234032,ок
3525126320,ок
2319038531,ок
2905009437,ок
9102021944,ок
7901542227,ок
5904083271,ок
1840083269,ок
6367056834,ок
5902827253,ок
6506009908,ок
6027109454,ок
7602092146,ок
7743141660,ок
6409003636,ок
2722015440,ок
3849010290,ок
3662232930,ок
0274184952,ок
9728042940,ок
2460104605,ок
7451452161,ок
5249154375,ок
6679059044,ок
4826110413,ок
7734596326,ок
4253010991,ок
7707453382,ок
7704335214,ок
5249094341,ок
5032247049,ок
5036088897,ок
7204118589,ок
7328099402,ок
6678063520,ок
7713773366,ок
3627030730,ок
4607005952,ок
1650353372,ок
7840428980,ок
7826046883,ок
7813654027,ок
2015006418,ок
7819036147,ок
7536177740,ок
5048047704,ок
6455072955,ок
7729721540,ок
6950112553,ок
6315594430,ок
4525005119,ок
7734660268,ок
8612010137,ок
3827044708,ок
7704405704,ок
7204126244,ок
7726476900,ок
5008029787,ок
2543111645,ок
7716722049,ок
7604214008,ок
6672215537,ок
7813292828,ок
5029208667,ок
2225175035,ок
7455003544,ок
7710567848,ок
1837013141,ок
7430013692,ок
3702540034,ок
5410034387,ок
7733252280,ок
1215173710,ок
3849062080,ок
7813284915,ок
7838060392,ок
5405007067,ок
1402046938,ок
7709885243,ок
5838003778,ок
6127011614,ок
5614027532,ок
7730705976,ок
6316270445,ок
7743758365,ок
6330038966,ок
7703643230,ок
2631037768,ок
7118501445,ок
7722420776,ок
7725677628,ок
3444155932,ок
1644070256,ок
5107915232,ок
3804033717,ок
1435326070,ок
7707794826,ок
2537102040,ок
7713711730,ок
5001094716,ок
5263136593,ок
1901056000,ок
7726077038,ок
7726280632,ок
9715421130,ок
4415001143,ок
2209017183,ок
5751057842,ок
8602296920,ок
9701099876,ок
5433969161,ок
3662123049,ок
7714467548,ок
9723045458,ок
7706448693,ок
7722457744,ок
7203364373,ок
7202250373,ок
7804683977,ок
7719644631,ок
7713710951,ок
7735158734,ок
0608007747,ок
5256111693,ок
7717760382,ок
6950216009,ок
7204165839,ок
2630047788,ок
7703821003,ок
3123465837,ок
2538140256,ок
2508079526,ок
5906136730,ок
5906016577,ок
5904333732,ок
7736606442,ок
3123451506,ок
5906124780,ок
3651009168,ок
1646044607,ок
3528235060,ок
5507237430,ок
7751026615,ок
4401183849,ок
7726462209,ок
9704176494,ок
1655399846,ок
7460045130,ок
1503014820,ок
2723163138,ок
7701976548,ок
4824067811,ок
5504058457,ок
1832056712,ок
7714324469,ок
5047126449,ок
3702688986,ок
4501023951,ок
3906371426,ок
6164122224,ок
3811432494,ок
7806504574,ок
2503028542,ок
7727426620,ок
6685016867,ок
7714458487,ок
7733302647,ок
7460051342,ок
7720650397,ок
6829031844,ок
7734397426,ок
7810990221,ок
7705405168,ок
2302037547,ок
5905952421,ок
5506004658,ок
7206048626,ок
7206043723,ок
5263051318,ок
2908002694,ок
7838406555,ок
2543044734,ок
5027258207,ок
7017403280,ок
7017274299,ок
7017334565,ок
7017142045,ок
7017488491,ок
7703547625,ок
7725791056,ок
9723168731,ок
7720498030,ок
5262078074,ок
7714230309,ок
7804193404,ок
0326538443,ок
5321178517,ок
0571001143,ок
7452122624,ок
4205310949,ок
6452951813,ок
6449009546,ок
6658408181,ок
7813254413,ок
6670352915,ок
2311074496,ок
3525430591,ок
7116153834,ок
5260109792,ок
5043044749,ок
7203212934,ок
2540117350,ок
5402053065,ок
7743210434,ок
2704022685,ок
7802207193,ок
4519005054,ок
3314005069,ок
6672326830,ок
8605024971,ок
5044026848,ок
7728547440,ок
0606003296,ок
7722331491,ок
6321367160,ок
7813355612,ок
3443111040,ок
7736672420,ок
1513035730,ок
7720872752,ок
5250074830,ок
7606101306,ок
7728328431,ок
2312144121,ок
4706038885,ок
8911008023,ок
5406699999,ок
7204097730,ок
2312143223,ок
7716570043,ок
7203218950,ок
6732057790,ок
7203487174,ок
7716706424,ок
5904177716,ок
4823061253,ок
7716744395,ок
9723149182,ок
2508073972,ок
5406688242,ок
7724666447,ок
1435283564,ок
1649037894,ок
6501175475,ок
7702406981,ок
7813330914,ок
7814743826,ок
9710096864,ок
9731046141,ок
7705852617,ок
7719272447,ок
9723145011,ок
9729300190,ок
6330055150,ок
8620015724,ок
1215214967,ок
7726686671,ок
7734455981,ок
5911065890,ок
6449091741,ок
7449118258,ок
1513063897,ок
2130209261,ок
7840349953,ок
6163134450,ок
7708643876,ок
2723210268,ок
2315210140,ок
6672204503,ок
9715411171,ок
9718045653,ок
3907202653,ок
2128703152,ок
7714482465,ок
9723132277,ок
6154097900,ок
7706460228,ок
7224044007,ок
5003118190,ок
5027210212,ок
5027185492,ок
5250017768,ок
4217105091,ок
7721732282,ок
7721426849,ок
6685102153,ок
6671449532,ок
1435252608,ок
7708313540,ок
7719885852,ок
7106525642,ок
6234177847,ок
9724071877,ок
5256097640,ок
7733848732,ок
5003105667,ок
7811730586,ок
7720783206,ок
5050090619,ок
1435114830,ок
7105510668,ок
7104001227,ок
7105522198,ок
2365023931,ок
2721195455,ок
7715266918,ок
1611007548,ок
7703806580,ок
7709894657,ок
7204126170,ок
7204103416,ок
7224068488,ок
7204119039,ок
7203336792,ок
7204159264,ок
7202262516,ок
7203387532,ок
7203201298,ок
4205284174,ок
7721803590,ок
3662076078,ок
7612000190,ок
0323387154,ок
3849020130,ок
3528315205,ок
1832119779,ок
5947998675,ок
9723139924,ок
4501173026,ок
7702738592,ок
7733378766,ок
0277949053,ок
6677006520,ок
3702247847,ок
0275073500,ок
1121019209,ок
5612064458,ок
8602108510,ок
6501193587,ок
5003106460,ок
1435255983,ок
7708251854,ок
3661063710,ок
3435106713,ок
6501105407,ок
7713733155,ок
7810337728,ок
5911052605,ок
6684007997,ок
6658431487,ок
7701747812,ок
8605023914,ок
6686081403,ок
2318042976,ок
3235010161,ок
5247018899,ок
7801227091,ок
7329004876,ок
1841096920,ок
7719874113,ок
7704785407,ок
4345183962,ок
4619004209,ок
6658414058,ок
0323115136,ок
1323124911,ок
5018202857,ок
4028022467,ок
1200004861,ок
7725115805,ок
1659181600,ок
0277002914,ок
7715941640,ок
7207013560,ок
0264067544,ок
1639047364,ок
0326019303,ок
5321096705,ок
7733838269,ок
7705609387,ок
7707843897,ок
4632172097,ок
6729030565,ок
5503218323,ок
3123320694,ок
7707351091,ок
1651074999,ок
2630022230,ок
4205241702,ок
7203297663,ок
2127310416,ок
6731049242,ок
7816283211,ок
2130104029,ок
6311162213,ок
5638015720,ок
5914017292,ок
1326220525,ок
7841416923,ок
2302065223,ок
7802669430,ок
7723803429,ок
7803050192,ок
9701107573,ок
5027005679,ок
7801413683,ок
7816267971,ок
5043074870,ок
4027071430,ок
7536090200,ок
6146002774,ок
9102045582,ок
7724852757,ок
9703066435,ок
1326191916,ок
3906269172,ок
7722689696,ок
4909113369,ок
7117502478,ок
1660275998,ок
2465177452,ок
2461042084,ок
6820027360,ок
5903030157,ок
6672306833,ок
6671077965,ок
6633009957,ок
5903060240,ок
0266046211,ок
6672161747,ок
4501137050,ок
0270406026,ок
6685106260,ок
7453304000,ок
7451071906,ок
1830016714,ок
6679104152,ок
7203204524,ок
5610080831,ок
6670319812,ок
7451448493,ок
6670276823,ок
7453279018,ок
5903073908,ок
5638068320,ок
0278154324,ок
5906078044,ок
6648682555,ок
7445030700,ок
0276918253,ок
6670500225,ок
7455013408,ок
6679027099,ок
6658225212,ок
5919019328,ок
6684033612,ок
7451087800,ок
6646009908,ок
7451340235,ок
5610071594,ок
6670298009,ок
6658403553,ок
6607011332,ок
7448203528,ок
6658078487,ок
7418016792,ок
7447150898,ок
5911061649,ок
6672309922,ок
7448184593,ок
0242009771,ок
6658409315,ок
7422027564,ок
0278153546,ок
5609183776,ок
7444049635,ок
0276099759,ок
5904215390,ок
8901020705,ок
7449022482,ок
5906017612,ок
5614014188,ок
5638050428,ок
6685031047,ок
6659207600,ок
6623074227,ок
6671388294,ок
6670457989,ок
6623077852,ок
6672341411,ок
1655279884,ок
7720494780,ок
1657243548,ок
7801653646,ок
5402065381,ок
6829161681,ок
7203462317,ок
1400005781,ок
7734182526,ок
1106031113,ок
2440007547,ок
3444107745,ок
2101005016,ок
2511077737,ок
1121027760,ок
2907017095,ок
5902865964,ок
0276086728,ок
0277116358,ок
0278135900,ок
1102073810,ок
7024036513,ок
4023007497,ок
2103004674,ок
0542034384,ок
7731452679,ок
7733332793,ок
7724456087,ок
6234194480,ок
7204206179,ок
2710015887,ок
2310167035,ок
0554002210,ок
0219008057,ок
7806176500,ок
6723005202,ок
5262384586,ок
5024124205,ок
7743351763,ок
1400008020,ок
7723453904,ок
6164137069,ок
1660062894,ок
7731345620,ок
5005056736,ок
7734429406,ок
7703439820,ок
6312117189,ок
3906255420,ок
3460080057,ок
0278213146,ок
7720824798,ок
2463053613,ок
2348037331,ок
6230037253,ок
7801700374,ок
6950247832,ок
7705895868,ок
7730273490,ок
3662125670,ок
7730277583,ок
5029172308,ок
7751179308,ок
2801230634,ок
2006001727,ок
6829115653,ок
7804455145,ок
7727838817,ок
6234112857,ок
7723535811,ок
3250064933,ок
3917050921,ок
0276965782,ок
2010001310,ок
7715850369,ок
1435186296,ок
9703091745,ок
9701001721,ок
9701217181,ок
1657096614,ок
7721852318,ок
6215001615,ок
5406975021,ок
9704023628,ок
2466252279,ок
1659074662,ок
3811998593,ок
3811157488,ок
5001092500,ок
4205201019,ок
7810532969,ок
7709513615,ок
7806593870,ок
2308010750,ок
7802276750,ок
7726238126,ок
7727626308,ок
2129014959,ок
5609036147,ок
7610037251,ок
0562021538,ок
0278190280,ок
0274141081,ок
0277074620,ок
7805081823,ок
6234152384,ок
5040007330,ок
3665076132,ок
0274101890,ок
2902036305,ок
7726435759,ок
9717084314,ок
4826139814,ок
6949011977,ок
6671463431,ок
7728427954,ок
1686008443,ок
7723322796,ок
7722770273,ок
1840110956,ок
1327004862,ок
9723134972,ок
7839031725,ок
9705111919,ок
7606100045,ок
2311170457,ок
0107027037,ок
9728029788,ок
7839469188,ок
7730285707,ок
6318033016,ок
7610128205,ок
6432005085,ок
7810939426,ок
7456034270,ок
2311161029,ок
9701201840,ок
7816319041,ок
5404456528,ок
5404041266,ок
4205209843,ок
5260386411,ок
4205355259,ок
3528324175,ок
7715890403,ок
0326477649,ок
9706021270,ок
3821007555,ок
6439035392,ок
5256130760,ок
6924012496,ок
7840081294,ок
5260367031,ок
6658464404,ок
2130149260,ок
6450109200,ок
7524014902,ок
6317112762,ок
7114023170,ок
7729685316,ок
7719795856,ок
7707719459,ок
7326044292,ок
7731354230,ок
7731482024,ок
2721131243,ок
3851992767,ок
5260363213,ок
6166061070,ок
1657222964,ок
7604226395,ок
1901061603,ок
1902015649,ок
5021000339,ок
7202100988,ок
0278948849,ок
7734734600,ок
6167006628,ок
1504034201,ок
9104000964,ок
3652012396,ок
7733356089,ок
4312134293,ок
7704396873,ок
7728050401,ок
5047160200,ок
7801552415,ок
4205261339,ок
7703421051,ок
4401177468,ок
4707038430,ок
6829117058,ок
7703410557,ок
7203471343,ок
3810333356,ок
2308135100,ок
7736210360,ок
7801313223,ок
2724134186,ок
2901232970,ок
6820036823,ок
9725041924,ок
4703038220,ок
7730275032,ок
7715984348,ок
7709960236,ок
7720794279,ок
2801197232,ок
2537082756,ок
7704126651,ок
2713020130,ок
2508003742,ок
2801187308,ок
7717291331,ок
4025449758,ок
0274926682,ок
7412011653,ок
7729672028,ок
5001117650,ок
6155049909,ок
7719805550,ок
7202197320,ок
5501110620,ок
6685108420,ок
6670433307,ок
7710949124,ок
3702545730,ок
3253003375,ок
7100001018,ок
7719771206,ок
6671426616,ок
7733296986,ок
7718169528,ок
9204567806,ок
9204561160,ок
7743187513,ок
6027115190,ок
7714492914,ок
2636048259,ок
7447081450,ок
7814400650,ок
4205106189,ок
7825483746,ок
7715692401,ок
9701092454,ок
6234126578,ок
3906292855,ок
4027052490,ок
7708816617,ок
7725284176,ок
9705163794,ок
7718514100,ок
3525168721,ок
4027143980,ок
7725687545,ок
7715516075,ок
6234055944,ок
7116507184,ок
6319162864,ок
5260419709,ок
7802868500,ок
5256090500,ок
9731039987,ок
5040134095,ок
7701409468,ок
7804601413,ок
6335010266,ок
4253025211,ок
1650129243,ок
7447037444,ок
7453275983,ок
7453250192,ок
7448068100,ок
7453233292,ок
7424032834,ок
7449041630,ок
7422042650,ок
3662248601,ок
3820007545,ок
3528080401,ок
2309113740,ок
5247054209,ок
2129057159,ок
2129050844,ок
2002003025,ок
0608018763,ок
3906334350,ок
7536074342,ок
8709009520,ок
7710687422,ок
3528060927,ок
0326538813,ок
7804397292,ок
5024226246,ок
7816100958,ок
1109006690,ок
9701002644,ок
7814604734,ок
4706045378,ок
5261032662,ок
7802365087,ок
7728861375,ок
6453133218,ок
2464124842,ок
3664232766,ок
7604331167,ок
7842135668,ок
1650400223,ок
7804690195,ок
5012061335,ок
3311015615,ок
6321155173,ок
7325147665,ок
3662130663,ок
6027055992,ок
3663090580,ок
4217041049,ок
7802786920,ок
7715433189,ок
7709882387,ок
7453255144,ок
7842146500,ок
7728860413,ок
7701991916,ок
6323083171,ок
7801338933,ок
2459020661,ок
5074036642,ок
7734531960,ок
7724414961,ок
7716242444,ок
9725072023,ок
1101034939,ок
7702310165,ок
4823058324,ок
7743222334,ок
5046071067,ок
9728021845,ок
1658175266,ок
6670259419,ок
3328015959,ок
6357942336,ок
4003016937,ок
7718699317,ок
1655274420,ок
6670492670,ок
4401155792,ок
7733006285,ок
3827046818,ок
7710969113,ок
2222045542,ок
5009088866,ок
5256177609,ок
7701404050,ок
4205347900,ок
6323099340,ок
1657220029,ок
5902132117,ок
5905230070,ок
8904043789,ок
7728830850,ок
5029039828,ок
4824062098,ок
4826060635,ок
5190085369,ок
7801610931,ок
2116497890,ок
5902883321,ок
7727631033,ок
7724653670,ок
1655422453,ок
7106528940,ок
5243021925,ок
3123300970,ок
1102052000,ок
2635222257,ок
5003048183,ок
7811542374,ок
7724431526,ок
3666001549,ок
3019027058,ок
7811264494,ок
9701211800,ок
8602254952,ок
6143062172,ок
6450066475,ок
6450055681,ок
0562014450,ок
3308004130,ок
2503023255,ок
3510004801,ок
3665103989,ок
5047085697,ок
7811596958,ок
7811480174,ок
7701592284,ок
5902168924,ок
5404275507,ок
7805249057,ок
3017052740,ок
3651005974,ок
3441031329,ок
6316156936,ок
2724227240,ок
3810341438,ок
5404090129,ок
2308121435,ок
7814617229,ок
5501207189,ок
7455024456,ок
1434041474,ок
5261082060,ок
6330060915,ок
6312009610,ок
6685200993,ок
7733807503,ок
7730264087,ок
7725404229,ок
7451385973,ок
4632100991,ок
0706005113,ок
9703072502,ок
0608040896,ок
7701940534,ок
1831080198,ок
2609024241,ок
1326246925,ок
7716773477,ок
6324015801,ок
5904057377,ок
7203357947,ок
6027194682,ок
7733325010,ок
7743104147,ок
4205118392,ок
7710691468,ок
2315224400,ок
2723146527,ок
5024132446,ок
7838506239,ок
6319075650,ок
7714919265,ок
8602263629,ок
3003006341,ок
3435043990,ок
1655418190,ок
2304066656,ок
7813253579,ок
7814454503,ок
4632069029,ок
2315993797,ок
0273040820,ок
9718026001,ок
7704408656,ок
7728309809,ок
7736538802,ок
7805729582,ок
2901259669,ок
1660154055,ок
7715573852,ок
7715954657,ок
4616006350,ок
5902886273,ок
6102059212,ок
2311264017,ок
4309005562,ок
7720488634,ок
6679056660,ок
2723090480,ок
3664095781,ок
7810876800,ок
7727483963,ок
7706511049,ок
2443046294,ок
6665008040,ок
6679007776,ок
0309012153,ок
7839073370,ок
1645026549,ок
7715662284,ок
6673210179,ок
7710626490,ок
3435122225,ок
7708577990,ок
7456028407,ок
9110000680,ок
7810938550,ок
7702774181,ок
7724708062,ок
7702803749,ок
7802555560,ок
9725052605,ок
6317101591,ок
5012048091,ок
7203249571,ок
7725778376,ок
1616004646,ок
6629013703,ок
8603214286,ок
7816673540,ок
1651052642,ок
2343018350,ок
6162043954,ок
5009062650,ок
6672274003,ок
0323365312,ок
1840042696,ок
0510010782,ок
2723202203,ок
4825131700,ок
6454121536,ок
3911016071,ок
7723657827,ок
5906094423,ок
2543121643,ок
0272908649,ок
0721003992,ок
5047129312,ок
2308109766,ок
6829083955,ок
3665004353,ок
7203161670,ок
5001065948,ок
7810006934,ок
6674158098,ок
7704676969,ок
6312142523,ок
1656075202,ок
7113503880,ок
3510005570,ок
3525194150,ок
5044056105,ок
3443121070,ок
5001041055,ок
1328011816,ок
6901050470,ок
8620017802,ок
3808052100,ок
3435088623,ок
5259020772,ок
1657235480,ок
7720698889,ок
3702199304,ок
7203332558,ок
3435097410,ок
1655384303,ок
8603173760,ок
5047205764,ок
7802557367,ок
7743668640,ок
7708348856,ок
5405002407,ок
7714967999,ок
6670370199,ок
7802683259,ок
7719810631,ок
7802625585,ок
5643005195,ок
7702681515,ок
5410044762,ок
2222862706,ок
1435026180,ок
0274916250,ок
3123378447,ок
9709063720,ок
7714429084,ок
7709407790,ок
7722487555,ок
7701877057,ок
7452034583,ок
7722389205,ок
0274109909,ок
1609013880,ок
1655463185,ок
5105014909,ок
4824069657,ок
6658358759,ок
7017116743,ок
2222861974,ок
2371001848,ок
7806242801,ок
2466290002,ок
2310227936,ок
7536141535,ок
7722784942,ок
0278182057,ок
7728192558,ок
3122014373,ок
7728711147,ок
5003059160,ок
6165176663,ок
2901224994,ок
7733318630,ок
9704020497,ок
5021017396,ок
2302060923,ок
2367004229,ок
3444186948,ок
7327023351,ок
2320165206,ок
6165092043,ок
6102059131,ок
8612012085,ок
0276062068,ок
0917034120,ок
9719015838,ок
7723568486,ок
4823070836,ок
8604038393,ок
8601054573,ок
3445110211,ок
6162078072,ок
8601055947,ок
8610030709,ок
7203429045,ок
8603180936,ок
8603139896,ок
6685026590,ок
8602007576,ок
8610026879,ок
8602260201,ок
2318041926,ок
9102013326,ок
6167127284,ок
2311129321,ок
5401148571,ок
2315212299,ок
6162068194,ок
2614018518,ок
2306018640,ок
9201530580,ок
3460056777,ок
0721005830,ок
7743307059,ок
2632104953,ок
0725022851,ок
2320223296,ок
2311333447,ок
2632107190,ок
6163095507,ок
3435125314,ок
2312208150,ок
2302061677,ок
6154565851,ок
2636036951,ок
6167056611,ок
2310101500,ок
0917038380,ок
2315164285,ок
2013433446,ок
6165186037,ок
1516609863,ок
2536278210,ок
2014010316,ок
2623802045,ок
6118008728,ок
1515909790,ок
2311196409,ок
0603283831,ок
6167073060,ок
6154136732,ок
9103001404,ок
2301078558,ок
6518008673,ок
0272018371,ок
1516621229,ок
0411167670,ок
9101004760,ок
2631019737,ок
7453167272,ок
5902025274,ок
7810828170,ок
7806474947,ок
1635009329,ок
2311283250,ок
3906326092,ок
7724677689,ок
4029051904,ок
6679032532,ок
6671261026,ок
9701210718,ок
7727408500,ок
7701659309,ок
7717781390,ок
7717534270,ок
8911028132,ок
7801716180,ок
3252005588,ок
7717683890,ок
7727830399,ок
0242010713,ок
7704829100,ок
7727584778,ок
5008025870,ок
1701039720,ок
6669014728,ок
7720549855,ок
7438016060,ок
7718641451,ок
4025430242,ок
6330007950,ок
5044034542,ок
4253010303,ок
2315213800,ок
3123381538,ок
2310110790,ок
2010008764,ок
7814127961,ок
9103000182,ок
8911014193,ок
8901016434,ок
8904076738,ок
8904082259,ок
8904028692,ок
1657238354,ок
3906221283,ок
7602110885,ок
7606056854,ок
7604299643,ок
7606079153,ок
7602028775,ок
7720846801,ок
7627051896,ок
7610075419,ок
7604248060,ок
6671018896,ок
7604275346,ок
5007033011,ок
5903024308,ок
5075029038,ок
1840016939,ок
6950240837,ок
7721776480,ок
3662194113,ок
3015090323,ок
5407263348,ок
6658523441,ок
7604133119,ок
7703592360,ок
2224203233,ок
7714876558,ок
7704841066,ок
0277051220,ок
3661071824,ок
7716761369,ок
6623099687,ок
1655450387,ок
0277139690,ок
7204176189,ок
7729494230,ок
7703241997,ок
7203372134,ок
7707437849,ок
2465174194,ок
1435291075,ок
2311070188,ок
7724870548,ок
1402017528,ок
6606036599,ок
6674354864,ок
1650239510,ок
2310108390,ок
2225162100,ок
5406755724,ок
5408233106,ок
2463059894,ок
2221238887,ок
1435268421,ок
7801326342,ок
3444195484,ок
4443022963,ок
6382043082,ок
5614077572,ок
7724867200,ок
4207058036,ок
1102060924,ок
7453050154,ок
8609019034,ок
9701016076,ок
5258141848,ок
2516000230,ок
8603185652,ок
1903002145,ок
1001166459,ок
5406757457,ок
6686090528,ок
1633608550,ок
2005004443,ок
7604115649,ок
7729582818,ок
7726730592,ок
2636036863,ок
5402544232,ок
5408290827,ок
7701186148,ок
4824069294,ок
2443023498,ок
0274063059,ок
0276037311,ок
1628009825,ок
6317011330,ок
5405221952,ок
6166017874,ок
2320240559,ок
2722081330,ок
2723031950,ок
1658211429,ок
7708353782,ок
7716828623,ок
7801003091,ок
5108003422,ок
2014259624,ок
4028034984,ок
6150092925,ок
7710019697,ок
0276073567,ок
3528075673,ок
9731058806,ок
8611010920,ок
5258113294,ок
3006006325,ок
2312307337,ок
5948038050,ок
8902014623,ок
7448190734,ок
0250012591,ок
6316241772,ок
1655375919,ок
2464016822,ок
1650370385,ок
4632047770,ок
2312047745,ок
0274042965,ок
5406294858,ок
5035037836,ок
2357000909,ок
0276142789,ок
0273075020,ок
7743155832,ок
7537010704,ок
7606111343,ок
6952037365,ок
1840049733,ок
6154078216,ок
7536024013,ок
3123458741,ок
1328162389,ок
3019009637,ок
4212427345,ок
7021047891,ок
8904054325,ок
7105019604,ок
0275054770,ок
3025003552,ок
3017024380,ок
6315661647,ок
5321061942,ок
5116000016,ок
7118506644,ок
6452006922,ок
6382068062,ок
1215054270,ок
7453009558,ок
7743152246,ок
5260438758,ок
1433027798,ок
4345207860,ок
2618010630,ок
2222799571,ок
0278217870,ок
5401971200,ок
7202126545,ок
2465270885,ок
1660218446,ок
1833043314,ок
7806058954,ок
4230011967,ок
5405442616,ок
2628034492,ок
0278190474,ок
2224098998,ок
1649000171,ок
7448027590,ок
2221032646,ок
7730032150,ок
6143030526,ок
1327010560,ок
5042141098,ок
8709906784,ок
6321177561,ок
2015800490,ок
2901000306,ок
0274161680,ок
0273043821,ок
7536054882,ок
0547002107,ок
0245021417,ок
5406705071,ок
7723618881,ок
7703661293,ок
7453260698,ок
2511097518,ок
5905026364,ок
5401953610,ок
2312110901,ок
6452925362,ок
6318240140,ок
3664240189,ок
6230080876,ок
7451393935,ок
5406629159,ок
5263102107,ок
5027260911,ок
7719466731,ок
3702108836,ок
3123402869,ок
7724365513,ок
9729254698,ок
6950210102,ок
7627043535,ок
6518008578,ок
6658466779,ок
7806549504,ок
4707031473,ок
1659194134,ок
1616030195,ок
2308267667,ок
5030076430,ок
7536118127,ок
7728809209,ок
3257067429,ок
5032287549,ок
7811741669,ок
7718289913,ок
6671315539,ок
5261082663,ок
7460023480,ок
6324058562,ок
1650342395,ок
5501224900,ок
5405468420,ок
7717780854,ок
5405984880,ок
5602001890,ок
7604198109,ок
1658119575,ок
6312205614,ок
6316193582,ок
7453305645,ок
7453268263,ок
6686051014,ок
7725353422,ок
7447280008,ок
6679058509,ок
6319194270,ок
6670313497,ок
4825125294,ок
6670358018,ок
5027139129,ок
8603220850,ок
5503174732,ок
6950205543,ок
2538147540,ок
4205325511,ок
5247051920,ок
1686013813,ок
5258031531,ок
3460056897,ок
5402019064,ок
2312006139,ок
6679046976,ок
4028058054,ок
6501089145,ок
0701013142,ок
1001183454,ок
1306075380,ок
7725688115,ок
6102062670,ок
7840011219,ок
3327843653,ок
6164029828,ок
1660295320,ок
7451210660,ок
2460001399,ок
6829158110,ок
8904070510,ок
0323113259,ок
2312264725,ок
0533011535,ок
0326523359,ок
2508055910,ок
2503025397,ок
3662276870,ок
3662276895,ок
7448051385,ок
7606101810,ок
7704795660,ок
5321072550,ок
1435168723,ок
7448211504,ок
6730033514,ок
6324041030,ок
1841061067,ок
2623802415,ок
6316041861,ок
6165129230,ок
6165197180,ок
0411156276,ок
7453185426,ок
7714303772,ок
1901140686,ок
6678013921,ок
3906963510,ок
6452947581,ок
1657267845,ок
3662058103,ок
0274116173,ок
2536301684,ок
5025013890,ок
5611022790,ок
1207008978,ок
4632203108,ок
2315128375,ок
5445019862,ок
5406258698,ок
2312149874,ок
3127012330,ок
3907211591,ок
3907211633,ок
5433120579,ок
3616006140,ок
4720027099,ок
7321316785,ок
3250518136,ок
6449094968,ок
7450018152,ок
6901042590,ок
8617027487,ок
6154141958,ок
5075016751,ок
3017039989,ок
6730036219,ок
4028072130,ок
4025084289,ок
8601038701,ок
8913007106,ок
1435138983,ок
5614014766,ок
4401166441,ок
6449044283,ок
6453122760,ок
8904067003,ок
7224011820,ок
3907022185,ок
7423009021,ок
2827009532,ок
7604335041,ок
7536056600,ок
3009015261,ок
1655152239,ок
1650226416,ок
3808168391,ок
3257013624,ок
6670433184,ок
2312189274,ок
0277065054,ок
6454010427,ок
8904043595,ок
8602273031,ок
3015103854,ок
5262316681,ок
5260208112,ок
7709976613,ок
0326514530,ок
4345059130,ок
6730061712,ок
9704112853,ок
7328101524,ок
7327050919,ок
1501035052,ок
1515920378,ок
3662082794,ок
2311165665,ок
7453003764,ок
6452934991,ок
2224183393,ок
5609090384,ок
1659143147,ок
0263016970,ок
7536076903,ок
5404482221,ок
2318022602,ок
0278147542,ок
7725338047,ок
2904029487,ок
6141042798,ок
3241001824,ок
5803010284,ок
3811043434,ок
6732005079,ок
3203005112,ок
8622025206,ок
4826071443,ок
6727020882,ок
5190041080,ок
4345276039,ок
1660075460,ок
4826106495,ок
8910007570,ок
7536004747,ок
5838041075,ок
2626041832,ок
5402068382,ок
4102009176,ок
7203138261,ок
7327032966,ок
1657102240,ок
2311146937,ок
2311176025,ок
1328013010,ок
4102008990,ок
3233500080,ок
6317135375,ок
6453091656,ок
2626051171,ок
7536066609,ок
8601026738,ок
9715335594,ок
5027042960,ок
2222804334,ок
6165190185,ок
2465012193,ок
3301021289,ок
6952311586,ок
3123170167,ок
4632042348,ок
4028060536,ок
2632046797,ок
7326001355,ок
7719105485,ок
7104054275,ок
5040124650,ок
6501163455,ок
1611009048,ок
2334021525,ок
6671023173,ок
1511027438,ок
2466177617,ок
2005000505,ок
2543001360,ок
5262268364,ок
8610013781,ок
7205024277,ок
7447057955,ок
1103044795,ок
5503113553,ок
7801568013,ок
3662218406,ок
1647017250,ок
7447180500,ок
5032250926,ок
1658184126,ок
0278130612,ок
5246052223,ок
1658147815,ок
9721123340,ок
6319218877,ок
1327031104,ок
5030077786,ок
2304072650,ок
3666223012,ок
7719780183,ок
3711024163,ок
5503249515,ок
6318044917,ок
5401345428,ок
3443139293,ок
3808199294,ок
3664052322,ок
7731321115,ок
7720372904,ок
6685048770,ок
7728551648,ок
5050014329,ок
0265048382,ок
2460202514,ок
7453136309,ок
6316196569,ок
7727796765,ок
2005009120,ок
7751023685,ок
5050135411,ок
2614019046,ок
1840033941,ок
6679059407,ок
2310140354,ок
6320017340,ок
6321369908,ок
3662242938,ок
7203516393,ок
4618004407,ок
7203357922,ок
2465324731,ок
6163131201,ок
5908002266,ок
7453323274,ок
3849067963,ок
7813193866,ок
7716963407,ок
6671006315,ок
5038096808,ок
0264076570,ок
2466289840,ок
7404039359,ок
3811454057,ок
6915008729,ок
5504245954,ок
1901135608,ок
0572024633,ок
8609019299,ок
7447255393,ок
5041203457,ок
5402478646,ок
7722818214,ок
7449091768,ок
7203494630,ок
1840068380,ок
6679080511,ок
0511004703,ок
3665104291,ок
5829006677,ок
5829006691,ок
4405009231,ок
7205017833,ок
7701958098,ок
5405473452,ок
1660122092,ок
8610016704,ок
5407477558,ок
2460251007,ок
5617021899,ок
1101094896,ок
2465302505,ок
6685082796,ок
9729194311,ок
7723434605,ок
5402008626,ок
8602274010,ок
7455012524,ок
3810059706,ок
8620017739,ок
6658451613,ок
6679159000,ок
5614081900,ок
2303021331,ок
6628014729,ок
0277925302,ок
1327032281,ок
8601042176,ок
7024045236,ок
7451349132,ок
5404206976,ок
1435025933,ок
7453302475,ок
2465119161,ок
6686012745,ок
7453308501,ок
7841477771,ок
6671212533,ок
5401332387,ок
1400008140,ок
5610226872,ок
5262055180,ок
4345414176,ок
4401194350,ок
5501201966,ок
7725772938,ок
4825090901,ок
3911800423,ок
7203460493,ок
7453103952,ок
2626047418,ок
6658469402,ок
3327137545,ок
1601007436,ок
5001063186,ок
1604010540,ок
1326233316,ок
7451422174,ок
5404508536,ок
7448109557,ок
5610063770,ок
5407012760,ок
6164300950,ок
2465285497,ок
1650283573,ок
6658519572,ок
0261022016,ок
6234155642,ок
6165199830,ок
0261052998,ок
5406585455,ок
1656096971,ок
8602277910,ок
5009115284,ок
6679077420,ок
7203226574,ок
1831187825,ок
7606097850,ок
7727847000,ок
7718508202,ок
4223044672,ок
2724220910,ок
1655476201,ок
3849057370,ок
6501251221,ок
0572009113,ок
7805443978,ок
8610016006,ок
8602191452,ок
8617031109,ок
6150061821,ок
0570009125,ок
7449031688,ок
5245012531,ок
7604362510,ок
5260407213,ок
1832076934,ок
5046047963,ок
7451416244,ок
1639050590,ок
0273089569,ок
8602171914,ок
6901055260,ок
6658474498,ок
6319156451,ок
2308034775,ок
2315056040,ок
3257029920,ок
6501200925,ок
9724066877,ок
2721203917,ок
4824035714,ок
5044088770,ок
4345134813,ок
0545018736,ок
1655284186,ок
0273084507,ок
0277923111,ок
5260344281,ок
5258130444,ок
1417009777,ок
6357043219,ок
2222812230,ок
7451394551,ок
5517010886,ок
0277077194,ок
6313546007,ок
7718183378,ок
6163226333,ок
7721760152,ок
1624009045,ок
8602201809,ок
5404024038,ок
3018012436,ок
4027096434,ок
0326042133,ок
5401368344,ок
2628052276,ок
5501237137,ок
6382066428,ок
0276045224,ок
0278033520,ок
5619005211,ок
4025438562,ок
6678068222,ок
5407486094,ок
7814371448,ок
1831174801,ок
6670392682,ок
4312144326,ок
4823023924,ок
9721082310,ок
9724070552,ок
0603003890,ок
5262092664,ок
5256130167,ок
0273005640,ок
4629027075,ок
3810327521,ок
7203361492,ок
0262014900,ок
3663033415,ок
5017034504,ок
3666192910,ок
2466232875,ок
2204083834,ок
5053053439,ок
7203513258,ок
0278172612,ок
3666244982,ок
6312052157,ок
3016064414,ок
6369012582,ок
5214013648,ок
3666152347,ок
5610230195,ок
0278910620,ок
4223713468,ок
5024087835,ок
7704879013,ок
5407968228,ок
7715660921,ок
5911069503,ок
8602252828,ок
3906054610,ок
3827001863,ок
7602005489,ок
2636023085,ок
6670490954,ок
7803018008,ок
5320012822,ок
2348017350,ок
4345018052,ок
4347023700,ок
7733009889,ок
1326138687,ок
2353012766,ок
5022028545,ок
4629047307,ок
6316220684,ок
6501004374,ок
7707051002,ок
7707018630,ок
7438024706,ок
4630011658,ок
6166013439,ок
5406243684,ок
7724039245,ок
7704698673,ок
2614018356,ок
6319044130,ок
0107025791,ок
4011001814,ок
3453000413,ок
5321114464,ок
0573003932,ок
1655072008,ок
2310141686,ок
2465156830,ок
7604089340,ок
3127507380,ок
2804019703,ок
7736500710,ок
6501153658,ок
0544006230,ок
0268082286,ок
7709869403,ок
5246051780,ок
7804545021,ок
7733810538,ок
2342017184,ок
6163073704,ок
0269040384,ок
0255016053,ок
0544019649,ок
2635098120,ок
2027000379,ок
2465005904,ок
5013040948,ок
7208000210,ок
2805005164,ок
7217000390,ок
7107500520,ок
6377004384,ок
5610060338,ок
5443100268,ок
6228011794,ок
7203000672,ок
7453017809,ок
2723009658,ок
0901000655,ок
3123002194,ок
7734671742,ок
6937000160,ок
5410108649,ок
2613007009,ок
4823038399,ок
7708595446,ок
2020001447,ок
7810312794,ок
1809008213,ок
1812906471,ок
1415007950,ок
1425001669,ок
1208001968,ок
3461057004,ок
1650005551,ок
5044093805,ок
5043068595,ок
2411028648,ок
0268085030,ок
7448002395,ок
6506011671,ок
5751005940,ок
7825333010,ок
2010001470,ок
2301091157,ок
2301083597,ок
6504043928,ок
2312105041,ок
2301032458,ок
2002001476,ок
0702005585,ок
