ИНН,год,org_id,мсп_категория,регион_бфо,район_бфо,город_бфо,нп_бфо,улица_бфо,индекс_бфо,оквэд_бфо,статус_бфо,2110,2120,2200,2300,2330,2340,2350,2400,2410,наименование,категория,оквэд_реестр,численность,регион_реестр,район_реестр,город_реестр,нп_реестр,дата_включения,форма,EBIT,ПДН,EBIT_маржа,ЧП_маржа,подозрительная,регион_чист,место,ключ,широта,долгота
7718894438,2024,7320210,,МОСКВА,КОММУНАРКА,,,24-Й,108814.0,41.20,ACTIVE,14352296.0,10741909.0,2687017.0,1219827.0,475304.0,16280.0,1046969.0,1025199.0,-194628.0,"ОБЩЕСТВО С ОГРАНИЧЕННОЙ ОТВЕТСТВЕННОСТЬЮ ""КРАСНЫЙ ОКТЯБРЬ - РАССКАЗОВКА""",Малое предприятие,41.2,70.0,77 - г.Москва,,,,10.07.2021,полная,1695131.0,1219827.0,0.118108698427067,0.0714310100627802,False,г.Москва,КОММУНАРКА,КОММУНАРКА|г.Москва,58.1852891,33.92418
7730032150,2024,7144909,,МОСКВА,,,,2-Я ЭНТУЗИАСТОВ,111024.0,41.20,ACTIVE,11797815.0,11359670.0,270469.0,119914.0,169825.0,65362.0,126178.0,95602.0,-24312.0,"ОБЩЕСТВО С ОГРАНИЧЕННОЙ ОТВЕТСТВЕННОСТЬЮ ПРОИЗВОДСТВЕННО-СТРОИТЕЛЬНОЕ ПРЕДПРИЯТИЕ ""КАЧЕСТВО И НАДЕЖНОСТЬ"" (КИН).",Среднее предприятие,41.2,,77 - г.Москва,,,,01.08.2016,полная,289739.0,119914.0,0.0245587000643763,0.0081033649027383,False,г.Москва,Москва,Москва|г.Москва,55.7505412,37.6174782
4004021545,2024,11471870,,КАЛУЖСКАЯ,ДЗЕРЖИНСКИЙ,КОНДРОВО,,КОМСОМОЛЬСКАЯ,249832.0,46.71.9,ACTIVE,10534471.0,10522514.0,6453.0,9988.0,744.0,6378.0,4500.0,8432.0,-1556.0,"ОБЩЕСТВО С ОГРАНИЧЕННОЙ ОТВЕТСТВЕННОСТЬЮ ""ОРГ-РЕСУРСЫ""",Среднее предприятие,41.2,1.0,40 - Калужская область,Дзержинский р-н,г Кондрово,,10.01.2021,полная,10732.0,9988.0,0.0010187507279672,0.000800419878701,False,Калужская область,Кондрово,Кондрово|Калужская область,54.8069199,35.9301213
5401304044,2024,9013643,,НОВОСИБИРСКАЯ,,НОВОСИБИРСК,,БОРИСА БОГАТКОВА,630089.0,41.20,ACTIVE,8173761.0,7772679.0,139481.0,117802.0,1202.0,29118.0,55916.0,91987.0,-25815.0,"ОБЩЕСТВО С ОГРАНИЧЕННОЙ ОТВЕТСТВЕННОСТЬЮ ""ПРОМСТРОЙМОНТАЖ""",Среднее предприятие,41.2,74.0,54 - Новосибирская область,,г Новосибирск,,10.07.2023,полная,119004.0,117802.0,0.0145592708179258,0.0112539380586244,False,Новосибирская область,Новосибирск,Новосибирск|Новосибирская область,54.9678145,82.9515989
7702681515,2024,2412950,,МОСКВА,,,,КРУЗЕНШТЕРНА,111250.0,,ACTIVE,7907977.0,7192700.0,41301.0,19949.0,0.0,4968.0,26320.0,12089.0,-7860.0,"ОБЩЕСТВО С ОГРАНИЧЕННОЙ ОТВЕТСТВЕННОСТЬЮ ""ЭРБЕК""",Малое предприятие,41.2,47.0,77 - г.Москва,,,,01.08.2016,полная,19949.0,19949.0,0.002522642642992,0.0015287095549215,False,г.Москва,Москва,Москва|г.Москва,55.7505412,37.6174782
5256199810,2024,11726920,,МОСКОВСКАЯ,,ХИМКИ,,РЕПИНА,141402.0,,ACTIVE,7685586.0,7437975.0,23043.0,150488.0,16.0,709704.0,584440.0,115962.0,-34998.0,"ОБЩЕСТВО С ОГРАНИЧЕННОЙ ОТВЕТСТВЕННОСТЬЮ ""СИДИЭС КОРП.""",Малое предприятие,41.2,4.0,50 - Московская область,,г Химки,,10.01.2022,полная,150504.0,150488.0,0.0195826316952279,0.0150882444097301,False,Московская область,Химки,Химки|Московская область,55.8917293,37.4396994
7814462670,2024,2094292,,САНКТ-ПЕТЕРБУРГ,,,,ПРОФЕССОРА ПОПОВА,197022.0,,REORGANIZATION_STAGE,7507051.0,6878967.0,532703.0,615161.0,228.0,418509.0,361586.0,492788.0,-122373.0,"ОБЩЕСТВО С ОГРАНИЧЕННОЙ ОТВЕТСТВЕННОСТЬЮ ""ЕВРОПЕЙСКИЕ СТРОИТЕЛЬНЫЕ ТЕХНОЛОГИИ""",Малое предприятие,41.2,210.0,78 - г.Санкт-Петербург,,,,01.08.2016,полная,615389.0,615161.0,0.0819747994252337,0.065643353162247,False,г.Санкт-Петербург,Санкт-Петербург,Санкт-Петербург|г.Санкт-Петербург,59.9606739,30.1586551
7705989107,2024,272516,,МОСКВА,,,,АКАДЕМИКА КОРОЛЕВА,129515.0,,ACTIVE,7485337.0,6965587.0,364938.0,108983.0,223613.0,506815.0,561539.0,81764.0,-27210.0,"ОБЩЕСТВО С ОГРАНИЧЕННОЙ ОТВЕТСТВЕННОСТЬЮ ""СПК-ИНЖИНИРИНГ""",Малое предприятие,41.2,78.0,77 - г.Москва,,,,10.07.2022,полная,332596.0,108983.0,0.0444330028160388,0.0109232222944671,False,г.Москва,Москва,Москва|г.Москва,55.7505412,37.6174782
7728838739,2024,7840316,,САНКТ-ПЕТЕРБУРГ,,,,ДОМОСТРОИТЕЛЬНАЯ,194292.0,,ACTIVE,6746132.0,6484834.0,4195.0,39719.0,0.0,181366.0,150268.0,35642.0,-4077.0,"ОБЩЕСТВО С ОГРАНИЧЕННОЙ ОТВЕТСТВЕННОСТЬЮ ""ГАЗСТРОЙТЕХ""",Малое предприятие,41.2,50.0,78 - г.Санкт-Петербург,,,,10.08.2019,полная,39719.0,39719.0,0.0058876701493537,0.0052833238365332,False,г.Санкт-Петербург,Санкт-Петербург,Санкт-Петербург|г.Санкт-Петербург,59.9606739,30.1586551
1655476201,2024,11836153,,ТАТАРСТАН,,КАЗАНЬ,,МАЗИТА ГАФУРИ,420108.0,,ACTIVE,6683934.0,5745522.0,839312.0,845249.0,1417.0,637309.0,637020.0,675624.0,-169625.0,"ОБЩЕСТВО С ОГРАНИЧЕННОЙ ОТВЕТСТВЕННОСТЬЮ СТРОИТЕЛЬНАЯ КОМПАНИЯ ""ЭЛЛАДА""",Малое предприятие,41.2,19.0,16 - Республика Татарстан (Татарстан),,г Казань,,10.05.2022,полная,846666.0,845249.0,0.1266718073517781,0.1010817880607438,False,Республика Татарстан (Татарстан),Казань,Казань|Республика Татарстан (Татарстан),55.8257401,49.2192791
7708409097,2024,11943933,,МОСКВА,,,,НОВАЯ БАСМАННАЯ,107078.0,41.20,ACTIVE,6553916.0,6305024.0,8137.0,20945.0,0.0,5527765.0,5514957.0,16609.0,-4336.0,"ОБЩЕСТВО С ОГРАНИЧЕННОЙ ОТВЕТСТВЕННОСТЬЮ ""СК-ГРАНД""",Малое предприятие,41.2,19.0,77 - г.Москва,,,,10.10.2022,полная,20945.0,20945.0,0.0031957992748152,0.002534210081423,False,г.Москва,Москва,Москва|г.Москва,55.7505412,37.6174782
7325124442,2024,8149535,,ВОЛГОГРАДСКАЯ,,ВОЛГОГРАД,,ИМ. СОЛНЕЧНИКОВА,400138.0,41.20,ACTIVE,6214546.0,5681708.0,532838.0,126390.0,0.0,9012.0,428532.0,98689.0,-27701.0,"ОБЩЕСТВО С ОГРАНИЧЕННОЙ ОТВЕТСТВЕННОСТЬЮ ""СПЕЦИАЛИЗИРОВАННЫЙ ЗАСТРОЙЩИК РЕНТ-СЕРВИС""",Малое предприятие,41.2,20.0,34 - Волгоградская область,,г Волгоград,,01.08.2016,полная,126390.0,126390.0,0.0203377688410384,0.0158803233574906,False,Волгоградская область,Волгоград,Волгоград|Волгоградская область,48.7081906,44.5153353
7723906368,2024,8487588,,МОСКОВСКАЯ,,ДОМОДЕДОВО,,КАШИРСКОЕ ШОССЕ,142000.0,,ACTIVE,6162251.0,5521861.0,498968.0,485174.0,0.0,45218.0,98852.0,376990.0,-108184.0,"ОБЩЕСТВО С ОГРАНИЧЕННОЙ ОТВЕТСТВЕННОСТЬЮ ""ВИК""",Малое предприятие,41.2,154.0,50 - Московская область,,г Домодедово,,01.08.2016,полная,485174.0,485174.0,0.0787332421220751,0.0611773197813591,False,Московская область,Домодедово,Домодедово|Московская область,55.4368213,37.7680693
6501067536,2024,6991661,,САХАЛИНСКАЯ,,ЮЖНО-САХАЛИНСК,,ЛЕНИНА,693004.0,,ACTIVE,6060078.0,4818607.0,1231216.0,331131.0,424042.0,64847.0,540890.0,152414.0,-85175.0,"ОБЩЕСТВО С ОГРАНИЧЕННОЙ ОТВЕТСТВЕННОСТЬЮ ""СПЕЦИАЛИЗИРОВАННЫЙ ЗАСТРОЙЩИК""РЫБОВОДСТРОЙ""",Среднее предприятие,41.2,38.0,65 - Сахалинская область,,г Южно-Сахалинск,,10.08.2019,полная,755173.0,331131.0,0.1246144026529031,0.0251505013631837,False,Сахалинская область,Южно-Сахалинск,Южно-Сахалинск|Сахалинская область,46.9574273,142.727438
1655279884,2024,8166576,,ТАТАРСТАН,,КАЗАНЬ,,АДОРАТСКОГО,420132.0,41.20,ACTIVE,5744108.0,4979135.0,589619.0,508364.0,6046.0,236517.0,332429.0,401254.0,-107110.0,"ОБЩЕСТВО С ОГРАНИЧЕННОЙ ОТВЕТСТВЕННОСТЬЮ ""УРБАН КОНСТРАКШН""",Малое предприятие,41.2,48.0,16 - Республика Татарстан (Татарстан),,г Казань,,01.08.2016,полная,514410.0,508364.0,0.0895543746740138,0.0698548843440965,False,Республика Татарстан (Татарстан),Казань,Казань|Республика Татарстан (Татарстан),55.8257401,49.2192791
2512300970,2024,5504599,,ПРИМОРСКИЙ,,ФОКИНО,,ЗАВОДСКАЯ,692880.0,,ACTIVE,5661445.0,4151177.0,1423874.0,1314247.0,66870.0,148133.0,191010.0,1025908.0,-286270.0,"АКЦИОНЕРНОЕ ОБЩЕСТВО ""ТИХООКЕАНСКАЯ СТРОИТЕЛЬНО-ПРОИЗВОДСТВЕННАЯ КОМПАНИЯ""",Среднее предприятие,41.2,227.0,25 - Приморский край,,г Фокино,,10.08.2017,полная,1381117.0,1314247.0,0.2439513233812215,0.1812095675220725,False,Приморский край,Фокино,Фокино|Приморский край,42.9772084,132.404905
7703543324,2024,1964942,,МОСКВА,,,,РЯЗАНСКИЙ,109428.0,41.20,ACTIVE,5609143.0,5038065.0,469124.0,493954.0,0.0,38493.0,13663.0,395152.0,-98802.0,"ОБЩЕСТВО С ОГРАНИЧЕННОЙ ОТВЕТСТВЕННОСТЬЮ ""КОМПАНИЯ Б.В.С.""",Среднее предприятие,41.2,27.0,77 - г.Москва,,,,10.07.2023,полная,493954.0,493954.0,0.0880622940081934,0.0704478384665892,False,г.Москва,Москва,Москва|г.Москва,55.7505412,37.6174782
6167065479,2024,6950650,,РОСТОВСКАЯ,,Ростов-на-Дону,,БУДЕННОВСКИЙ,344002.0,77.39.11,ACTIVE,5269769.0,3638271.0,1631200.0,1760285.0,1623.0,19281.0,47200.0,1401826.0,-358459.0,"АКЦИОНЕРНОЕ ОБЩЕСТВО ""СПЕЦИАЛИЗИРОВАННЫЙ ЗАСТРОЙЩИК ""СТРОИТЕЛЬНО-МОНТАЖНОЕ УПРАВЛЕНИЕ №1""",Среднее предприятие,41.2,15.0,61 - Ростовская область,,г Ростов-на-Дону,,10.08.2017,полная,1761908.0,1760285.0,0.3343425489807997,0.2660127986634708,False,Ростовская область,Ростов-на-Дону,Ростов-на-Дону|Ростовская область,47.2222596,39.7198736
7714468005,2024,11492407,,МОСКВА,,,,МОСФИЛЬМОВСКАЯ,119330.0,41.20,ACTIVE,5266648.0,5037733.0,117738.0,106371.0,462.0,1882.0,12787.0,84311.0,-22060.0,"ОБЩЕСТВО С ОГРАНИЧЕННОЙ ОТВЕТСТВЕННОСТЬЮ ""СУ-90""",Малое предприятие,41.2,159.0,77 - г.Москва,,,,10.02.2021,полная,106833.0,106371.0,0.020284818731003,0.0160084744604158,False,г.Москва,Москва,Москва|г.Москва,55.7505412,37.6174782
7725127342,2024,3071251,,МОСКВА,,,,ЛЕНИНСКИЙ,119119.0,41.20,ACTIVE,5224430.0,1469353.0,3431288.0,3338642.0,128159.0,2679.0,25099.0,2670948.0,-667694.0,"ОБЩЕСТВО С ОГРАНИЧЕННОЙ ОТВЕТСТВЕННОСТЬЮ ""МЕДЖИКОМ""",Малое предприятие,41.2,4.0,77 - г.Москва,,,,10.07.2021,полная,3466801.0,3338642.0,0.6635749737291915,0.5112419919493609,False,г.Москва,Москва,Москва|г.Москва,55.7505412,37.6174782
9703109706,2024,11949262,,МОСКВА,,,,ПРЕСНЕНСКАЯ,123112.0,,ACTIVE,5211545.0,3013322.0,336625.0,228990.0,0.0,2904.0,119379.0,183192.0,-45798.0,"ОБЩЕСТВО С ОГРАНИЧЕННОЙ ОТВЕТСТВЕННОСТЬЮ ""МОСКОВСКОЕ СТРОИТЕЛЬНОЕ УПРАВЛЕНИЕ-1""",Малое предприятие,41.2,4.0,77 - г.Москва,,,,10.10.2022,полная,228990.0,228990.0,0.0439389854640034,0.0351511883712027,False,г.Москва,Москва,Москва|г.Москва,55.7505412,37.6174782
4345468069,2024,10282406,,КИРОВСКАЯ,,КИРОВ,,КАЗАНСКАЯ,610000.0,71.12.2,ACTIVE,5144859.0,4867415.0,139433.0,125067.0,38728.0,34319.0,26909.0,67558.0,-49344.0,"ОБЩЕСТВО С ОГРАНИЧЕННОЙ ОТВЕТСТВЕННОСТЬЮ ""КЛЕВЕР ДЕВЕЛОПМЕНТ""",Среднее предприятие,41.2,19.0,43 - Кировская область,,г Киров,,10.07.2017,полная,163795.0,125067.0,0.0318366353674609,0.0131311664712288,False,Кировская область,Киров,Киров|Кировская область,58.6035661,49.6666241
5406825428,2024,11933781,,НОВОСИБИРСКАЯ,,НОВОСИБИРСК,,ВОЕННАЯ,630099.0,71.12.2,ACTIVE,5097099.0,4914186.0,66483.0,73733.0,0.0,8934.0,5352.0,58857.0,-14876.0,"ОБЩЕСТВО С ОГРАНИЧЕННОЙ ОТВЕТСТВЕННОСТЬЮ ""ОХВАТСИБМОНТАЖ""",Малое предприятие,41.2,64.0,54 - Новосибирская область,,г Новосибирск,,10.10.2022,полная,73733.0,73733.0,0.0144656793992033,0.0115471565296259,False,Новосибирская область,Новосибирск,Новосибирск|Новосибирская область,54.9678145,82.9515989
2312266987,2024,10465506,,БУРЯТИЯ,,УЛАН-УДЭ,,СВЕРДЛОВА,670017.0,,ACTIVE,5078647.0,4975221.0,4824.0,24569.0,22166.0,543686.0,503695.0,18264.0,-6251.0,"ОБЩЕСТВО С ОГРАНИЧЕННОЙ ОТВЕТСТВЕННОСТЬЮ ""СК РУСЬ-СТРОЙ""",Среднее предприятие,41.2,166.0,23 - Краснодарский край,,г Краснодар,,10.08.2019,полная,46735.0,24569.0,0.0092022540649113,0.0035962334062595,False,Краснодарский край,Краснодар,Краснодар|Краснодарский край,45.0351532,38.9772396
6167096068,2024,632157,,РОСТОВСКАЯ,АКСАЙСКИЙ,АКСАЙ,,ПРОМЫШЛЕННАЯ,346720.0,,ACTIVE,4887949.0,4567813.0,187993.0,48917.0,47673.0,30077.0,127973.0,23692.0,-25225.0,"ОБЩЕСТВО С ОГРАНИЧЕННОЙ ОТВЕТСТВЕННОСТЬЮ ""СТРОИТЕЛЬНО-ПРОИЗВОДСТВЕННАЯ ФИРМА  ""РОСТСТРОЙКОНТРАКТ""",Среднее предприятие,41.2,39.0,61 - Ростовская область,Аксайский р-н,г Аксай,,01.08.2016,полная,96590.0,48917.0,0.0197608444768961,0.0048470227492144,False,Ростовская область,Аксай,Аксай|Ростовская область,47.268696,39.861362
7733881088,2024,8547709,,МОСКВА,,,,КУСКОВСКАЯ,111141.0,,ACTIVE,4808889.0,4560990.0,144773.0,131280.0,11617.0,122939.0,165185.0,91888.0,-39392.0,"ОБЩЕСТВО С ОГРАНИЧЕННОЙ ОТВЕТСТВЕННОСТЬЮ ""БАСК""",Среднее предприятие,41.2,21.0,77 - г.Москва,,,,01.08.2016,полная,142897.0,131280.0,0.0297151795352315,0.0191079478024965,False,г.Москва,Москва,Москва|г.Москва,55.7505412,37.6174782
9717108903,2024,11736218,,МОСКВА,,,,ОЧАКОВСКОЕ,119530.0,41.20,ACTIVE,4627269.0,4440389.0,-22391.0,15020.0,0.0,100678.0,63269.0,11499.0,-3521.0,"ОБЩЕСТВО С ОГРАНИЧЕННОЙ ОТВЕТСТВЕННОСТЬЮ ""АИР ГРУПП""",Среднее предприятие,41.2,8.0,77 - г.Москва,,,,10.01.2022,полная,15020.0,15020.0,0.0032459751097245,0.0024850511176246,False,г.Москва,Москва,Москва|г.Москва,55.7505412,37.6174782
7703795723,2024,8044480,,МОСКВА,,,,ПРЕСНЕНСКАЯ,123112.0,41.20,ACTIVE,4574280.0,4216344.0,252070.0,316528.0,453.0,155995.0,187259.0,252636.0,-63892.0,"ОБЩЕСТВО С ОГРАНИЧЕННОЙ ОТВЕТСТВЕННОСТЬЮ ""СИТИ ЦЕНТР ДЕВЕЛОПМЕНТ""",Малое предприятие,41.2,27.0,77 - г.Москва,,,,01.08.2016,полная,316981.0,316528.0,0.0692963701391257,0.0552296754899131,False,г.Москва,Москва,Москва|г.Москва,55.7505412,37.6174782
9729326504,2024,11892076,,МОСКВА,,,,КАХОВКА,117461.0,,ACTIVE,4567043.0,4181793.0,12137.0,26744.0,0.0,117893.0,109115.0,17128.0,-8630.0,"ОБЩЕСТВО С ОГРАНИЧЕННОЙ ОТВЕТСТВЕННОСТЬЮ ""СТРОИТЕЛЬНАЯ КОМПАНИЯ ""АРХОНТ""",Малое предприятие,41.2,7.0,77 - г.Москва,,,,10.07.2023,полная,26744.0,26744.0,0.0058558677901653,0.003750347872792,False,г.Москва,Москва,Москва|г.Москва,55.7505412,37.6174782
2543125207,2024,10678670,,ПРИМОРСКИЙ,,Владивосток,,100-ЛЕТИЯ ВЛАДИВОСТОКА,690068.0,,ACTIVE,4520499.0,4389840.0,358.0,-19628.0,0.0,52572.0,72969.0,6249.0,25877.0,"ОБЩЕСТВО С ОГРАНИЧЕННОЙ ОТВЕТСТВЕННОСТЬЮ ""ДНС СТРОЙ""",Среднее предприятие,41.2,55.0,25 - Приморский край,,г Владивосток,,10.07.2023,полная,-19628.0,-19628.0,-0.0043419985271537,0.0013823695127462,False,Приморский край,Владивосток,Владивосток|Приморский край,43.1150678,131.8855768
1603002962,2024,6727557,,ТАТАРСТАН,,КАЗАНЬ,,ЩЕРБАКОВСКИЙ,420012.0,,ACTIVE,4444780.0,4188411.0,117124.0,111288.0,3195.0,2636.0,15981.0,87343.0,-23945.0,"ОБЩЕСТВО С ОГРАНИЧЕННОЙ ОТВЕТСТВЕННОСТЬЮ ""СТРОЙСЕРВИС""",Среднее предприятие,41.2,51.0,16 - Республика Татарстан (Татарстан),,г Казань,,01.08.2016,полная,114483.0,111288.0,0.0257567303668573,0.0196506913728013,False,Республика Татарстан (Татарстан),Казань,Казань|Республика Татарстан (Татарстан),55.8257401,49.2192791
7604214008,2024,164020,,МОСКВА,,,,НЕМАНСКИЙ,123181.0,,ACTIVE,4394830.0,3880300.0,136958.0,140381.0,10952.0,223070.0,213218.0,114888.0,-25369.0,"ОБЩЕСТВО С ОГРАНИЧЕННОЙ ОТВЕТСТВЕННОСТЬЮ ""ТЕХНОСТРОЙ""",Среднее предприятие,41.2,177.0,76 - Ярославская область,,г Ярославль,,01.08.2016,полная,151333.0,140381.0,0.0344343239670248,0.0261416255008726,False,Ярославская область,Ярославль,Ярославль|Ярославская область,57.6263877,39.8933705
6234132853,2024,8596662,,РЯЗАНСКАЯ,,РЯЗАНЬ,,ШОССЕЙНЫЙ,390013.0,,ACTIVE,4329120.0,3121756.0,315303.0,253985.0,29054.0,979463.0,1016377.0,204162.0,-53962.0,"ОБЩЕСТВО С ОГРАНИЧЕННОЙ ОТВЕТСТВЕННОСТЬЮ ""СТРОЙКОМПЛЕКТСЕРВИС""",Среднее предприятие,41.2,191.0,62 - Рязанская область,,г Рязань,,01.08.2016,полная,283039.0,253985.0,0.0653802620393983,0.0471601618804745,False,Рязанская область,Рязань,Рязань|Рязанская область,54.6295687,39.7425039
7706460228,2024,10828186,,МОСКВА,,,,МЫТНАЯ,119049.0,41.20,ACTIVE,4277484.0,4241969.0,11500.0,13381.0,426.0,3009.0,800.0,10555.0,-2824.0,"ОБЩЕСТВО С ОГРАНИЧЕННОЙ ОТВЕТСТВЕННОСТЬЮ ""ТРИУМФ""",Малое предприятие,41.2,128.0,77 - г.Москва,,,,10.11.2018,полная,13807.0,13381.0,0.0032278320620252,0.0024675720587148,False,г.Москва,Москва,Москва|г.Москва,55.7505412,37.6174782
6442011063,2024,1780629,,МОРДОВИЯ,,САРАНСК,,АЛЕКСАНДРОВСКОЕ,430006.0,70.22,ACTIVE,4269541.0,4231767.0,13826.0,43564.0,0.0,72455.0,43681.0,34936.0,-8628.0,"ОБЩЕСТВО С ОГРАНИЧЕННОЙ ОТВЕТСТВЕННОСТЬЮ ""ТАЛИНА""",Малое предприятие,41.2,,13 - Республика Мордовия,,г Саранск,,10.07.2022,полная,43564.0,43564.0,0.0102034387302991,0.0081826126040246,False,Республика Мордовия,Саранск,Саранск|Республика Мордовия,54.4419829,44.4661144
4004016390,2024,458146,,ЧЕЧЕНСКАЯ,,ГРОЗНЫЙ,,ТОБОЛЬСКАЯ,364042.0,,LIQUIDATION_STAGE,4229263.0,4114296.0,16962.0,22285.0,0.0,65944.0,60768.0,17447.0,-4838.0,"ОБЩЕСТВО С ОГРАНИЧЕННОЙ ОТВЕТСТВЕННОСТЬЮ ""РВД-3""",Малое предприятие,41.2,27.0,40 - Калужская область,Дзержинский р-н,,с Совхоз им. Ленина,01.08.2016,полная,22285.0,22285.0,0.0052692395814589,0.0041253050472387,False,Калужская область,Совхоз им. Ленина,Совхоз им. Ленина|Калужская область,54.7101619,36.0825664
4703179856,2024,11460891,,ЛЕНИНГРАДСКАЯ,ВСЕВОЛОЖСКИЙ,МУРИНО,,МЕНДЕЛЕЕВА,188677.0,,ACTIVE,4169121.0,1459770.0,2658040.0,2697369.0,32.0,19580.0,54860.0,2157895.0,-539474.0,"ОБЩЕСТВО С ОГРАНИЧЕННОЙ ОТВЕТСТВЕННОСТЬЮ ""СПЕЦИАЛИЗИРОВАННЫЙ ЗАСТРОЙЩИК ""ЕВРОИНВЕСТ МУРИНО""",Малое предприятие,41.2,43.0,47 - Ленинградская область,Всеволожский р-н,г. Мурино,,10.01.2021,полная,2697401.0,2697369.0,0.6469951339862767,0.5175899188342099,False,Ленинградская область,Мурино,Мурино|Ленинградская область,60.046193,30.4458901
1658152572,2024,8288692,,ТАТАРСТАН,,КАЗАНЬ,,ХИМИЧЕСКАЯ,420051.0,,ACTIVE,4151366.0,3952584.0,2544.0,5720.0,362.0,8760.0,18021.0,4549.0,-1171.0,"ОБЩЕСТВО С ОГРАНИЧЕННОЙ ОТВЕТСТВЕННОСТЬЮ ""МОНАТ ГРУПП""",Малое предприятие,41.2,75.0,16 - Республика Татарстан (Татарстан),,г Казань,,01.08.2016,полная,6082.0,5720.0,0.001465059934489,0.0010957838937833,False,Республика Татарстан (Татарстан),Казань,Казань|Республика Татарстан (Татарстан),55.8257401,49.2192791
9704143450,2024,11868586,,МОСКВА,,,,1-Й ТРУЖЕНИКОВ,119121.0,41.20,ACTIVE,4108074.0,3883927.0,64952.0,96448.0,8622.0,64371.0,76023.0,74954.0,-21459.0,"ОБЩЕСТВО С ОГРАНИЧЕННОЙ ОТВЕТСТВЕННОСТЬЮ ""КОЛДИ-КОНСТРАКШН""",Малое предприятие,41.2,6.0,77 - г.Москва,,,,10.07.2023,полная,105070.0,96448.0,0.025576462351944,0.0182455330648863,False,г.Москва,Москва,Москва|г.Москва,55.7505412,37.6174782
7728659592,2024,640501,,МОСКВА,,,,ПРЕСНЕНСКАЯ,123112.0,41.20,ACTIVE,4092434.0,3927723.0,44012.0,24169.0,561.0,46868.0,66230.0,16713.0,-7456.0,"ОБЩЕСТВО С ОГРАНИЧЕННОЙ ОТВЕТСТВЕННОСТЬЮ ""КАСКАД СТРОЙ ГРУПП""",Малое предприятие,41.2,68.0,77 - г.Москва,,,,01.08.2016,полная,24730.0,24169.0,0.0060428586019957,0.0040838777118946,False,г.Москва,Москва,Москва|г.Москва,55.7505412,37.6174782
3525168721,2024,5770253,,МОСКВА,,,,ЗЕМЛЯНОЙ ВАЛ,109004.0,,ACTIVE,4066081.0,3745721.0,219127.0,238582.0,127.0,112940.0,114391.0,190934.0,-47648.0,"ОБЩЕСТВО С ОГРАНИЧЕННОЙ ОТВЕТСТВЕННОСТЬЮ ""ЦЕНТРСПЕЦАВТОМАТИКА""",Среднее предприятие,41.2,21.0,77 - г.Москва,,,,01.08.2016,полная,238709.0,238582.0,0.0587073892526981,0.0469577462918225,False,г.Москва,Москва,Москва|г.Москва,55.7505412,37.6174782
4027136246,2024,10590717,,КАЛУЖСКАЯ,,КАЛУГА,,МОСКОВСКАЯ,248021.0,41.20,ACTIVE,4057067.0,3645816.0,282333.0,131322.0,99166.0,44536.0,106386.0,106545.0,-24777.0,"ОБЩЕСТВО С ОГРАНИЧЕННОЙ ОТВЕТСТВЕННОСТЬЮ ""СТРОИТЕЛЬНЫЙ АЛЬЯНС""",Малое предприятие,41.2,31.0,40 - Калужская область,,г Калуга,,10.04.2018,полная,230488.0,131322.0,0.0568114847499437,0.0262615825669134,False,Калужская область,Калуга,Калуга|Калужская область,54.5101087,36.2598115
7716780474,2024,8631338,,МОСКВА,,,,ШИПИЛОВСКИЙ,115551.0,,ACTIVE,4056411.0,3427637.0,489377.0,24827.0,408800.0,112735.0,238822.0,3016.0,-20196.0,"ОБЩЕСТВО С ОГРАНИЧЕННОЙ ОТВЕТСТВЕННОСТЬЮ ""ГРМ""",Среднее предприятие,41.2,53.0,77 - г.Москва,,,,10.08.2018,полная,433627.0,24827.0,0.1068991776227803,0.0007435144022634,False,г.Москва,Москва,Москва|г.Москва,55.7505412,37.6174782
1639056866,2024,9668823,,ТАТАРСТАН,ТУКАЕВСКИЙ,,,МАГИСТРАЛЬНАЯ,423877.0,,ACTIVE,4053298.0,3602133.0,370216.0,390954.0,0.0,33736.0,34509.0,312385.0,-78569.0,"ОБЩЕСТВО С ОГРАНИЧЕННОЙ ОТВЕТСТВЕННОСТЬЮ ""ПРОИЗВОДСТВЕННО-СТРОИТЕЛЬНАЯ КОМПАНИЯ КАМА""",Малое предприятие,41.2,48.0,16 - Республика Татарстан (Татарстан),Тукаевский р-н,,,01.08.2016,полная,390954.0,390954.0,0.0964533078989011,0.0770693395847036,False,Республика Татарстан (Татарстан),Тукаевский,Тукаевский|Республика Татарстан (Татарстан),55.6212661,52.5969899
7708309350,2024,10082903,,ЧЕЧЕНСКАЯ,ГРОЗНЕНСКИЙ,,ПРАВОБЕРЕЖНОЕ,ВОСТОЧНАЯ,366015.0,41.20,LIQUIDATION_STAGE,4038646.0,4038562.0,84.0,48.0,0.0,0.0,36.0,38.0,-10.0,"ОБЩЕСТВО С ОГРАНИЧЕННОЙ ОТВЕТСТВЕННОСТЬЮ ""СТРОЙМИР""",Малое предприятие,41.2,43.0,20 - Чеченская Республика,Грозненский р-н,,с Правобережное,10.02.2017,полная,48.0,48.0,1.1885171416360827e-05,9.409094037952324e-06,False,Чеченская Республика,Правобережное,Правобережное|Чеченская Республика,43.4,45.7
6623099687,2024,8315743,,СВЕРДЛОВСКАЯ,,НИЖНИЙ ТАГИЛ,,КУЛИБИНА,622013.0,,ACTIVE,4002463.0,3100380.0,805917.0,343893.0,3939.0,192574.0,684071.0,293663.0,-50230.0,"ОБЩЕСТВО С ОГРАНИЧЕННОЙ ОТВЕТСТВЕННОСТЬЮ ГК ""УРАЛСТРОЙКОМПЛЕКС""",Малое предприятие,41.2,76.0,66 - Свердловская область,,г Нижний Тагил,,01.08.2016,полная,347832.0,343893.0,0.0869044885611684,0.0733705720702477,False,Свердловская область,Нижний Тагил,Нижний Тагил|Свердловская область,57.9076001,59.97077
6167073060,2024,2580523,,РОСТОВСКАЯ,,РОСТОВ-НА-ДОНУ,,ЧЕХОВА,344000.0,,ACTIVE,3913745.0,3743079.0,157452.0,122531.0,34171.0,33013.0,42242.0,96840.0,-25691.0,"ОБЩЕСТВО С ОГРАНИЧЕННОЙ ОТВЕТСТВЕННОСТЬЮ ""ЮЖНАЯ СТРОИТЕЛЬНАЯ КОМПАНИЯ""",Малое предприятие,41.2,12.0,61 - Ростовская область,,г Ростов-на-Дону,,01.08.2016,полная,156702.0,122531.0,0.0400388885836966,0.0247435640288266,False,Ростовская область,Ростов-на-Дону,Ростов-на-Дону|Ростовская область,47.2222596,39.7198736
5405458373,2024,7565524,,НОВОСИБИРСКАЯ,,НОВОСИБИРСК,,НЕМИРОВИЧА-ДАНЧЕНКО,630048.0,46.73.1,ACTIVE,3903711.0,3187896.0,438236.0,190640.0,91648.0,32708.0,196927.0,114021.0,-63683.0,"ОБЩЕСТВО С ОГРАНИЧЕННОЙ ОТВЕТСТВЕННОСТЬЮ ""АМТ-ГРУПП""",Малое предприятие,41.2,59.0,54 - Новосибирская область,,г Новосибирск,,01.08.2016,полная,282288.0,190640.0,0.0723127301175727,0.0292083609672949,False,Новосибирская область,Новосибирск,Новосибирск|Новосибирская область,54.9678145,82.9515989
7714299854,2024,2906374,,МОСКВА,,,,МНЁВНИКИ,123308.0,,ACTIVE,3890010.0,3781787.0,58187.0,41915.0,26128.0,301305.0,291449.0,55823.0,-2218.0,"ОБЩЕСТВО С ОГРАНИЧЕННОЙ ОТВЕТСТВЕННОСТЬЮ ""МАТЕН""",Среднее предприятие,41.2,75.0,77 - г.Москва,,,,10.07.2022,полная,68043.0,41915.0,0.0174917288130364,0.0143503487137565,False,г.Москва,Москва,Москва|г.Москва,55.7505412,37.6174782
2311251522,2024,10512364,,КРАСНОДАРСКИЙ,,КРАСНОДАР,,РОСТОВСКОЕ ШОССЕ,350010.0,41.20,ACTIVE,3887270.0,3798414.0,59218.0,103992.0,44701.0,137156.0,112031.0,83552.0,-20440.0,"ОБЩЕСТВО С ОГРАНИЧЕННОЙ ОТВЕТСТВЕННОСТЬЮ ""ГАРАНТСТРОЙ""",Малое предприятие,41.2,13.0,23 - Краснодарский край,,г Краснодар,,10.02.2018,полная,148693.0,103992.0,0.0382512663128622,0.0214937475400473,False,Краснодарский край,Краснодар,Краснодар|Краснодарский край,45.0351532,38.9772396
7202151894,2024,1951534,,ТЮМЕНСКАЯ,,Тюмень,,ДРУЖБЫ,625031.0,23.63,ACTIVE,3859486.0,3228206.0,586661.0,664100.0,320.0,65497.0,38476.0,529495.0,-134605.0,"ОБЩЕСТВО С ОГРАНИЧЕННОЙ ОТВЕТСТВЕННОСТЬЮ ""СТРОЙ КАПИТАЛ""",Среднее предприятие,41.2,90.0,72 - Тюменская область,,г Тюмень,,01.08.2016,полная,664420.0,664100.0,0.1721524576070492,0.1371931391900372,False,Тюменская область,Тюмень,Тюмень|Тюменская область,57.153534,65.542274
6671268279,2024,1662539,,СВЕРДЛОВСКАЯ,,ЕКАТЕРИНБУРГ,,МОСКОВСКАЯ,620144.0,71.12.2,ACTIVE,3852822.0,3789831.0,-1231.0,-4002.0,16877.0,18657.0,23331.0,-6920.0,-2252.0,"ОБЩЕСТВО С ОГРАНИЧЕННОЙ ОТВЕТСТВЕННОСТЬЮ ""АТЛАС КОНСТРАКШН""",Среднее предприятие,41.2,28.0,66 - Свердловская область,,г Екатеринбург,,10.07.2023,полная,12875.0,-4002.0,0.0033417064167511,-0.0017960860896246,False,Свердловская область,Екатеринбург,Екатеринбург|Свердловская область,56.8382071,60.6007886
3123328816,2024,8058603,,БЕЛГОРОДСКАЯ,,БЕЛГОРОД,,ВОКЗАЛЬНАЯ,308001.0,41.20,ACTIVE,3848898.0,2955429.0,592158.0,321910.0,145034.0,313650.0,460150.0,238423.0,-83500.0,"ОБЩЕСТВО С ОГРАНИЧЕННОЙ ОТВЕТСТВЕННОСТЬЮ ""ЕВРОСТРОЙ""",Среднее предприятие,41.2,30.0,31 - Белгородская область,Белгородский р-н,,с Беловское,01.08.2016,полная,466944.0,321910.0,0.1213188814044955,0.0619457829228002,False,Белгородская область,Беловское,Беловское|Белгородская область,50.5806475,36.7289037
4025068752,2024,5795026,,КАЛУЖСКАЯ,,ОБНИНСК,,АКСЕНОВА,249032.0,,ACTIVE,3791836.0,3751335.0,2818.0,8540.0,37695.0,75272.0,177517.0,466.0,-8074.0,"ОБЩЕСТВО С ОГРАНИЧЕННОЙ ОТВЕТСТВЕННОСТЬЮ  ""СТРОЙ - ВЕСТ""",Малое предприятие,41.2,50.0,40 - Калужская область,,г Обнинск,,01.08.2016,полная,46235.0,8540.0,0.0121933016090358,0.0001228956104641,False,Калужская область,Обнинск,Обнинск|Калужская область,55.0951738,36.611913
7816300957,2024,9485931,,САНКТ-ПЕТЕРБУРГ,,,,ФУЧИКА,192102.0,71.12.2,ACTIVE,3789003.0,3353768.0,227882.0,227987.0,2050.0,38238.0,50376.0,188588.0,-39399.0,"АКЦИОНЕРНОЕ ОБЩЕСТВО СТРОИТЕЛЬНАЯ КОМПАНИЯ ""КОМПАКТ""",Среднее предприятие,41.2,78.0,78 - г.Санкт-Петербург,,,,10.08.2018,полная,230037.0,227987.0,0.06071174923852,0.0497724599320718,False,г.Санкт-Петербург,Санкт-Петербург,Санкт-Петербург|г.Санкт-Петербург,59.9606739,30.1586551
7714957479,2024,9986003,,МОСКОВСКАЯ,,ЖУКОВСКИЙ,,МИЧУРИНА,140184.0,,ACTIVE,3729950.0,2723865.0,428269.0,273304.0,116862.0,48894.0,106837.0,200311.0,-72993.0,"ОБЩЕСТВО С ОГРАНИЧЕННОЙ ОТВЕТСТВЕННОСТЬЮ ""СТРОИТЕЛЬНЫЙ ТРЕСТ-12""",Среднее предприятие,41.2,90.0,50 - Московская область,,г Подольск,,10.07.2023,полная,390166.0,273304.0,0.1046035469644365,0.0537034008498773,False,Московская область,Подольск,Подольск|Московская область,55.4308841,37.5453056
1655284186,2024,8293052,,ТАТАРСТАН,,КАЗАНЬ,,АДЕЛЯ КУТУЯ,420087.0,,ACTIVE,3669580.0,3323139.0,172199.0,139717.0,41595.0,2713.0,7567.0,112143.0,-27387.0,"ОБЩЕСТВО С ОГРАНИЧЕННОЙ ОТВЕТСТВЕННОСТЬЮ СТРОИТЕЛЬНО-МОНТАЖНОЕ ПРЕДПРИЯТИЕ ""ПОРТАЛ""",Малое предприятие,41.2,49.0,16 - Республика Татарстан (Татарстан),,г Казань,,01.08.2016,полная,181312.0,139717.0,0.04940946920356,0.0305601730988287,False,Республика Татарстан (Татарстан),Казань,Казань|Республика Татарстан (Татарстан),55.8257401,49.2192791
9722013742,2024,11746675,,ЛЕНИНГРАДСКАЯ,ВСЕВОЛОЖСКИЙ,ВСЕВОЛОЖСК,,ГОНЧАРОВА,188640.0,41.20,ACTIVE,3605624.0,3501379.0,39245.0,20226.0,0.0,3781.0,24696.0,8207.0,-12019.0,"АКЦИОНЕРНОЕ ОБЩЕСТВО ""СМАРТ СИСТЕМС""",Малое предприятие,41.2,2.0,47 - Ленинградская область,Всеволожский р-н,г Всеволожск,,10.01.2022,полная,20226.0,20226.0,0.0056095699385182,0.0022761663445772,False,Ленинградская область,Всеволожск,Всеволожск|Ленинградская область,60.024006,30.646042
1658153135,2024,8330850,,ТАТАРСТАН,САБИНСКИЙ,,БОГАТЫЕ САБЫ,ТУКАЯ,422060.0,,ACTIVE,3596159.0,2829121.0,540302.0,40739.0,50448.0,835888.0,1285750.0,25374.0,-8148.0,"ОБЩЕСТВО С ОГРАНИЧЕННОЙ ОТВЕТСТВЕННОСТЬЮ ""ИНВЕСТИЦИОННАЯ СТРОИТЕЛЬНАЯ КОРПОРАЦИЯ ""СТРОЙИНЖИНИРИНГ""",Среднее предприятие,41.2,20.0,16 - Республика Татарстан (Татарстан),Сабинский р-н,,пгт Богатые Сабы,01.08.2016,полная,91187.0,40739.0,0.0253567764940315,0.0070558615456101,False,Республика Татарстан (Татарстан),пгт Богатые Сабы,пгт Богатые Сабы|Республика Татарстан (Татарстан),56.0106232,50.4467802
1435166758,2024,3818626,,ЧЕЧЕНСКАЯ,,ГРОЗНЫЙ,,САНКТ-ПЕТЕРБУРГСКАЯ,364024.0,,ACTIVE,3591009.0,3448387.0,78036.0,63611.0,2175.0,42006.0,54256.0,45926.0,-17685.0,"ОБЩЕСТВО С ОГРАНИЧЕННОЙ ОТВЕТСТВЕННОСТЬЮ ""АЛЬЯНС-2005""",Среднее предприятие,41.2,53.0,14 - Республика Саха (Якутия),,г Якутск,,01.08.2016,полная,65786.0,63611.0,0.0183196421952715,0.0127891631572073,False,Республика Саха (Якутия),Якутск,Якутск|Республика Саха (Якутия),62.0274078,129.7319787
7717781390,2024,8468558,,МОСКВА,,,,АКАДЕМИКА КОРОЛЕВА,129515.0,,ACTIVE,3558846.0,3345383.0,126154.0,108585.0,3140.0,92196.0,119640.0,81815.0,-24692.0,"ОБЩЕСТВО С ОГРАНИЧЕННОЙ ОТВЕТСТВЕННОСТЬЮ ""ЮНИНОВА КОНСТРАКШН ПЛЮС""",Среднее предприятие,41.2,146.0,77 - г.Москва,,,,10.07.2021,полная,111725.0,108585.0,0.0313936034321237,0.0229891936880663,False,г.Москва,Москва,Москва|г.Москва,55.7505412,37.6174782
2312105041,2024,3566595,,КРАСНОДАРСКИЙ,,КРАСНОДАР,,КРАСНОАРМЕЙСКАЯ,350000.0,41.2,LIQUIDATION_STAGE,3542940.0,3468843.0,49491.0,60146.0,0.0,9888.0,22066.0,47961.0,-12185.0,"СТРОИТЕЛЬНО-ИНВЕСТИЦИОННАЯ КОМПАНИЯ ОБЩЕСТВО С ОГРАНИЧЕННОЙ ОТВЕТСТВЕННОСТЬЮ ""АЛФРЭЙМС-ЮГ""",Малое предприятие,41.2,16.0,23 - Краснодарский край,,г Краснодар,,10.08.2017,полная,60146.0,60146.0,0.0169762965220974,0.0135370624396687,False,Краснодарский край,Краснодар,Краснодар|Краснодарский край,45.0351532,38.9772396
2308196582,2024,7747042,,КРАСНОДАРСКИЙ,,КРАСНОДАР,,ИМ. СЕЛЕЗНЕВА,350059.0,,ACTIVE,3540337.0,3391217.0,53648.0,53513.0,0.0,38006.0,45491.0,42810.0,-10703.0,"ОБЩЕСТВО С ОГРАНИЧЕННОЙ ОТВЕТСТВЕННОСТЬЮ ""СТРОЙСПЕЦПРОЕКТ""",Малое предприятие,41.2,19.0,23 - Краснодарский край,,г Краснодар,,01.08.2016,полная,53513.0,53513.0,0.0151152277311453,0.0120920692013217,False,Краснодарский край,Краснодар,Краснодар|Краснодарский край,45.0351532,38.9772396
6679157757,2024,11974901,,СВЕРДЛОВСКАЯ,,Екатеринбург,,СУРИКОВА,620144.0,71.12.2,ACTIVE,3527831.0,3212551.0,196502.0,234299.0,0.0,454.0,2884.0,186964.0,-47335.0,"ОБЩЕСТВО С ОГРАНИЧЕННОЙ ОТВЕТСТВЕННОСТЬЮ ""ГЕНПОДРЯДНОЕ ПРЕДПРИЯТИЕ ""СТРОЙТЭК""",Малое предприятие,41.2,20.0,66 - Свердловская область,,г Екатеринбург,,10.11.2022,полная,234299.0,234299.0,0.0664144625975564,0.0529968697480123,False,Свердловская область,Екатеринбург,Екатеринбург|Свердловская область,56.8382071,60.6007886
6452934991,2024,6544914,,САРАТОВСКАЯ,,САРАТОВ,,ИМ БИРЮЗОВА С.С.,410000.0,,ACTIVE,3520153.0,3223667.0,123894.0,50592.0,6028.0,11441.0,81132.0,35684.0,-10855.0,"ОБЩЕСТВО С ОГРАНИЧЕННОЙ ОТВЕТСТВЕННОСТЬЮ СПЕЦИАЛИЗИРОВАННЫЙ ЗАСТРОЙЩИК ""СТРОИТЕЛЬНАЯ КОМПАНИЯ ""СИСТЕМА""",Малое предприятие,41.2,42.0,64 - Саратовская область,,г Саратов,,01.08.2016,полная,56620.0,50592.0,0.0160845281440891,0.0101370593834983,False,Саратовская область,Саратов,Саратов|Саратовская область,51.530018,46.034683
2303021331,2024,3677771,,КРАСНОДАРСКИЙ,БЕЛОРЕЧЕНСКИЙ,БЕЛОРЕЧЕНСК,,ПРИОЗЕРНАЯ,352634.0,46.61,ACTIVE,3486495.0,3218394.0,203399.0,127646.0,92768.0,5126.0,18372.0,99789.0,-27857.0,"ОБЩЕСТВО С ОГРАНИЧЕННОЙ ОТВЕТСТВЕННОСТЬЮ СТРОИТЕЛЬНАЯ КОМПАНИЯ ""РЕСУРС""",Среднее предприятие,41.2,48.0,23 - Краснодарский край,Белореченский р-н,г Белореченск,,10.07.2023,полная,220414.0,127646.0,0.0632193650069769,0.0286215812728829,False,Краснодарский край,Белореченск,Белореченск|Краснодарский край,44.7614149,39.8712943
2726000607,2024,5694334,,САХАЛИНСКАЯ,ХОЛМСКИЙ,ХОЛМСК,,ЖЕЛЕЗНОДОРОЖНАЯ,694620.0,42.21,ACTIVE,3484873.0,3144067.0,340806.0,277965.0,19929.0,5300.0,127780.0,221754.0,-55593.0,"ОБЩЕСТВО С ОГРАНИЧЕННОЙ ОТВЕТСТВЕННОСТЬЮ ""ТЕНЗА""",Малое предприятие,41.2,75.0,65 - Сахалинская область,Холмский р-н,г Холмск,,01.08.2016,полная,297894.0,277965.0,0.0854820247394955,0.0636333088752445,False,Сахалинская область,Холмск,Холмск|Сахалинская область,47.0411143,142.0414544
7840011219,2024,1122474,,САНКТ-ПЕТЕРБУРГ,,,,ФУРШТАТСКАЯ,191028.0,68.10.21,ACTIVE,3466157.0,2804414.0,199972.0,139158.0,96207.0,2873.0,50934.0,109899.0,-29259.0,"ОБЩЕСТВО С ОГРАНИЧЕННОЙ ОТВЕТСТВЕННОСТЬЮ СПЕЦИАЛИЗИРОВАННЫЙ ЗАСТРОЙЩИК ""АВРОРА""",Малое предприятие,41.2,24.0,78 - г.Санкт-Петербург,,,,01.08.2016,полная,235365.0,139158.0,0.0679037331546147,0.0317062960506405,False,г.Санкт-Петербург,Санкт-Петербург,Санкт-Петербург|г.Санкт-Петербург,59.9606739,30.1586551
5001122378,2024,10851254,,МОСКОВСКАЯ,,КРАСНОГОРСК,,ДАЧНАЯ,143404.0,41.20,ACTIVE,3465306.0,3018007.0,294862.0,249936.0,5162.0,6649.0,52605.0,196798.0,-53138.0,"ОБЩЕСТВО С ОГРАНИЧЕННОЙ ОТВЕТСТВЕННОСТЬЮ ""СПЕЦГАЗСТРОЙ""",Малое предприятие,41.2,35.0,50 - Московская область,,г Балашиха,,10.12.2018,полная,255098.0,249936.0,0.0736148553691939,0.0567909442917883,False,Московская область,Балашиха,Балашиха|Московская область,55.7997662,37.9373707
7719408521,2024,9160024,,МОСКВА,,,,ТРОФИМОВА,115432.0,,ACTIVE,3396787.0,3247460.0,90613.0,19103.0,0.0,42514.0,114814.0,4476.0,-14627.0,"ОБЩЕСТВО С ОГРАНИЧЕННОЙ ОТВЕТСТВЕННОСТЬЮ ""АК-БИЛДИНГ""",Среднее предприятие,41.2,95.0,77 - г.Москва,,,,01.08.2016,полная,19103.0,19103.0,0.005623843944292,0.0013177158296943,False,г.Москва,Москва,Москва|г.Москва,55.7505412,37.6174782
3444259931,2024,9844811,,ВОЛГОГРАДСКАЯ,,ВОЛГОГРАД,,СОВЕТСКАЯ,400005.0,41.20,ACTIVE,3381306.0,3056342.0,274798.0,224290.0,0.0,533.0,105534.0,176478.0,-47812.0,"ОБЩЕСТВО С ОГРАНИЧЕННОЙ ОТВЕТСТВЕННОСТЬЮ ""А"" СПЕЦИАЛИЗИРОВАННЫЙ ЗАСТРОЙЩИК""",Малое предприятие,41.2,28.0,34 - Волгоградская область,,г Волгоград,,01.08.2016,полная,224290.0,224290.0,0.0663323579705593,0.052192259440583,False,Волгоградская область,Волгоград,Волгоград|Волгоградская область,48.7081906,44.5153353
5904400883,2024,11821860,,ПЕРМСКИЙ,,ПЕРМЬ,,ЧКАЛОВА,614064.0,41.20,ACTIVE,3347591.0,3261009.0,11636.0,-338100.0,20411.0,86021.0,455040.0,-244940.0,67066.0,"ОБЩЕСТВО С ОГРАНИЧЕННОЙ ОТВЕТСТВЕННОСТЬЮ ""СОЦПРОМСТРОЙ""",Малое предприятие,41.2,5.0,59 - Пермский край,,г Пермь,,10.05.2022,полная,-317689.0,-338100.0,-0.0949007808898996,-0.0731690340904847,False,Пермский край,Пермь,Пермь|Пермский край,58.0108531,56.2318528
7723704474,2024,1630213,,МОСКВА,,,,СТРОГИНСКИЙ,123592.0,,ACTIVE,3343244.0,3047555.0,210041.0,179770.0,0.0,29415.0,65999.0,140576.0,-39194.0,"ОБЩЕСТВО С ОГРАНИЧЕННОЙ ОТВЕТСТВЕННОСТЬЮ ""ИНЖДОРСТРОЙ-М""",Малое предприятие,41.2,51.0,77 - г.Москва,,,,01.08.2016,полная,179770.0,179770.0,0.0537711276831723,0.0420477835300085,False,г.Москва,Москва,Москва|г.Москва,55.7505412,37.6174782
7743130122,2024,9527127,,НОВОСИБИРСКАЯ,,НОВОСИБИРСК,,СИБИРЯКОВ-ГВАРДЕЙЦЕВ,630088.0,41.20,LIQUIDATION_STAGE,3338486.0,3039726.0,39516.0,-118957.0,22818.0,165609.0,302686.0,-133240.0,7422.0,"ОБЩЕСТВО С ОГРАНИЧЕННОЙ ОТВЕТСТВЕННОСТЬЮ ""ТАЛОС КОНСТРАКШН""",Среднее предприятие,41.2,124.0,77 - г.Москва,,,,10.07.2022,полная,-96139.0,-118957.0,-0.0287971853109463,-0.0399103066479835,False,г.Москва,НОВОСИБИРСК,НОВОСИБИРСК|г.Москва,54.9678145,82.9515989
5044125655,2024,11863703,,МОСКВА,,,,ТРУБНАЯ,107031.0,,ACTIVE,3337029.0,2994200.0,73204.0,87436.0,1711.0,197133.0,208914.0,73880.0,-13556.0,"АКЦИОНЕРНОЕ ОБЩЕСТВО ""ГРАНИ ГОРОДА""",Среднее предприятие,41.2,47.0,77 - г.Москва,,,,10.07.2023,полная,89147.0,87436.0,0.02671448165419,0.0221394539873642,False,г.Москва,Москва,Москва|г.Москва,55.7505412,37.6174782
7814522697,2024,1665334,,САНКТ-ПЕТЕРБУРГ,,ПЕТЕРГОФ,,САНКТ-ПЕТЕРБУРГСКИЙ,198516.0,41.2,ACTIVE,3331973.0,3293244.0,32285.0,26412.0,0.0,1419.0,7292.0,8533.0,-17879.0,"ОБЩЕСТВО С ОГРАНИЧЕННОЙ ОТВЕТСТВЕННОСТЬЮ ""АРХИТЕКТУРНО-СТРОИТЕЛЬНАЯ ГРУППА КОМПАНИЙ""",Среднее предприятие,41.2,30.0,78 - г.Санкт-Петербург,,г Петергоф,,10.07.2023,полная,26412.0,26412.0,0.0079268349413395,0.0025609451217041,False,г.Санкт-Петербург,Петергоф,Петергоф|г.Санкт-Петербург,59.877941,29.844667
7455013408,2024,7994839,,ЧЕЛЯБИНСКАЯ,,МАГНИТОГОРСК,,ЛЮБИМАЯ,455006.0,,ACTIVE,3250077.0,2763820.0,381565.0,356970.0,8709.0,20800.0,45710.0,275292.0,-81678.0,"ОБЩЕСТВО С ОГРАНИЧЕННОЙ ОТВЕТСТВЕННОСТЬЮ ""УРАЛПРОФСТРОЙ""",Среднее предприятие,41.2,209.0,74 - Челябинская область,,г Магнитогорск,,01.08.2016,полная,365679.0,356970.0,0.1125139496695001,0.0847032239543863,False,Челябинская область,Магнитогорск,Магнитогорск|Челябинская область,53.4070173,58.9811297
9715426146,2024,11928206,,МОСКВА,,,,НОВОДМИТРОВСКАЯ,127015.0,41.20,ACTIVE,3247004.0,79817.0,2644075.0,2761991.0,0.0,415.0,20614.0,2206425.0,-555559.0,"АКЦИОНЕРНОЕ ОБЩЕСТВО ""МР-ЦЕНТР""",Малое предприятие,41.2,1.0,77 - г.Москва,,,,10.07.2023,полная,2761991.0,2761991.0,0.8506275323344228,0.679526418815622,False,г.Москва,Москва,Москва|г.Москва,55.7505412,37.6174782
6658070216,2024,6989699,,СВЕРДЛОВСКАЯ,,ЕКАТЕРИНБУРГ,,ЛЕНИНА,620014.0,,ACTIVE,3235092.0,3199077.0,10314.0,6098.0,4564.0,2638.0,2778.0,2952.0,-2455.0,"ОБЩЕСТВО С ОГРАНИЧЕННОЙ ОТВЕТСТВЕННОСТЬЮ ""МОНО-2""",Малое предприятие,41.2,44.0,66 - Свердловская область,,г Екатеринбург,,01.08.2016,полная,10662.0,6098.0,0.0032957331661665,0.0009124933695857,False,Свердловская область,Екатеринбург,Екатеринбург|Свердловская область,56.8382071,60.6007886
7710866012,2024,2219726,,МОСКВА,,,,2-Я КАБЕЛЬНАЯ,111024.0,41.2,ACTIVE,3220193.0,3011379.0,141268.0,118991.0,19.0,20709.0,56985.0,85630.0,-33197.0,"ОБЩЕСТВО С ОГРАНИЧЕННОЙ ОТВЕТСТВЕННОСТЬЮ ""СМУ МОСКОВИЯ""",Малое предприятие,41.2,56.0,77 - г.Москва,,,,01.08.2016,полная,119010.0,118991.0,0.0369574121799531,0.0265915738590823,False,г.Москва,Москва,Москва|г.Москва,55.7505412,37.6174782
6316270445,2024,11520474,,САМАРСКАЯ,,САМАРА,,МОСКОВСКОЕ,443080.0,,ACTIVE,3212289.0,2345812.0,704681.0,640876.0,89823.0,84557.0,93847.0,508914.0,-131962.0,"ОБЩЕСТВО С ОГРАНИЧЕННОЙ ОТВЕТСТВЕННОСТЬЮ ""ТЕХНОСТРОЙГРУПП1""",Малое предприятие,41.2,116.0,63 - Самарская область,,г Самара,,10.03.2021,полная,730699.0,640876.0,0.2274698820685187,0.1584272149859492,False,Самарская область,Самара,Самара|Самарская область,53.1956255,50.1014927
6455001697,2024,6243644,,САРАТОВСКАЯ,,САРАТОВ,,ИМ СЛОНОВА И.А.,410012.0,,ACTIVE,3151246.0,2964595.0,186651.0,170503.0,2703.0,6230.0,22759.0,136366.0,-34137.0,"ОБЩЕСТВО С ОГРАНИЧЕННОЙ ОТВЕТСТВЕННОСТЬЮ ""ПРЕДПРИЯТИЕ ПО СТРОИТЕЛЬСТВУ ""ЛЕССТР""",Среднее предприятие,41.2,57.0,64 - Саратовская область,,г Саратов,,01.08.2016,полная,173206.0,170503.0,0.0549642903156402,0.0432736765076417,False,Саратовская область,Саратов,Саратов|Саратовская область,51.530018,46.034683
7712103721,2024,6665895,,МОСКВА,,,,ХРОМОВА,107061.0,41.20,ACTIVE,3143810.0,1836501.0,1227827.0,1179567.0,0.0,20412.0,116572.0,1013637.0,-166606.0,"АКЦИОНЕРНОЕ ОБЩЕСТВО ""ТЕПЛОИНДУСТРИЯ""",Малое предприятие,41.2,26.0,77 - г.Москва,,,,10.08.2017,полная,1179567.0,1179567.0,0.3752030179940899,0.322423110811404,False,г.Москва,Москва,Москва|г.Москва,55.7505412,37.6174782
7725493980,2024,10704084,,МОСКВА,,,,МАРШАЛА МАЛИНОВСКОГО,123298.0,41.20,ACTIVE,3080007.0,2721651.0,-87047.0,-19786.0,0.0,98317.0,31060.0,-19810.0,-24.0,"ОБЩЕСТВО С ОГРАНИЧЕННОЙ ОТВЕТСТВЕННОСТЬЮ ""ТЕМА ИНЖИНИРИНГ""",Среднее предприятие,41.2,77.0,77 - г.Москва,,,,10.07.2023,полная,-19786.0,-19786.0,-0.0064240113740001,-0.0064318035640828,False,г.Москва,Москва,Москва|г.Москва,55.7505412,37.6174782
7726761368,2024,8946489,,МОСКВА,,,,ЯРОСЛАВСКОЕ,129347.0,,ACTIVE,3075569.0,2409837.0,229103.0,558618.0,0.0,669422.0,339907.0,419812.0,-114223.0,"ОБЩЕСТВО С ОГРАНИЧЕННОЙ ОТВЕТСТВЕННОСТЬЮ ""МЕКОМ""",Среднее предприятие,41.2,36.0,77 - г.Москва,,,,01.08.2016,полная,558618.0,558618.0,0.1816307811660216,0.1364989697841277,False,г.Москва,Москва,Москва|г.Москва,55.7505412,37.6174782
7716890406,2024,10528860,,МОСКВА,,,,17-Й МАРЬИНОЙ РОЩИ,127521.0,42.21,ACTIVE,3074587.0,2959322.0,58730.0,38998.0,136.0,10501.0,33493.0,26046.0,-12952.0,"ОБЩЕСТВО С ОГРАНИЧЕННОЙ ОТВЕТСТВЕННОСТЬЮ ""ГИМТАШ ИНЖИНИРИНГ""",Среднее предприятие,41.2,231.0,77 - г.Москва,,,,10.07.2022,полная,39134.0,38998.0,0.0127282135779537,0.0084713816847596,False,г.Москва,Москва,Москва|г.Москва,55.7505412,37.6174782
0277039262,2024,6690155,,БАШКОРТОСТАН,,УФА,,ЗЕЛЕНАЯ РОЩА,450063.0,42.11,ACTIVE,3047639.0,2974981.0,29427.0,51577.0,5376.0,37776.0,27082.0,41262.0,-10315.0,"ОБЩЕСТВО С ОГРАНИЧЕННОЙ ОТВЕТСТВЕННОСТЬЮ   ""БАШАЛЬЯНССТРОЙ""",Среднее предприятие,41.2,243.0,02 - Республика Башкортостан,,г Уфа,,10.07.2023,полная,56953.0,51577.0,0.0186875807797445,0.0135390051118259,False,Республика Башкортостан,Уфа,Уфа|Республика Башкортостан,54.7261409,55.947499
9103000552,2024,8720692,,КРЫМ,,ЯЛТА,,САДОВАЯ,298600.0,,ACTIVE,3025427.0,1906698.0,1070502.0,1369541.0,0.0,309172.0,10133.0,1094565.0,-274976.0,"ОБЩЕСТВО С ОГРАНИЧЕННОЙ ОТВЕТСТВЕННОСТЬЮ ""СИНТЕЗИС ИНГ""",Малое предприятие,41.2,29.0,91 - Республика Крым,,г Ялта,,01.08.2016,полная,1369541.0,1369541.0,0.4526769279179435,0.3617886004190483,False,Республика Крым,Ялта,Ялта|Республика Крым,53.4784578,38.0320458
2005007677,2024,3078593,,ЧЕЧЕНСКАЯ,ГУДЕРМЕССКИЙ,ГУДЕРМЕС,,ШКОЛЬНАЯ,366208.0,42.11,ACTIVE,3001694.0,2948810.0,52884.0,57456.0,0.0,55474.0,50902.0,45965.0,-11491.0,"ОБЩЕСТВО С ОГРАНИЧЕННОЙ ОТВЕТСТВЕННОСТЬЮ ""ДОРМОСТ""",Среднее предприятие,41.2,135.0,20 - Чеченская Республика,Гудермесский р-н,г Гудермес,,10.07.2021,полная,57456.0,57456.0,0.0191411916071391,0.0153130199147548,False,Чеченская Республика,Гудермес,Гудермес|Чеченская Республика,43.4,45.7
7718842373,2024,2462629,,МОСКВА,,,,НОВАЯ БАСМАННАЯ,107078.0,,ACTIVE,2998245.0,2611471.0,65907.0,72301.0,117231.0,521500.0,398275.0,56691.0,-16346.0,"ОБЩЕСТВО С ОГРАНИЧЕННОЙ ОТВЕТСТВЕННОСТЬЮ ""ДВГ КАПСТРОЙ""",Среднее предприятие,41.2,157.0,77 - г.Москва,,,,10.07.2023,полная,189532.0,72301.0,0.0632143137068518,0.0189080612158112,False,г.Москва,Москва,Москва|г.Москва,55.7505412,37.6174782
7453326003,2024,10906877,,ЧЕЛЯБИНСКАЯ,,ЧЕЛЯБИНСК,,КИРОВА,454091.0,64.20,ACTIVE,2992477.0,1584997.0,1187316.0,346478.0,9746.0,71903.0,902995.0,215074.0,-131404.0,"АКЦИОНЕРНОЕ ОБЩЕСТВО АПРИ ""ФЛАЙ ПЛЭНИНГ""",Среднее предприятие,41.2,23.0,74 - Челябинская область,,г Челябинск,,10.07.2023,полная,356224.0,346478.0,0.1190398455861147,0.0718715632567936,False,Челябинская область,Челябинск,Челябинск|Челябинская область,55.1598408,61.4025547
7727803780,2024,7886924,,МОСКОВСКАЯ,,ЛЮБЕРЦЫ,ТОМИЛИНО,ГАРШИНА,140070.0,,ACTIVE,2988067.0,2523942.0,277036.0,265856.0,27169.0,50351.0,34530.0,211005.0,-54851.0,"ОБЩЕСТВО С ОГРАНИЧЕННОЙ ОТВЕТСТВЕННОСТЬЮ ""СК СИСТЕМА""",Среднее предприятие,41.2,118.0,50 - Московская область,,г Люберцы,рп Томилино,01.08.2016,полная,293025.0,265856.0,0.0980650701607427,0.0706158864576999,False,Московская область,Люберцы,Люберцы|Московская область,55.6783142,37.89377
7801643052,2024,8939768,,САНКТ-ПЕТЕРБУРГ,,,,ПРОФЕССОРА ПОПОВА,197022.0,46.90,ACTIVE,2976718.0,2483998.0,450436.0,-18887.0,13699.0,38617.0,776042.0,-55037.0,-29851.0,"ОБЩЕСТВО С ОГРАНИЧЕННОЙ ОТВЕТСТВЕННОСТЬЮ ""СТРОИТЕЛЬНАЯ КОМПАНИЯ ""СЕГМЕНТА""",Среднее предприятие,41.2,49.0,78 - г.Санкт-Петербург,,,,10.08.2020,полная,-5188.0,-18887.0,-0.0017428590817134,-0.0184891548342839,False,г.Санкт-Петербург,Санкт-Петербург,Санкт-Петербург|г.Санкт-Петербург,59.9606739,30.1586551
2524004983,2024,5447391,,ПРИМОРСКИЙ,,НАХОДКА,,БАЗОВАЯ,692941.0,,ACTIVE,2958053.0,2256439.0,701614.0,736395.0,0.0,729369.0,718896.0,589116.0,-147279.0,"ОБЩЕСТВО С ОГРАНИЧЕННОЙ ОТВЕТСТВЕННОСТЬЮ ""КАПСТРОЙ""",Среднее предприятие,41.2,152.0,25 - Приморский край,,г Находка,,10.07.2021,полная,736395.0,736395.0,0.2489458437695335,0.1991566750156268,False,Приморский край,Находка,Находка|Приморский край,42.8246489,132.8926
7801421194,2024,2822203,,САНКТ-ПЕТЕРБУРГ,,,,18-Я В.О.,199178.0,,ACTIVE,2953422.0,2765503.0,69841.0,25436.0,2733.0,17035.0,62878.0,20996.0,-4440.0,"ОБЩЕСТВО С ОГРАНИЧЕННОЙ ОТВЕТСТВЕННОСТЬЮ ""СЕЛЕНА МОНТАЖ""",Среднее предприятие,41.2,83.0,78 - г.Санкт-Петербург,,,,01.08.2016,полная,28169.0,25436.0,0.0095377497695893,0.0071090416472823,False,г.Санкт-Петербург,Санкт-Петербург,Санкт-Петербург|г.Санкт-Петербург,59.9606739,30.1586551
7703439820,2024,10495746,,САНКТ-ПЕТЕРБУРГ,,,,САВУШКИНА,197374.0,,ACTIVE,2949349.0,2555818.0,377569.0,343823.0,0.0,596840.0,630586.0,273262.0,-70561.0,"ОБЩЕСТВО С ОГРАНИЧЕННОЙ ОТВЕТСТВЕННОСТЬЮ ""ФАСАД ТЕХНОЛОГИЯ МЕТАЛ""",Малое предприятие,41.2,36.0,78 - г.Санкт-Петербург,,,,10.01.2018,полная,343823.0,343823.0,0.1165758952229797,0.0926516326145193,False,г.Санкт-Петербург,Санкт-Петербург,Санкт-Петербург|г.Санкт-Петербург,59.9606739,30.1586551
9718026001,2024,9909115,,МОСКВА,,,,КОЛОДЕЗНЫЙ,107076.0,41.20,ACTIVE,2943304.0,2705850.0,77701.0,72612.0,4815.0,38045.0,91058.0,57498.0,-15114.0,"ОБЩЕСТВО С ОГРАНИЧЕННОЙ ОТВЕТСТВЕННОСТЬЮ ""ЭМК""",Малое предприятие,41.2,14.0,77 - г.Москва,,,,10.08.2018,полная,77427.0,72612.0,0.0263061511824806,0.0195351890256663,False,г.Москва,Москва,Москва|г.Москва,55.7505412,37.6174782
5614063280,2024,7729465,,ЧЕЛЯБИНСКАЯ,,ЧЕЛЯБИНСК,,ПЕРМСКАЯ,454006.0,41.2,ACTIVE,2901013.0,2841507.0,,,61442.0,113366.0,10846.0,80903.0,19681.0,"ОБЩЕСТВО С ОГРАНИЧЕННОЙ ОТВЕТСТВЕННОСТЬЮ ""ПРОГРЕСС""",Малое предприятие,41.2,6.0,74 - Челябинская область,,г Челябинск,,01.08.2016,упрощённая,162026.0,100584.0,0.0558515249673131,0.0278878446942499,False,Челябинская область,Челябинск,Челябинск|Челябинская область,55.1598408,61.4025547
5024182052,2024,10511370,,МОСКОВСКАЯ,,КРАСНОГОРСК,,ИЛЬИНСКОЕ,143405.0,28.22.6,ACTIVE,2877310.0,2432146.0,-195049.0,-646769.0,371833.0,100540.0,182950.0,-455876.0,190893.0,"ОБЩЕСТВО С ОГРАНИЧЕННОЙ ОТВЕТСТВЕННОСТЬЮ ""СК С.Т.С.""",Малое предприятие,41.2,40.0,50 - Московская область,,г Красногорск,,10.07.2022,полная,-274936.0,-646769.0,-0.0955531381741974,-0.1584382635169655,False,Московская область,Красногорск,Красногорск|Московская область,55.8204707,37.3196942
9204003550,2024,8775600,,СЕВАСТОПОЛЬ,,,,ГЕНЕРАЛА КОЛОМИЙЦА,299040.0,43.29,ACTIVE,2873014.0,2574325.0,64707.0,17573.0,4776.0,58223.0,105955.0,13552.0,-4021.0,"ОБЩЕСТВО С ОГРАНИЧЕННОЙ ОТВЕТСТВЕННОСТЬЮ ""СЕВПРОЕКТМОНТАЖ""",Малое предприятие,41.2,74.0,92 - г.Севастополь,,,,01.08.2016,полная,22349.0,17573.0,0.0077789387730098,0.0047169975503077,False,г.Севастополь,Севастополь,Севастополь|г.Севастополь,53.456383,35.186371
7702406981,2024,9940147,,МОСКВА,,,,НАРОДНОГО ОПОЛЧЕНИЯ,123298.0,46.69.9,ACTIVE,2869306.0,1967231.0,867004.0,891314.0,0.0,10683.0,366.0,712867.0,-178447.0,"ОБЩЕСТВО С ОГРАНИЧЕННОЙ ОТВЕТСТВЕННОСТЬЮ ""ТРАНСЭНЕРГОМОНТАЖПРОЕКТ""",Малое предприятие,41.2,6.0,77 - г.Москва,,,,10.10.2016,полная,891314.0,891314.0,0.3106374851619172,0.2484457914213402,False,г.Москва,Москва,Москва|г.Москва,55.7505412,37.6174782
1644063770,2024,471486,,ТАТАРСТАН,КУКМОРСКИЙ,КУКМОР,,ПРОИЗВОДСТВЕННАЯ,422111.0,41.2,ACTIVE,2869156.0,2864493.0,4663.0,1264.0,0.0,53656.0,57055.0,435.0,-829.0,"ОБЩЕСТВО С ОГРАНИЧЕННОЙ ОТВЕТСТВЕННОСТЬЮ ""БУЛГАРСТРОЙКОМПЛЕКТ""",Малое предприятие,41.2,14.0,16 - Республика Татарстан (Татарстан),Альметьевский р-н,г Альметьевск,,01.08.2016,полная,1264.0,1264.0,0.000440547673253,0.0001516125299565,False,Республика Татарстан (Татарстан),Альметьевск,Альметьевск|Республика Татарстан (Татарстан),54.9005008,52.2963777
7726445683,2024,10896159,,МОСКВА,,,,ГЕНЕРАЛА ЕРМОЛОВА,121293.0,,ACTIVE,2863709.0,2859734.0,3975.0,3013.0,0.0,2594.0,3556.0,2410.0,-603.0,"ОБЩЕСТВО С ОГРАНИЧЕННОЙ ОТВЕТСТВЕННОСТЬЮ ""БРАТКОМ-ГРУПП""",Среднее предприятие,41.2,166.0,77 - г.Москва,,,,10.02.2019,полная,3013.0,3013.0,0.0010521320427459,0.0008415659552,False,г.Москва,Москва,Москва|г.Москва,55.7505412,37.6174782
7840100451,2024,11855144,,САНКТ-ПЕТЕРБУРГ,,,,ЛИГОВСКИЙ,191036.0,,ACTIVE,2850224.0,2196982.0,609047.0,631897.0,1063.0,32238.0,22304.0,505740.0,-126380.0,"ОБЩЕСТВО С ОГРАНИЧЕННОЙ ОТВЕТСТВЕННОСТЬЮ ""СИТИ""",Малое предприятие,41.2,9.0,78 - г.Санкт-Петербург,,,,10.06.2022,полная,632960.0,631897.0,0.222073773850757,0.1774386855208573,False,г.Санкт-Петербург,Санкт-Петербург,Санкт-Петербург|г.Санкт-Петербург,59.9606739,30.1586551
7820338706,2024,8936371,,САНКТ-ПЕТЕРБУРГ,,,ШУШАРЫ,КОККОЛЕВСКАЯ,196605.0,,ACTIVE,2848081.0,2742609.0,273.0,35996.0,0.0,5954.0,3834.0,29056.0,-7247.0,"ОБЩЕСТВО С ОГРАНИЧЕННОЙ ОТВЕТСТВЕННОСТЬЮ ""РЕСУРС-ИНТ""",Среднее предприятие,41.2,71.0,78 - г.Санкт-Петербург,,,п Шушары,01.08.2016,полная,35996.0,35996.0,0.0126386854868242,0.0102019570370365,False,г.Санкт-Петербург,Шушары,Шушары|г.Санкт-Петербург,59.807457,30.37583
2115000346,2024,5280188,,ЧУВАШСКАЯ РЕСПУБЛИКА -,ЦИВИЛЬСКИЙ,ЦИВИЛЬСК,,ПАВЛА ИВАНОВА,429900.0,,ACTIVE,2810402.0,2733980.0,76422.0,18100.0,0.0,1669.0,59991.0,10916.0,-7184.0,"АКЦИОНЕРНОЕ ОБЩЕСТВО ""ПЕРЕДВИЖНАЯ МЕХАНИЗИРОВАННАЯ КОЛОННА № 8""",Среднее предприятие,41.2,123.0,21 - Чувашская Республика - Чувашия,Цивильский р-н,г Цивильск,,10.08.2017,полная,18100.0,18100.0,0.0064403597777115,0.0038841418416297,False,Чувашская Республика - Чувашия,Цивильск,Цивильск|Чувашская Республика - Чувашия,55.8649735,47.4750132
7813439894,2024,717577,,САНКТ-ПЕТЕРБУРГ,,,,ДЫБЕНКО,193168.0,41.20,ACTIVE,2807143.0,2277848.0,382143.0,400284.0,0.0,21957.0,32948.0,318933.0,-85042.0,"ОБЩЕСТВО С ОГРАНИЧЕННОЙ ОТВЕТСТВЕННОСТЬЮ ""ПЕТРОГАЗСТРОЙ""",Малое предприятие,41.2,35.0,78 - г.Санкт-Петербург,,,,10.11.2020,полная,400284.0,400284.0,0.1425948019035724,0.1136148033783815,False,г.Санкт-Петербург,Санкт-Петербург,Санкт-Петербург|г.Санкт-Петербург,59.9606739,30.1586551
7719741321,2024,2351152,,МОСКВА,,,,ВЕРЕЙСКАЯ,121357.0,41.20,ACTIVE,2797271.0,2033046.0,191672.0,26496.0,61670.0,360496.0,466057.0,25306.0,-1190.0,"АКЦИОНЕРНОЕ ОБЩЕСТВО ""НВБ ЭНЕРГИЯ""",Малое предприятие,41.2,66.0,77 - г.Москва,,,,10.08.2017,полная,88166.0,26496.0,0.0315185764983085,0.0090466744194609,False,г.Москва,Москва,Москва|г.Москва,55.7505412,37.6174782
8602194090,2024,7530738,,ХАНТЫ-МАНСИЙСКИЙ АВТОНОМНЫЙ ОКРУГ - ЮГРА,,НИЖНЕВАРТОВСК,,ИНДУСТРИАЛЬНАЯ,,,ACTIVE,2779605.0,2567975.0,143240.0,130410.0,0.0,412922.0,425752.0,96714.0,-33696.0,"ОБЩЕСТВО С ОГРАНИЧЕННОЙ ОТВЕТСТВЕННОСТЬЮ ""СЕВЕРСПЕЦСЕРВИС""",Среднее предприятие,41.2,55.0,86 - Ханты-Мансийский автономный округ - Югра,,г Сургут,,10.08.2020,полная,130410.0,130410.0,0.046916738169632,0.0347941524065469,False,Ханты-Мансийский автономный округ - Югра,Сургут,Сургут|Ханты-Мансийский автономный округ - Югра,61.2419217,73.3952717
1425001669,2024,4999525,,САХА (ЯКУТИЯ),ТАТТИНСКИЙ,,ЫТЫК-КЮЕЛЬ,ЮБИЛЕЙНАЯ,678650.0,,ACTIVE,2771419.0,2555646.0,78268.0,79531.0,1995.0,5826.0,48166.0,56045.0,-15906.0,"ПРОИЗВОДСТВЕННЫЙ КООПЕРАТИВ ""МОНТАЖНИК""",Малое предприятие,41.2,,14 - Республика Саха (Якутия),Таттинский у,,с Ытык-Кюель,01.08.2016,полная,81526.0,79531.0,0.0294166995319004,0.0202224925209793,False,Республика Саха (Якутия),Ытык-Кюель,Ытык-Кюель|Республика Саха (Якутия),62.360935,133.563309
7451385973,2024,9082187,,ЧЕЛЯБИНСКАЯ,,ЧЕЛЯБИНСК,,МАРКСА,454090.0,,ACTIVE,2766284.0,2473449.0,53791.0,75380.0,9394.0,216391.0,253962.0,60526.0,-16624.0,"ОБЩЕСТВО С ОГРАНИЧЕННОЙ ОТВЕТСТВЕННОСТЬЮ ""ЭЛЕМЕНТ""",Малое предприятие,41.2,25.0,74 - Челябинская область,,г Челябинск,,01.08.2016,полная,84774.0,75380.0,0.0306454434902562,0.0218798937491595,False,Челябинская область,Челябинск,Челябинск|Челябинская область,55.1598408,61.4025547
1650283573,2024,8459671,,ТАТАРСТАН,,НАБЕРЕЖНЫЕ ЧЕЛНЫ,,НАБЕРЕЖНОЧЕЛНИНСКИЙ,423803.0,,ACTIVE,2743977.0,2552373.0,146495.0,33757.0,8745.0,171506.0,281987.0,23990.0,-9767.0,"ОБЩЕСТВО С ОГРАНИЧЕННОЙ ОТВЕТСТВЕННОСТЬЮ СТРОИТЕЛЬНАЯ КОМПАНИЯ ""ТВОЙ ДОМ""",Среднее предприятие,41.2,13.0,16 - Республика Татарстан (Татарстан),,г Набережные Челны,,01.08.2016,полная,42502.0,33757.0,0.0154891968846677,0.0087427846516206,False,Республика Татарстан (Татарстан),Набережные Челны,Набережные Челны|Республика Татарстан (Татарстан),55.7419774,52.399207
3250518136,2024,790956,,БРЯНСКАЯ,БРЯНСКИЙ,,ПУТЕВКА,ОКРУЖНАЯ,241037.0,68.10.21,ACTIVE,2722221.0,1931077.0,678175.0,855708.0,0.0,37089.0,31313.0,681871.0,-173837.0,"ОБЩЕСТВО С ОГРАНИЧЕННОЙ ОТВЕТСТВЕННОСТЬЮ СПЕЦИАЛИЗИРОВАННЫЙ ЗАСТРОЙЩИК ""МЕГАПОЛИС-СТРОЙ""",Среднее предприятие,41.2,34.0,32 - Брянская область,Брянский р-н,,п Путевка,01.08.2016,полная,855708.0,855708.0,0.3143418554187922,0.2504833369517023,False,Брянская область,Путевка,Путевка|Брянская область,52.8873315,33.415853
1657102836,2024,2818307,,МОСКВА,,,,ШВЕРНИКА,117449.0,,ACTIVE,2708752.0,2528884.0,105943.0,21717.0,66885.0,66510.0,89059.0,7458.0,-4522.0,"АКЦИОНЕРНОЕ ОБЩЕСТВО ""ТСНРУ""",Среднее предприятие,41.2,71.0,77 - г.Москва,,,,10.08.2017,полная,88602.0,21717.0,0.0327095282255444,0.0027532974594942,False,г.Москва,Москва,Москва|г.Москва,55.7505412,37.6174782
1660329918,2024,11013068,,ТАТАРСТАН,,КАЗАНЬ,,МОСКОВСКАЯ,420111.0,41.20,ACTIVE,2700288.0,2432353.0,38579.0,1812.0,0.0,27843.0,64705.0,1457.0,-355.0,"ОБЩЕСТВО С ОГРАНИЧЕННОЙ ОТВЕТСТВЕННОСТЬЮ ""РЕНОВАЦИЯ""",Малое предприятие,41.2,14.0,16 - Республика Татарстан (Татарстан),,г Казань,,10.05.2019,полная,1812.0,1812.0,0.0006710395335608,0.0005395720752749,False,Республика Татарстан (Татарстан),Казань,Казань|Республика Татарстан (Татарстан),55.8257401,49.2192791
6234101950,2024,1837108,,РЯЗАНСКАЯ,,РЯЗАНЬ,,,390047.0,,ACTIVE,2698770.0,2443029.0,163612.0,135043.0,7713.0,18192.0,42939.0,107861.0,-27140.0,"ОБЩЕСТВО С ОГРАНИЧЕННОЙ ОТВЕТСТВЕННОСТЬЮ ""ДОЛСТРИМ""",Среднее предприятие,41.2,182.0,62 - Рязанская область,,г Рязань,,01.08.2016,полная,142756.0,135043.0,0.0528966899735805,0.0399667255823949,False,Рязанская область,Рязань,Рязань|Рязанская область,54.6295687,39.7425039
7723434605,2024,9652405,,МОСКВА,,,,ЛЮБЛИНСКАЯ,109382.0,,ACTIVE,2686380.0,2219876.0,277872.0,192177.0,24906.0,38243.0,109120.0,155016.0,-28228.0,"ОБЩЕСТВО С ОГРАНИЧЕННОЙ ОТВЕТСТВЕННОСТЬЮ СТРОИТЕЛЬНАЯ КОМПАНИЯ ""ПЕРСПЕКТИВА""",Среднее предприятие,41.2,111.0,77 - г.Москва,,,,10.07.2022,полная,217083.0,192177.0,0.0808087463426618,0.0577044200745985,False,г.Москва,Москва,Москва|г.Москва,55.7505412,37.6174782
7721620684,2024,3097680,,МОСКОВСКАЯ,КОЛОМНА,,,ПОЛЯНСКАЯ,140415.0,,ACTIVE,2685773.0,2395880.0,289893.0,245367.0,6745.0,6538.0,51148.0,186008.0,-57563.0,"ОБЩЕСТВО С ОГРАНИЧЕННОЙ ОТВЕТСТВЕННОСТЬЮ ""СТРОЙЦЕНТРАЛЬ""",Среднее предприятие,41.2,107.0,50 - Московская область,Коломна г,,,01.08.2016,полная,252112.0,245367.0,0.0938694372160268,0.0692567838011626,False,Московская область,Коломна,Коломна|Московская область,55.0938743,38.7670121
7017334036,2024,7980233,,ТОМСКАЯ,,ТОМСК,,ПУШКИНА,634006.0,41.20,ACTIVE,2682122.0,2442896.0,137292.0,117614.0,601.0,5777.0,34512.0,93020.0,-24594.0,"АКЦИОНЕРНОЕ ОБЩЕСТВО ""КОНСАЛТИНГСТРОЙИНВЕСТ""",Малое предприятие,41.2,146.0,70 - Томская область,,г Томск,,10.08.2017,полная,118215.0,117614.0,0.0440751762969768,0.0346814947269363,False,Томская область,Томск,Томск|Томская область,56.4887526,84.9523434
9723045458,2024,10644898,,МОСКВА,,,,2-Й КАПОТНИНСКИЙ,109429.0,41.20,ACTIVE,2678728.0,2555715.0,12911.0,23936.0,1964.0,26130.0,20996.0,18916.0,-5020.0,"ОБЩЕСТВО С ОГРАНИЧЕННОЙ ОТВЕТСТВЕННОСТЬЮ ""ТЕХСТРОЙ ИНДУСТРИЯ""",Среднее предприятие,41.2,9.0,77 - г.Москва,,,,10.05.2018,полная,25900.0,23936.0,0.009668768161605,0.0070615605615799,False,г.Москва,Москва,Москва|г.Москва,55.7505412,37.6174782
7810855374,2024,2391276,,САНКТ-ПЕТЕРБУРГ,,,,ВЫБОРГСКАЯ,195277.0,,ACTIVE,2674953.0,2441437.0,203961.0,224928.0,21.0,13395.0,1999.0,177493.0,-47416.0,"ОБЩЕСТВО С ОГРАНИЧЕННОЙ ОТВЕТСТВЕННОСТЬЮ ""ВЕРТИКАЛЬ""",Малое предприятие,41.2,62.0,78 - г.Санкт-Петербург,,,,01.08.2016,полная,224949.0,224928.0,0.0840945616614572,0.0663536892050065,False,г.Санкт-Петербург,Санкт-Петербург,Санкт-Петербург|г.Санкт-Петербург,59.9606739,30.1586551
5018081120,2024,4244436,,МОСКОВСКАЯ,,КРАСНОГОРСК,ТИМОШКИНО,АРХИТЕКТОРА РАЙТА,143422.0,68.10.23,ACTIVE,2670707.0,1091590.0,1502385.0,869151.0,387519.0,204.0,443711.0,653006.0,-216139.0,"ОБЩЕСТВО С ОГРАНИЧЕННОЙ ОТВЕТСТВЕННОСТЬЮ ""ДИАМАНДСЕРВИС""",Малое предприятие,41.2,3.0,50 - Московская область,,г Красногорск,д Тимошкино,10.02.2021,полная,1256670.0,869151.0,0.4705383256193959,0.2445067916473053,False,Московская область,Красногорск,Красногорск|Московская область,55.8204707,37.3196942
7804537221,2024,8636974,,САНКТ-ПЕТЕРБУРГ,,,,ПРИДОРОЖНАЯ,194352.0,,ACTIVE,2635484.0,2520268.0,-27220.0,19603.0,2716.0,139442.0,103105.0,7072.0,-12531.0,"ОБЩЕСТВО С ОГРАНИЧЕННОЙ ОТВЕТСТВЕННОСТЬЮ ""АЛГОРИТМ""",Малое предприятие,41.2,83.0,78 - г.Санкт-Петербург,,,,01.08.2016,полная,22319.0,19603.0,0.0084686531961491,0.0026833780815971,False,г.Санкт-Петербург,Санкт-Петербург,Санкт-Петербург|г.Санкт-Петербург,59.9606739,30.1586551
2126003691,2024,5352926,,ЧУВАШСКАЯ РЕСПУБЛИКА -,,ЧЕБОКСАРЫ,,ПЕТРОВА,428003.0,,ACTIVE,2630461.0,2490324.0,20918.0,12395.0,17702.0,173865.0,191322.0,4746.0,-7649.0,"АКЦИОНЕРНОЕ ОБЩЕСТВО ""СПЕЦИАЛИЗИРОВАННЫЙ ЗАСТРОЙЩИК ""ИНВЕСТИЦИОННО-СТРОИТЕЛЬНАЯ КОМПАНИЯ - ""ЧЕСТР-ГРУПП""",Среднее предприятие,41.2,143.0,21 - Чувашская Республика - Чувашия,,г Чебоксары,,10.08.2018,полная,30097.0,12395.0,0.0114417206717757,0.0018042464799896,False,Чувашская Республика - Чувашия,Чебоксары,Чебоксары|Чувашская Республика - Чувашия,55.4259922,47.0849429
7736606442,2024,4723407,,МОСКВА,,,,ВАВИЛОВА,117335.0,41.2,ACTIVE,2626712.0,2477750.0,54175.0,16445.0,9765.0,195568.0,231151.0,2239.0,-14206.0,"ОБЩЕСТВО С ОГРАНИЧЕННОЙ ОТВЕТСТВЕННОСТЬЮ ""ТЕХСТРОЙМОНТАЖ""",Малое предприятие,41.2,43.0,77 - г.Москва,,,,01.08.2016,полная,26210.0,16445.0,0.0099782541824151,0.0008523964561017,False,г.Москва,Москва,Москва|г.Москва,55.7505412,37.6174782
7728188311,2024,7125022,,МОСКВА,,,,ОБРУЧЕВА,117342.0,,ACTIVE,2610653.0,2494808.0,51760.0,26414.0,0.0,2271.0,27617.0,15957.0,-10457.0,"ОБЩЕСТВО С ОГРАНИЧЕННОЙ ОТВЕТСТВЕННОСТЬЮ ""ПАОЛА-СК""",Среднее предприятие,41.2,110.0,77 - г.Москва,,,,10.07.2023,полная,26414.0,26414.0,0.010117775131356,0.0061122638665498,False,г.Москва,Москва,Москва|г.Москва,55.7505412,37.6174782
5001117650,2024,10503323,,МОСКОВСКАЯ,,БАЛАШИХА,,СОЛНЕЧНАЯ,143909.0,42.21,ACTIVE,2609718.0,2245207.0,246058.0,205821.0,2037.0,3733.0,45632.0,164477.0,-41344.0,"ОБЩЕСТВО С ОГРАНИЧЕННОЙ ОТВЕТСТВЕННОСТЬЮ ""ЦЕНТР ГАЗ""",Малое предприятие,41.2,56.0,50 - Московская область,,г Балашиха,,10.01.2018,полная,207858.0,205821.0,0.0796476860718284,0.06302481724079,False,Московская область,Балашиха,Балашиха|Московская область,55.7997662,37.9373707
5050117620,2024,9186136,,МОСКОВСКАЯ,,ФРЯЗИНО,,ВОКЗАЛЬНАЯ,141190.0,,ACTIVE,2607090.0,2501864.0,48912.0,72006.0,9204.0,62974.0,30676.0,52504.0,-16930.0,"ОБЩЕСТВО С ОГРАНИЧЕННОЙ ОТВЕТСТВЕННОСТЬЮ ""СТРОИТЕЛЬНАЯ КОМПАНИЯ""",Среднее предприятие,41.2,48.0,50 - Московская область,,г Фрязино,,01.08.2016,полная,81210.0,72006.0,0.0311496726234997,0.0201389288440368,False,Московская область,Фрязино,Фрязино|Московская область,55.954618,38.0567691
5506231033,2024,8538118,,ЧЕЧЕНСКАЯ,,ГРОЗНЫЙ,,8 МАРТА,364016.0,46.73,ACTIVE,2603164.0,2559460.0,11170.0,40608.0,2344.0,3372.0,3130.0,32238.0,-8370.0,"ОБЩЕСТВО С ОГРАНИЧЕННОЙ ОТВЕТСТВЕННОСТЬЮ ""ОМСКАГРОПРОМСТРОЙ""",Малое предприятие,41.2,6.0,55 - Омская область,,г Омск,,01.08.2016,полная,42952.0,40608.0,0.0164999208655313,0.0123841601988964,False,Омская область,Омск,Омск|Омская область,54.991375,73.371529
1821010280,2024,666654,,УДМУРТСКАЯ,,МОЖГА,,НАГОВИЦЫНА,427790.0,,ACTIVE,2568637.0,2460349.0,71976.0,63348.0,0.0,133.0,9334.0,50678.0,-12670.0,"ОБЩЕСТВО С ОГРАНИЧЕННОЙ ОТВЕТСТВЕННОСТЬЮ ""СПЕЦПРОММОНТАЖ""",Среднее предприятие,41.2,31.0,18 - Удмуртская Республика,,г Можга,,01.08.2016,полная,63348.0,63348.0,0.0246621067904884,0.0197295297077788,False,Удмуртская Республика,Можга,Можга|Удмуртская Республика,57.1961165,52.6959832
1657243900,2024,10548478,,ТАТАРСТАН,,КАЗАНЬ,,ГЛАДИЛОВА,420032.0,41.20,ACTIVE,2560544.0,2351529.0,149314.0,93840.0,8476.0,73518.0,127335.0,75066.0,-18755.0,"ОБЩЕСТВО С ОГРАНИЧЕННОЙ ОТВЕТСТВЕННОСТЬЮ ""ГРУППА КОМПАНИЙ ""РР ГРУПП""",Малое предприятие,41.2,75.0,16 - Республика Татарстан (Татарстан),,г Казань,,10.03.2018,полная,102316.0,93840.0,0.0399586962770411,0.0293164265093667,False,Республика Татарстан (Татарстан),Казань,Казань|Республика Татарстан (Татарстан),55.8257401,49.2192791
5047154277,2024,8500234,,МОСКОВСКАЯ,,ХИМКИ,,БАБАКИНА,141407.0,41.20,ACTIVE,2559147.0,2294074.0,148199.0,46416.0,63507.0,17247.0,67427.0,23956.0,-22460.0,"ОБЩЕСТВО С ОГРАНИЧЕННОЙ ОТВЕТСТВЕННОСТЬЮ ""НОВАЯ СТРОИТЕЛЬНАЯ КОМПАНИЯ ВСК""",Малое предприятие,41.2,16.0,50 - Московская область,,г Химки,,01.08.2016,полная,109923.0,46416.0,0.042952983943478,0.0093609315916592,False,Московская область,Химки,Химки|Московская область,55.8917293,37.4396994
6679092891,2024,9756852,,ТЮМЕНСКАЯ,,ТЮМЕНЬ,,ГАЗОВИКОВ,625005.0,,ACTIVE,2552547.0,2500484.0,29212.0,39335.0,1365.0,8261.0,1013.0,35820.0,-3515.0,"ОБЩЕСТВО С ОГРАНИЧЕННОЙ ОТВЕТСТВЕННОСТЬЮ ""СТРОИТЕЛЬНАЯ КОМПАНИЯ ""СТРОЙГРАД""",Среднее предприятие,41.2,244.0,66 - Свердловская область,,г Екатеринбург,,01.08.2016,полная,40700.0,39335.0,0.015944858214168,0.0140330422907002,False,Свердловская область,Екатеринбург,Екатеринбург|Свердловская область,56.8382071,60.6007886
5029172308,2024,7872829,,МОСКВА,,,,НАУЧНЫЙ,117246.0,,ACTIVE,2550626.0,2474362.0,26658.0,65917.0,0.0,113411.0,81483.0,19753.0,-46164.0,"ОБЩЕСТВО С ОГРАНИЧЕННОЙ ОТВЕТСТВЕННОСТЬЮ ""ФБ-СТРОЙ""",Малое предприятие,41.2,32.0,50 - Московская область,,г Мытищи,,01.08.2016,полная,65917.0,65917.0,0.0258434596056027,0.0077443733420736,False,Московская область,Мытищи,Мытищи|Московская область,55.9094928,37.7339358
6731028404,2024,3155801,,СМОЛЕНСКАЯ,,СМОЛЕНСК,,ЭНГЕЛЬСА,214014.0,68.10.21,ACTIVE,2533131.0,1692356.0,761225.0,825537.0,0.0,185215.0,142785.0,648179.0,-177358.0,"АКЦИОНЕРНОЕ ОБЩЕСТВО ""СМОЛСТРОМ-СЕРВИС""",Среднее предприятие,41.2,41.0,67 - Смоленская область,,г Смоленск,,10.08.2017,полная,825537.0,825537.0,0.3258958972117904,0.25588056835592,False,Смоленская область,Смоленск,Смоленск|Смоленская область,54.7789701,32.0471812
1655211533,2024,4311874,,ТАТАРСТАН,,КАЗАНЬ,,КАРЛА ФУКСА,420111.0,,ACTIVE,2511293.0,2182975.0,142549.0,36289.0,102301.0,41491.0,65492.0,25767.0,-10566.0,"ОБЩЕСТВО С ОГРАНИЧЕННОЙ ОТВЕТСТВЕННОСТЬЮ ""АПЕКС""",Среднее предприятие,41.2,73.0,16 - Республика Татарстан (Татарстан),,г Казань,,10.08.2018,полная,138590.0,36289.0,0.0551867105909187,0.0102604514885359,False,Республика Татарстан (Татарстан),Казань,Казань|Республика Татарстан (Татарстан),55.8257401,49.2192791
6679007776,2024,2434090,,СВЕРДЛОВСКАЯ,,ЕКАТЕРИНБУРГ,,БОЛЬШАКОВА,620142.0,41.2,ACTIVE,2509946.0,2293623.0,99013.0,81038.0,1770.0,26449.0,46227.0,67160.0,-13878.0,"ОБЩЕСТВО С ОГРАНИЧЕННОЙ ОТВЕТСТВЕННОСТЬЮ ""ЭНЕРГОАУДИТ""",Малое предприятие,41.2,28.0,66 - Свердловская область,,г Екатеринбург,,01.08.2016,полная,82808.0,81038.0,0.0329919448466222,0.0267575477719441,False,Свердловская область,Екатеринбург,Екатеринбург|Свердловская область,56.8382071,60.6007886
3808168391,2024,6441665,,ИРКУТСКАЯ,,ИРКУТСК,,РАБОЧАЯ,664007.0,41.20,ACTIVE,2507271.0,1731880.0,775391.0,737003.0,9967.0,11348.0,51639.0,612965.0,-124038.0,"ОБЩЕСТВО С ОГРАНИЧЕННОЙ ОТВЕТСТВЕННОСТЬЮ СПЕЦИАЛИЗИРОВАННЫЙ ЗАСТРОЙЩИК ""РЕГИОН СИБИРИ""",Малое предприятие,41.2,21.0,38 - Иркутская область,,г Иркутск,,10.09.2021,полная,746970.0,737003.0,0.2979215250365836,0.2444749690001599,False,Иркутская область,Иркутск,Иркутск|Иркутская область,52.2891225,104.279829
2311250208,2024,10482011,,КРАСНОДАРСКИЙ,,КРАСНОДАР,,ИМ. ВОРОВСКОГО,350049.0,41.20,ACTIVE,2492923.0,2434616.0,23318.0,1569.0,0.0,46773.0,68522.0,1346.0,-223.0,"ОБЩЕСТВО С ОГРАНИЧЕННОЙ ОТВЕТСТВЕННОСТЬЮ ""СТРОЙПОДРЯДСЕРВИС""",Малое предприятие,41.2,39.0,23 - Краснодарский край,,г Краснодар,,10.01.2018,полная,1569.0,1569.0,0.0006293816535849,0.0005399284293979,False,Краснодарский край,Краснодар,Краснодар|Краснодарский край,45.0351532,38.9772396
5835089167,2024,3802336,,МОСКВА,,,,ЛЕТНИКОВСКАЯ,115114.0,41.20,ACTIVE,2492870.0,2378609.0,60040.0,65916.0,0.0,34050.0,36944.0,54895.0,-11021.0,"ОБЩЕСТВО С ОГРАНИЧЕННОЙ ОТВЕТСТВЕННОСТЬЮ ""ИНЖИТЭК""",Малое предприятие,41.2,15.0,77 - г.Москва,,,,01.08.2016,полная,65916.0,65916.0,0.0264418120479607,0.0220208033311003,False,г.Москва,Москва,Москва|г.Москва,55.7505412,37.6174782
7804384374,2024,4461456,,САНКТ-ПЕТЕРБУРГ,,,,,198184.0,41.2,ACTIVE,2483738.0,2334553.0,86518.0,92545.0,0.0,1079.0,9276.0,73766.0,-20049.0,"ОБЩЕСТВО С ОГРАНИЧЕННОЙ ОТВЕТСТВЕННОСТЬЮ ""ПЕТРОЭКОЛОГИЯ СЕВЕРО ЗАПАД""",Малое предприятие,41.2,44.0,78 - г.Санкт-Петербург,,,,01.08.2016,полная,92545.0,92545.0,0.0372603712629915,0.0296995898923316,False,г.Санкт-Петербург,Санкт-Петербург,Санкт-Петербург|г.Санкт-Петербург,59.9606739,30.1586551
3808203046,2024,10548223,,ИРКУТСКАЯ,,ИРКУТСК,,ФРИДРИХА ЭНГЕЛЬСА,664007.0,,ACTIVE,2478404.0,2166219.0,201696.0,182279.0,2361.0,24686.0,49717.0,141294.0,-40980.0,"ОБЩЕСТВО С ОГРАНИЧЕННОЙ ОТВЕТСТВЕННОСТЬЮ ""ПЕРВАЯ СТРОИТЕЛЬНАЯ КОМПАНИЯ""",Среднее предприятие,41.2,129.0,38 - Иркутская область,,г Иркутск,,10.03.2018,полная,184640.0,182279.0,0.0744995569729551,0.0570100758391287,False,Иркутская область,Иркутск,Иркутск|Иркутская область,52.2891225,104.279829
2902070169,2024,3883848,,АРХАНГЕЛЬСКАЯ,,СЕВЕРОДВИНСК,,АРХАНГЕЛЬСКОЕ,164512.0,41.20,ACTIVE,2456359.0,2431313.0,14666.0,24500.0,0.0,664.0,9174.0,18543.0,-5957.0,"ОБЩЕСТВО С ОГРАНИЧЕННОЙ ОТВЕТСТВЕННОСТЬЮ ""СТРОЙ ЦЕНТР""",Малое предприятие,41.2,10.0,29 - Архангельская область,Котласский р-н,г Котлас,,01.08.2016,полная,24500.0,24500.0,0.0099741120902929,0.007548977979196,False,Архангельская область,Котлас,Котлас|Архангельская область,61.2536887,46.6439383
7813474909,2024,876145,,САНКТ-ПЕТЕРБУРГ,,,,БОЛЬШАЯ МОНЕТНАЯ,197101.0,,ACTIVE,2449036.0,2539636.0,-144359.0,43241.0,30102.0,439816.0,222313.0,36049.0,-7172.0,"ОБЩЕСТВО С ОГРАНИЧЕННОЙ ОТВЕТСТВЕННОСТЬЮ ""ДВК-ДОРСТРОЙ""",Среднее предприятие,41.2,80.0,78 - г.Санкт-Петербург,,,,01.08.2016,полная,73343.0,43241.0,0.0299477018712669,0.014719669290284,False,г.Санкт-Петербург,Санкт-Петербург,Санкт-Петербург|г.Санкт-Петербург,59.9606739,30.1586551
7840092218,2024,11304475,,МОСКВА,,,,ХЕРСОНСКАЯ,117461.0,,ACTIVE,2448011.0,2212795.0,-44241.0,922.0,0.0,70154.0,40930.0,478.0,-444.0,"ОБЩЕСТВО С ОГРАНИЧЕННОЙ ОТВЕТСТВЕННОСТЬЮ ""ПАРИТЕТ""",Малое предприятие,41.2,21.0,77 - г.Москва,,,,10.05.2020,полная,922.0,922.0,0.0003766322945444,0.0001952605605121,False,г.Москва,Москва,Москва|г.Москва,55.7505412,37.6174782
5038142162,2024,11007188,,МОСКОВСКАЯ,ПУШКИНО,,ПРАВДИНСКИЙ,ГЕРЦЕНА,141260.0,41.20,ACTIVE,2447148.0,2357502.0,72659.0,82350.0,0.0,19885.0,10891.0,65543.0,-16807.0,"ОБЩЕСТВО С ОГРАНИЧЕННОЙ ОТВЕТСТВЕННОСТЬЮ ""МОНТАЖНЫЕ КОНСТРУКЦИИ И СИСТЕМЫ 98""",Малое предприятие,41.2,31.0,50 - Московская область,Пушкино г,,рп Правдинский,10.05.2019,полная,82350.0,82350.0,0.033651417895444,0.0267834229887199,False,Московская область,рп Правдинский,рп Правдинский|Московская область,56.0630281,37.8587959
1660191628,2024,8134443,,ТАТАРСТАН,,КАЗАНЬ,,РОДИНЫ,420087.0,,ACTIVE,2445796.0,2402164.0,-11133.0,1666.0,62.0,25202.0,12341.0,666.0,-1000.0,"ОБЩЕСТВО С ОГРАНИЧЕННОЙ ОТВЕТСТВЕННОСТЬЮ ""ГРАНЬ ЖИЛСТРОЙ""",Среднее предприятие,41.2,48.0,16 - Республика Татарстан (Татарстан),,г Казань,,01.08.2016,полная,1728.0,1666.0,0.0007065184504349,0.0002723039861051,False,Республика Татарстан (Татарстан),Казань,Казань|Республика Татарстан (Татарстан),55.8257401,49.2192791
2312233653,2024,9414767,,КРАСНОДАРСКИЙ,,КРАСНОДАР,,ИМ. ФАДЕЕВА,350910.0,,ACTIVE,2442097.0,2296409.0,108727.0,35516.0,182895.0,84941.0,36480.0,28005.0,-7511.0,"ОБЩЕСТВО С ОГРАНИЧЕННОЙ ОТВЕТСТВЕННОСТЬЮ ""СПЕЦСТРОЙКАПИТАЛ""",Среднее предприятие,41.2,16.0,23 - Краснодарский край,,г Краснодар,,10.08.2020,полная,218411.0,35516.0,0.0894358414100668,0.0114676034571927,False,Краснодарский край,Краснодар,Краснодар|Краснодарский край,45.0351532,38.9772396
7841444504,2024,4987633,,САНКТ-ПЕТЕРБУРГ,,,,КОМИССАРА СМИРНОВА,195277.0,43.22,ACTIVE,2439720.0,2039982.0,289662.0,384040.0,0.0,143494.0,57344.0,304564.0,-79476.0,"ОБЩЕСТВО С ОГРАНИЧЕННОЙ ОТВЕТСТВЕННОСТЬЮ ""СК ЭНЕРГОТЕХСТРОЙ""",Среднее предприятие,41.2,142.0,78 - г.Санкт-Петербург,,,,01.08.2016,полная,384040.0,384040.0,0.1574115062384208,0.1248356368763628,False,г.Санкт-Петербург,Санкт-Петербург,Санкт-Петербург|г.Санкт-Петербург,59.9606739,30.1586551
2460089964,2024,9252852,,КРАСНОЯРСКИЙ,,КРАСНОЯРСК,,ЛАДО КЕЦХОВЕЛИ,660001.0,41.20,ACTIVE,2429768.0,2271055.0,57576.0,42254.0,24115.0,29796.0,21149.0,32519.0,-9735.0,"ОБЩЕСТВО С ОГРАНИЧЕННОЙ ОТВЕТСТВЕННОСТЬЮ ""СТРОЙИННОВАЦИЯ""",Малое предприятие,41.2,22.0,24 - Красноярский край,,г Красноярск,,01.08.2016,полная,66369.0,42254.0,0.0273149535264272,0.0133835823008616,False,Красноярский край,Красноярск,Красноярск|Красноярский край,56.0091173,92.872586
2720055166,2024,9774285,,ХАБАРОВСКИЙ,,ХАБАРОВСК,,ИНДУСТРИАЛЬНАЯ,680006.0,41.20,ACTIVE,2412347.0,2271783.0,-7709.0,4615.0,0.0,31444.0,19726.0,2853.0,-1762.0,"ОБЩЕСТВО С ОГРАНИЧЕННОЙ ОТВЕТСТВЕННОСТЬЮ ""РЕГИОН""",Малое предприятие,41.2,27.0,27 - Хабаровский край,,г Хабаровск,,01.08.2016,полная,4615.0,4615.0,0.001913074694478,0.0011826656778647,False,Хабаровский край,Хабаровск,Хабаровск|Хабаровский край,48.4812568,135.0762968
7810444039,2024,9783852,,САНКТ-ПЕТЕРБУРГ,,,,СМОЛЕНСКАЯ,196084.0,,ACTIVE,2412225.0,2294835.0,53382.0,59521.0,0.0,16984.0,16009.0,45806.0,-13715.0,"ОБЩЕСТВО С ОГРАНИЧЕННОЙ ОТВЕТСТВЕННОСТЬЮ ""КАСТОР-С""",Малое предприятие,41.2,48.0,78 - г.Санкт-Петербург,,,,01.08.2016,полная,59521.0,59521.0,0.0246747297619417,0.0189891075666656,False,г.Санкт-Петербург,Санкт-Петербург,Санкт-Петербург|г.Санкт-Петербург,59.9606739,30.1586551
4703142292,2024,8938599,,САНКТ-ПЕТЕРБУРГ,,,,ПЛЕСЕЦКАЯ,197376.0,41.20,ACTIVE,2399220.0,880150.0,1394859.0,1429580.0,0.0,1883.0,73200.0,1144304.0,-285276.0,"ОБЩЕСТВО С ОГРАНИЧЕННОЙ ОТВЕТСТВЕННОСТЬЮ ""АРСЕНАЛ-10""",Малое предприятие,41.2,19.0,47 - Ленинградская область,Всеволожский р-н,,п Бугры,01.08.2016,полная,1429580.0,1429580.0,0.5958519852285326,0.4769483415443352,False,Ленинградская область,Бугры,Бугры|Ленинградская область,60.0684741,30.3947002
7708367545,2024,11205741,,МОСКВА,,,,КОМСОМОЛЬСКАЯ,107140.0,41.20,ACTIVE,2396256.0,2215174.0,90390.0,78909.0,0.0,58639.0,70321.0,59369.0,-19540.0,"ОБЩЕСТВО С ОГРАНИЧЕННОЙ ОТВЕТСТВЕННОСТЬЮ ""КВАДРО""",Малое предприятие,41.2,30.0,77 - г.Москва,,,,10.01.2020,полная,78909.0,78909.0,0.0329301209887424,0.0247757334775583,False,г.Москва,Москва,Москва|г.Москва,55.7505412,37.6174782
2009000087,2024,429187,,ЧЕЧЕНСКАЯ,ГУДЕРМЕССКИЙ,ГУДЕРМЕС,,ШКОЛЬНАЯ,366208.0,42.11,ACTIVE,2383520.0,2338604.0,44916.0,76592.0,0.0,335606.0,303930.0,61274.0,-15318.0,"ОБЩЕСТВО С ОГРАНИЧЕННОЙ ОТВЕТСТВЕННОСТЬЮ ""ДОРСТРОЙ""",Среднее предприятие,41.2,109.0,20 - Чеченская Республика,Гудермесский р-н,г Гудермес,,10.08.2017,полная,76592.0,76592.0,0.0321339867087333,0.0257073571860106,False,Чеченская Республика,Гудермес,Гудермес|Чеченская Республика,43.4,45.7
7713402611,2024,9360801,,МОСКВА,,,,1-Я ДУБРОВСКАЯ,115088.0,41.20,ACTIVE,2379201.0,2289610.0,33368.0,12087.0,9882.0,3141.0,14832.0,9215.0,-2872.0,"ОБЩЕСТВО С ОГРАНИЧЕННОЙ ОТВЕТСТВЕННОСТЬЮ ""СТРОЙРЕСТАВРАЦИЯ""",Малое предприятие,41.2,8.0,77 - г.Москва,,,,10.09.2016,полная,21969.0,12087.0,0.0092337721781387,0.0038731490109494,False,г.Москва,Москва,Москва|г.Москва,55.7505412,37.6174782
5906059080,2024,4128454,,ПЕРМСКИЙ,,ПЕРМЬ,,ИНДУСТРИАЛИЗАЦИИ,614107.0,,ACTIVE,2374051.0,2247780.0,39275.0,12632.0,29181.0,22454.0,20916.0,9022.0,-3610.0,"ОБЩЕСТВО С ОГРАНИЧЕННОЙ ОТВЕТСТВЕННОСТЬЮ ""РЕКОН СТРОЙ""",Среднее предприятие,41.2,170.0,59 - Пермский край,,г Пермь,,10.08.2018,полная,41813.0,12632.0,0.0176125112729254,0.0038002553441354,False,Пермский край,Пермь,Пермь|Пермский край,58.0108531,56.2318528
5024204330,2024,11308068,,ЧЕЧЕНСКАЯ,,ГРОЗНЫЙ,,У.А.САДАЕВА,364060.0,41.20,ACTIVE,2358738.0,2069761.0,17023.0,3458.0,12051.0,4695.0,14006.0,791.0,-2665.0,"ОБЩЕСТВО С ОГРАНИЧЕННОЙ ОТВЕТСТВЕННОСТЬЮ ""ИНТЕРСТРОЙ""",Малое предприятие,41.2,17.0,50 - Московская область,,г Красногорск,,10.05.2020,полная,15509.0,3458.0,0.0065751261903611,0.0003353488178848,False,Московская область,Красногорск,Красногорск|Московская область,55.8204707,37.3196942
0277050763,2024,3224389,,БАШКОРТОСТАН,,Уфа,,ШОТА РУСТАВЕЛИ,450081.0,,ACTIVE,2357749.0,2778114.0,-442632.0,5926.0,503.0,800902.0,369203.0,969.0,-3849.0,"ОБЩЕСТВО С ОГРАНИЧЕННОЙ ОТВЕТСТВЕННОСТЬЮ ""СТРОИТЕЛЬНО-МОНТАЖНАЯ КОМПАНИЯ-10""",Среднее предприятие,41.2,106.0,02 - Республика Башкортостан,,г Уфа,,01.08.2016,полная,6429.0,5926.0,0.0027267533566974,0.0004109852236179,False,Республика Башкортостан,Уфа,Уфа|Республика Башкортостан,54.7261409,55.947499
8606014165,2024,3265737,,ХАНТЫ-МАНСИЙСКИЙ АВТОНОМНЫЙ ОКРУГ - ЮГРА,,УРАЙ,,СИБИРСКАЯ,628285.0,41.2,ACTIVE,2354505.0,2228627.0,84698.0,31749.0,27447.0,5280.0,33817.0,24020.0,-7729.0,"ОБЩЕСТВО С ОГРАНИЧЕННОЙ ОТВЕТСТВЕННОСТЬЮ ""СТРОИТЕЛЬНАЯ КОМПАНИЯ ""НОЙ""",Малое предприятие,41.2,21.0,86 - Ханты-Мансийский автономный округ - Югра,,г Урай,,01.08.2016,полная,59196.0,31749.0,0.0251415902705664,0.0102017196820563,False,Ханты-Мансийский автономный округ - Югра,Урай,Урай|Ханты-Мансийский автономный округ - Югра,60.12912,64.803627
7715432964,2024,8554428,,МОСКОВСКАЯ,,ХИМКИ,,ЭНГЕЛЬСА,141402.0,,ACTIVE,2351277.0,2275141.0,37362.0,7808.0,624.0,4282.0,36797.0,6631.0,-1177.0,"ОБЩЕСТВО С ОГРАНИЧЕННОЙ ОТВЕТСТВЕННОСТЬЮ ""СТРОЙ ПРЕСТИЖ""",Среднее предприятие,41.2,49.0,50 - Московская область,,г Химки,,01.08.2016,полная,8432.0,7808.0,0.0035861363846114,0.0028201696354789,False,Московская область,Химки,Химки|Московская область,55.8917293,37.4396994
6322037052,2024,691651,,САМАРСКАЯ,,ТОЛЬЯТТИ,,ПОБЕДЫ,445009.0,,ACTIVE,2348289.0,2103630.0,192237.0,175156.0,6271.0,3439.0,15530.0,135564.0,-38749.0,"ОБЩЕСТВО С ОГРАНИЧЕННОЙ ОТВЕТСТВЕННОСТЬЮ ""КОВЧЕГ""",Среднее предприятие,41.2,134.0,63 - Самарская область,,г Тольятти,,10.07.2022,полная,181427.0,175156.0,0.077259230018111,0.057728840019265,False,Самарская область,Тольятти,Тольятти|Самарская область,53.5098845,49.4189187
7805777138,2024,11549727,,САНКТ-ПЕТЕРБУРГ,,,,НА ТУРУХТАННЫЕ ОСТРОВА,198096.0,,ACTIVE,2338642.0,2011230.0,215500.0,161144.0,36890.0,170994.0,198083.0,123454.0,-37690.0,"ОБЩЕСТВО С ОГРАНИЧЕННОЙ ОТВЕТСТВЕННОСТЬЮ ""МАВИС-ГРАД""",Малое предприятие,41.2,12.0,78 - г.Санкт-Петербург,,,,10.04.2021,полная,198034.0,161144.0,0.0846790573332729,0.0527887551835637,False,г.Санкт-Петербург,Санкт-Петербург,Санкт-Петербург|г.Санкт-Петербург,59.9606739,30.1586551
2632104953,2024,9787373,,СТАВРОПОЛЬСКИЙ,,ПЯТИГОРСК,,ЕРМОЛОВА,357528.0,,ACTIVE,2338532.0,2041423.0,193989.0,204951.0,0.0,33215.0,30668.0,163525.0,-41426.0,"ОБЩЕСТВО С ОГРАНИЧЕННОЙ ОТВЕТСТВЕННОСТЬЮ ""ЮГСТРОЙ""",Среднее предприятие,41.2,65.0,26 - Ставропольский край,,г Пятигорск,,01.08.2016,полная,204951.0,204951.0,0.0876408789787781,0.0699263469561246,False,Ставропольский край,Пятигорск,Пятигорск|Ставропольский край,44.039775,43.0706669
0275922105,2024,11297371,,БАШКОРТОСТАН,,УФА,,ГАФУРИ,450076.0,41.20,ACTIVE,2338324.0,1970980.0,223099.0,243292.0,352.0,25674.0,11721.0,193904.0,-49388.0,"ОБЩЕСТВО С ОГРАНИЧЕННОЙ ОТВЕТСТВЕННОСТЬЮ ""АСБ""",Малое предприятие,41.2,51.0,02 - Республика Башкортостан,,г Уфа,,10.04.2020,полная,243644.0,243292.0,0.1041959967908638,0.0829243509453779,False,Республика Башкортостан,Уфа,Уфа|Республика Башкортостан,54.7261409,55.947499
7720311556,2024,9350266,,МОСКВА,,,,ПРЕСНЕНСКИЙ ВАЛ,123557.0,,ACTIVE,2326234.0,2268062.0,18565.0,25469.0,0.0,11331.0,4427.0,20098.0,-5466.0,"ОБЩЕСТВО С ОГРАНИЧЕННОЙ ОТВЕТСТВЕННОСТЬЮ ""ТЕТРА ГРУПП""",Малое предприятие,41.2,10.0,77 - г.Москва,,,,01.08.2016,полная,25469.0,25469.0,0.0109485976045402,0.0086397155230299,False,г.Москва,Москва,Москва|г.Москва,55.7505412,37.6174782
5002106241,2024,2716346,,ЧЕЧЕНСКАЯ,,ГРОЗНЫЙ,,ИМЕНИ АХМАТА АБДУЛХАМИДОВИЧА КАДЫРОВА,364047.0,,ACTIVE,2316483.0,2136353.0,66905.0,32555.0,26170.0,48244.0,80484.0,21637.0,-10918.0,"ОБЩЕСТВО С ОГРАНИЧЕННОЙ ОТВЕТСТВЕННОСТЬЮ ""ГОРОД СВЯЗИ""",Малое предприятие,41.2,56.0,77 - г.Москва,,,,01.08.2016,полная,58725.0,32555.0,0.0253509306996856,0.0093404527466853,False,г.Москва,ГРОЗНЫЙ,ГРОЗНЫЙ|г.Москва,43.3197031,45.6934308
7725401757,2024,10431164,,МОСКВА,,,,ХЕРСОНСКАЯ,117461.0,,ACTIVE,2315125.0,2027925.0,136747.0,9311.0,1578.0,51811.0,178572.0,7613.0,-1698.0,"ОБЩЕСТВО С ОГРАНИЧЕННОЙ ОТВЕТСТВЕННОСТЬЮ ""БОФФЕР""",Среднее предприятие,41.2,27.0,77 - г.Москва,,,,10.11.2017,полная,10889.0,9311.0,0.0047034177420225,0.003288375357702,False,г.Москва,Москва,Москва|г.Москва,55.7505412,37.6174782
1514006933,2024,2980927,,СЕВЕРНАЯ ОСЕТИЯ - АЛАНИЯ,ПРИГОРОДНЫЙ,,ВЕРХНЯЯ САНИБА,ГУБА ГУБИЕВА,363124.0,42.21,ACTIVE,2314152.0,1919854.0,379854.0,426534.0,11830.0,79211.0,23505.0,353416.0,-73118.0,"ОБЩЕСТВО С ОГРАНИЧЕННОЙ ОТВЕТСТВЕННОСТЬЮ ""СПЕЦТЕПЛОМОНТАЖ""",Среднее предприятие,41.2,203.0,15 - Республика Северная Осетия - Алания,Пригородный р-н,,с Верхняя Саниба,10.08.2020,полная,438364.0,426534.0,0.1894274879091779,0.1527194410738793,False,Республика Северная Осетия - Алания,Верхняя Саниба,Верхняя Саниба|Республика Северная Осетия - Алания,43.010254,44.559837
5751040447,2024,1254731,,ОРЛОВСКАЯ,,ОРЁЛ,,ЛИВЕНСКАЯ,302004.0,41.2,ACTIVE,2304691.0,1954438.0,-59134.0,64481.0,0.0,264002.0,140387.0,51585.0,-12896.0,"ОБЩЕСТВО С ОГРАНИЧЕННОЙ ОТВЕТСТВЕННОСТЬЮ ""КОМПЛЕКТСНАБ""",Малое предприятие,41.2,73.0,57 - Орловская область,,г Орёл,,01.08.2016,полная,64481.0,64481.0,0.0279781541213117,0.0223826100765785,False,Орловская область,Орёл,Орёл|Орловская область,52.9709262,36.0642127
1655096560,2024,1454576,,ТАТАРСТАН,,КАЗАНЬ,,ГАБДУЛЛЫ ТУКАЯ,420021.0,,ACTIVE,2298514.0,2248948.0,24534.0,-1675.0,4773.0,51896.0,74534.0,469.0,2144.0,"ОБЩЕСТВО С ОГРАНИЧЕННОЙ ОТВЕТСТВЕННОСТЬЮ ""ЛЭНД""",Малое предприятие,41.2,47.0,16 - Республика Татарстан (Татарстан),,г Казань,,01.08.2016,полная,3098.0,-1675.0,0.0013478273354001,0.00020404487421,False,Республика Татарстан (Татарстан),Казань,Казань|Республика Татарстан (Татарстан),55.8257401,49.2192791
2804019703,2024,11261460,,АМУРСКАЯ,,БЕЛОГОРСК,,КИРОВА,676863.0,41.20,ACTIVE,2279821.0,1913558.0,320552.0,299426.0,1522.0,61853.0,84345.0,249292.0,-50134.0,"ОБЩЕСТВО С ОГРАНИЧЕННОЙ ОТВЕТСТВЕННОСТЬЮ""ЗАПАД-ВОСТОК""",Малое предприятие,41.2,86.0,28 - Амурская область,Ивановский р-н,,с Березовка,10.03.2020,полная,300948.0,299426.0,0.1320051004004261,0.1093471812041383,False,Амурская область,Березовка,Березовка|Амурская область,52.8032368,128.437295
3906205764,2024,1651293,,КАЛИНИНГРАДСКАЯ,,КАЛИНИНГРАД,,МОСКОВСКИЙ,236003.0,42.11,ACTIVE,2279188.0,2022582.0,193455.0,325680.0,0.0,31174.0,32074.0,258425.0,-67255.0,"ЗАКРЫТОЕ АКЦИОНЕРНОЕ ОБЩЕСТВО ""ДОРОЖНО-СТРОИТЕЛЬНОЕ ПРЕДПРИЯТИЕ""",Среднее предприятие,41.2,85.0,39 - Калининградская область,,г Калининград,,10.08.2017,полная,325680.0,325680.0,0.142892995224615,0.1133846791050146,False,Калининградская область,Калининград,Калининград|Калининградская область,54.710128,20.5105838
5501236824,2024,123810,,ОМСКАЯ,,ОМСК,,БОГДАНА ХМЕЛЬНИЦКОГО,644023.0,,ACTIVE,2259411.0,2059366.0,92556.0,25048.0,32194.0,135211.0,203276.0,3910.0,-26282.0,"ОБЩЕСТВО С ОГРАНИЧЕННОЙ ОТВЕТСТВЕННОСТЬЮ ""СТРОЙТРАСТ""",Малое предприятие,41.2,56.0,55 - Омская область,,г Омск,,01.08.2016,полная,57242.0,25048.0,0.0253349213578229,0.0017305395078628,False,Омская область,Омск,Омск|Омская область,54.991375,73.371529
3426013251,2024,1392461,,ВОЛГОГРАДСКАЯ,,ВОЛГОГРАД,,АЗЕРБАЙДЖАНСКАЯ,400119.0,,ACTIVE,2256022.0,2095373.0,7937.0,10854.0,12701.0,13052.0,11970.0,6023.0,-2171.0,"ОБЩЕСТВО С ОГРАНИЧЕННОЙ ОТВЕТСТВЕННОСТЬЮ ""СТРОЙТЕХИНВЕСТ""",Среднее предприятие,41.2,93.0,34 - Волгоградская область,,г Волгоград,,01.08.2016,полная,23555.0,10854.0,0.0104409442815717,0.0026697434688136,False,Волгоградская область,Волгоград,Волгоград|Волгоградская область,48.7081906,44.5153353
7825693430,2024,7047892,,ЛЕНИНГРАДСКАЯ,ГАТЧИНСКИЙ,,НОВЫЙ СВЕТ,,188361.0,,ACTIVE,2255883.0,2224588.0,31295.0,29952.0,48630.0,382988.0,370222.0,23657.0,-6295.0,"ОБЩЕСТВО С ОГРАНИЧЕННОЙ ОТВЕТСТВЕННОСТЬЮ ""ДАЛЬПИТЕРСТРОЙ""",Среднее предприятие,41.2,99.0,47 - Ленинградская область,Гатчинский р-н,,п Новый Свет,10.08.2020,полная,78582.0,29952.0,0.0348342533721828,0.0104868027286876,False,Ленинградская область,Новый Свет,Новый Свет|Ленинградская область,59.5585759,30.1961965
0545018736,2024,6417430,,ДАГЕСТАН,,КАСПИЙСК,,М.ХАЛИЛОВА,368300.0,,ACTIVE,2255865.0,2126459.0,-74940.0,49826.0,125.0,200751.0,75862.0,35484.0,-9965.0,"ОБЩЕСТВО С ОГРАНИЧЕННОЙ ОТВЕТСТВЕННОСТЬЮ СТРОИТЕЛЬНО-МОНТАЖНАЯ-КОМПАНИЯ ""ЖИЛЬЁ""",Среднее предприятие,41.2,77.0,05 - Республика Дагестан,,г Каспийск,,01.08.2016,полная,49951.0,49826.0,0.0221427257393505,0.0157296646740828,False,Республика Дагестан,Каспийск,Каспийск|Республика Дагестан,43.0,47.0
5029232998,2024,10773340,,МОСКВА,,,,1-Я ЭНТУЗИАСТОВ,111024.0,41.20,ACTIVE,2237304.0,2194776.0,27689.0,27018.0,0.0,41184.0,42002.0,20874.0,-6144.0,"ОБЩЕСТВО С ОГРАНИЧЕННОЙ ОТВЕТСТВЕННОСТЬЮ ""ПСК СТАНДАРТ""",Малое предприятие,41.2,38.0,77 - г.Москва,,,,10.09.2018,полная,27018.0,27018.0,0.0120761416419047,0.0093299792965104,False,г.Москва,Москва,Москва|г.Москва,55.7505412,37.6174782
3666106573,2024,3891066,,ВОРОНЕЖСКАЯ,,ВОРОНЕЖ,,ВОЛГОГРАДСКАЯ,394028.0,,ACTIVE,2234468.0,2148000.0,86468.0,93968.0,189.0,28604.0,34532.0,74842.0,-18897.0,"ОБЩЕСТВО С ОГРАНИЧЕННОЙ ОТВЕТСТВЕННОСТЬЮ ""СТРОЙИНЖИНИРИНГ""",Среднее предприятие,41.2,222.0,36 - Воронежская область,,г Воронеж,,10.08.2019,полная,94157.0,93968.0,0.0421384419020545,0.0334943261662283,False,Воронежская область,Воронеж,Воронеж|Воронежская область,51.6605982,39.2005858
7327090005,2024,10894306,,УЛЬЯНОВСКАЯ,,УЛЬЯНОВСК,,СИМБИРСКАЯ,432027.0,,ACTIVE,2229716.0,1978932.0,168595.0,234519.0,0.0,69146.0,3222.0,187615.0,-46904.0,"ОБЩЕСТВО С ОГРАНИЧЕННОЙ ОТВЕТСТВЕННОСТЬЮ ""МОНОЛИТ""",Среднее предприятие,41.2,99.0,73 - Ульяновская область,,г Ульяновск,,10.02.2019,полная,234519.0,234519.0,0.1051788658286526,0.0841430029654,False,Ульяновская область,Ульяновск,Ульяновск|Ульяновская область,54.3150278,48.403373
5408290827,2024,1146121,,НОВОСИБИРСКАЯ,,НОВОСИБИРСК,,КАРЛА МАРКСА,630073.0,41.2,ACTIVE,2224726.0,2051363.0,103022.0,107905.0,0.0,10278.0,19209.0,87488.0,-20417.0,"ОБЩЕСТВО С ОГРАНИЧЕННОЙ ОТВЕТСТВЕННОСТЬЮ КОРПОРАЦИЯ ""СТРОЙБИЗНЕСГРУППА""",Малое предприятие,41.2,25.0,54 - Новосибирская область,,г Новосибирск,,01.08.2016,полная,107905.0,107905.0,0.0485026021181934,0.0393252921932858,False,Новосибирская область,Новосибирск,Новосибирск|Новосибирская область,54.9678145,82.9515989
2724075519,2024,3907359,,ХАБАРОВСКИЙ,,ХАБАРОВСК,,СИНЕЛЬНИКОВА,680021.0,41.20,ACTIVE,2220801.0,1799643.0,362358.0,171511.0,43351.0,10528.0,158492.0,124211.0,-47300.0,"ЗАКРЫТОЕ АКЦИОНЕРНОЕ ОБЩЕСТВО ""ФОРПОСТ""",Малое предприятие,41.2,12.0,27 - Хабаровский край,,г Хабаровск,,10.08.2017,полная,214862.0,171511.0,0.0967497763194451,0.0559307204922908,False,Хабаровский край,Хабаровск,Хабаровск|Хабаровский край,48.4812568,135.0762968
3663033415,2024,6828928,,ВОРОНЕЖСКАЯ,НОВОУСМАНСКИЙ,,НОВАЯ УСМАНЬ,ЛЕНИНА,396310.0,,ACTIVE,2216023.0,1805996.0,340337.0,257947.0,78102.0,7769.0,13758.0,184103.0,-51590.0,"ОБЩЕСТВО С ОГРАНИЧЕННОЙ ОТВЕТСТВЕННОСТЬЮ ТОРГОВО-СТРОИТЕЛЬНОЕ ПРЕДПРИЯТИЕ ""ВОРОНЕЖ СТРОЙ КОМПЛЕКС""",Среднее предприятие,41.2,40.0,36 - Воронежская область,,г Воронеж,,01.08.2016,полная,336049.0,257947.0,0.1516450867161577,0.0830781088463432,False,Воронежская область,Воронеж,Воронеж|Воронежская область,51.6605982,39.2005858
1657239005,2024,10315269,,ТАТАРСТАН,,КАЗАНЬ,,АЛЕКСЕЯ КОЗИНА,421001.0,41.20,ACTIVE,2212439.0,2207374.0,-17963.0,-15941.0,0.0,5222.0,3200.0,-17836.0,-1895.0,"ОБЩЕСТВО С ОГРАНИЧЕННОЙ ОТВЕТСТВЕННОСТЬЮ ""ДМГ-СТРОЙ""",Малое предприятие,41.2,15.0,16 - Республика Татарстан (Татарстан),,г Казань,,10.08.2017,полная,-15941.0,-15941.0,-0.0072051704024382,-0.0080616911923899,False,Республика Татарстан (Татарстан),Казань,Казань|Республика Татарстан (Татарстан),55.8257401,49.2192791
7838030937,2024,9017341,,САНКТ-ПЕТЕРБУРГ,,,,КОМИССАРА СМИРНОВА,195277.0,41.20,ACTIVE,2208710.0,1927918.0,220426.0,202138.0,0.0,59062.0,77733.0,161710.0,-40428.0,"ОБЩЕСТВО С ОГРАНИЧЕННОЙ ОТВЕТСТВЕННОСТЬЮ ""ГАЗСТРОЙМЕХАНИЗАЦИЯ""",Малое предприятие,41.2,86.0,78 - г.Санкт-Петербург,,,,01.08.2016,полная,202138.0,202138.0,0.0915185787178941,0.0732146818731295,False,г.Санкт-Петербург,Санкт-Петербург,Санкт-Петербург|г.Санкт-Петербург,59.9606739,30.1586551
7725301135,2024,9561869,,МОСКВА,,,,КИЕВСКАЯ,121165.0,41.20,ACTIVE,2206755.0,2142442.0,55602.0,48577.0,0.0,7568.0,14593.0,38862.0,-9715.0,"ОБЩЕСТВО С ОГРАНИЧЕННОЙ ОТВЕТСТВЕННОСТЬЮ ""СЕГМЕНТ СТ""",Малое предприятие,41.2,12.0,77 - г.Москва,,,,10.08.2019,полная,48577.0,48577.0,0.0220128650439219,0.0176104732967638,False,г.Москва,Москва,Москва|г.Москва,55.7505412,37.6174782
6230092649,2024,9451117,,РЯЗАНСКАЯ,,РЯЗАНЬ,,ЕСЕНИНА,390046.0,41.20,ACTIVE,2203171.0,2087126.0,-40090.0,23520.0,0.0,542859.0,521951.0,17213.0,-5903.0,"ОБЩЕСТВО С ОГРАНИЧЕННОЙ ОТВЕТСТВЕННОСТЬЮ ""РЯЗАНЬСПЕЦСТРОЙ""",Малое предприятие,41.2,21.0,62 - Рязанская область,,г Рязань,,01.08.2016,полная,23520.0,23520.0,0.0106755217820132,0.0078128297803484,False,Рязанская область,Рязань,Рязань|Рязанская область,54.6295687,39.7425039
7713161050,2024,5261131,,МОСКВА,,,,ДМИТРОВСКОЕ,127247.0,,ACTIVE,2193416.0,2013271.0,76620.0,17242.0,9923.0,1903397.0,1955712.0,8416.0,-5340.0,"АКЦИОНЕРНОЕ ОБЩЕСТВО ""РЕМСТРОЙ-АЛЕКСС""",Среднее предприятие,41.2,167.0,77 - г.Москва,,,,10.08.2017,полная,27165.0,17242.0,0.0123847915762445,0.0038369374528133,False,г.Москва,Москва,Москва|г.Москва,55.7505412,37.6174782
9718003519,2024,9723807,,МОСКВА,КОММУНАРКА,,,24-Й,108814.0,68.10.21,ACTIVE,2192114.0,1136022.0,861302.0,1033212.0,250839.0,7761.0,148057.0,822940.0,-209560.0,"ОБЩЕСТВО С ОГРАНИЧЕННОЙ ОТВЕТСТВЕННОСТЬЮ ""МОНОЛИТНОЕ ДОМОСТРОЕНИЕ""",Малое предприятие,41.2,68.0,77 - г.Москва,,,,10.07.2023,полная,1284051.0,1033212.0,0.5857592260256538,0.3754093080925536,False,г.Москва,КОММУНАРКА,КОММУНАРКА|г.Москва,58.1852891,33.92418
7718219049,2024,9258226,,МОСКВА,,,,МАЛЕНКОВСКАЯ,107113.0,41.20,LIQUIDATION_STAGE,2191894.0,2138151.0,31255.0,37466.0,5535.0,21750.0,16356.0,26984.0,-10482.0,"ОБЩЕСТВО С ОГРАНИЧЕННОЙ ОТВЕТСТВЕННОСТЬЮ ""МОССПЕЦСТРОЙ""",Среднее предприятие,41.2,46.0,77 - г.Москва,,,,01.08.2016,полная,43001.0,37466.0,0.0196181932155478,0.0123108143003265,False,г.Москва,Москва,Москва|г.Москва,55.7505412,37.6174782
5405375060,2024,299063,,НОВОСИБИРСКАЯ,,НОВОСИБИРСК,,ЖЕЛЕЗНОДОРОЖНАЯ,630132.0,,ACTIVE,2190248.0,1820130.0,61109.0,7192.0,0.0,15252.0,69169.0,5754.0,-1438.0,"ОБЩЕСТВО С ОГРАНИЧЕННОЙ ОТВЕТСТВЕННОСТЬЮ ""СК-СТРОЙ""",Среднее предприятие,41.2,128.0,54 - Новосибирская область,,г Новосибирск,,01.08.2016,полная,7192.0,7192.0,0.0032836464181225,0.0026270997622187,False,Новосибирская область,Новосибирск,Новосибирск|Новосибирская область,54.9678145,82.9515989
7728551648,2024,4545501,,МОСКВА,,,,НОВАТОРОВ,119421.0,,ACTIVE,2188846.0,1453122.0,135231.0,47160.0,28357.0,4667.0,64381.0,36151.0,-9432.0,"ОБЩЕСТВО С ОГРАНИЧЕННОЙ ОТВЕТСТВЕННОСТЬЮ СТРОИТЕЛЬНАЯ КОМПАНИЯ ""ВЫСОТСПЕЦСТРОЙ""",Среднее предприятие,41.2,100.0,77 - г.Москва,,,,01.08.2016,полная,75517.0,47160.0,0.0345008282903411,0.0165160088923569,False,г.Москва,Москва,Москва|г.Москва,55.7505412,37.6174782
2129005369,2024,5260273,,ЧУВАШСКАЯ РЕСПУБЛИКА -,,ЧЕБОКСАРЫ,,МИЧМАНА ПАВЛОВА,428034.0,23.32,ACTIVE,2187431.0,1752979.0,76282.0,42747.0,45995.0,32344.0,19884.0,34198.0,-8549.0,"АКЦИОНЕРНОЕ ОБЩЕСТВО ""СПЕЦИАЛИЗИРОВАННЫЙ ЗАСТРОЙЩИК ""ТУС""",Среднее предприятие,41.2,28.0,21 - Чувашская Республика - Чувашия,,г Чебоксары,,10.08.2018,полная,88742.0,42747.0,0.0405690510923544,0.015633864565328,False,Чувашская Республика - Чувашия,Чебоксары,Чебоксары|Чувашская Республика - Чувашия,55.4259922,47.0849429
8617030514,2024,969315,,ХАНТЫ-МАНСИЙСКИЙ АВТОНОМНЫЙ ОКРУГ - ЮГРА,,СУРГУТ,,МОСТОСТРОИТЕЛЕЙ,628401.0,42.22.1,ACTIVE,2166476.0,1934469.0,165841.0,72260.0,23797.0,45890.0,121976.0,56728.0,-15532.0,"ОБЩЕСТВО С ОГРАНИЧЕННОЙ ОТВЕТСТВЕННОСТЬЮ ""ПРОМЭНЕРГОСТРОЙ""",Среднее предприятие,41.2,78.0,86 - Ханты-Мансийский автономный округ - Югра,,г Сургут,,10.07.2022,полная,96057.0,72260.0,0.0443379017353527,0.0261844580784647,False,Ханты-Мансийский автономный округ - Югра,Сургут,Сургут|Ханты-Мансийский автономный округ - Югра,61.2419217,73.3952717
3664095206,2024,3958239,,ВОРОНЕЖСКАЯ,,ВОРОНЕЖ,,9 ЯНВАРЯ,394018.0,41.20,ACTIVE,2165888.0,1973483.0,114907.0,135925.0,13182.0,69409.0,36003.0,105769.0,-29481.0,"ОБЩЕСТВО С ОГРАНИЧЕННОЙ ОТВЕТСТВЕННОСТЬЮ ""ИНТЕРСЕРВИС""",Малое предприятие,41.2,15.0,36 - Воронежская область,,г Воронеж,,01.08.2016,полная,149107.0,135925.0,0.0688433566278588,0.0488340117309851,False,Воронежская область,Воронеж,Воронеж|Воронежская область,51.6605982,39.2005858
6685088928,2024,9184311,,СВЕРДЛОВСКАЯ,,ЕКАТЕРИНБУРГ,,ГОРНИСТОВ,620912.0,,ACTIVE,2160573.0,795492.0,8073.0,18699.0,0.0,2912.0,3810.0,14735.0,-3740.0,"ОБЩЕСТВО С ОГРАНИЧЕННОЙ ОТВЕТСТВЕННОСТЬЮ ""ПРОМСТРОЙМОНТАЖ""",Среднее предприятие,41.2,52.0,66 - Свердловская область,,г Екатеринбург,,01.08.2016,полная,18699.0,18699.0,0.0086546485585073,0.0068199500780579,False,Свердловская область,Екатеринбург,Екатеринбург|Свердловская область,56.8382071,60.6007886
7813561260,2024,8018545,,САНКТ-ПЕТЕРБУРГ,,,,ПРОФЕССОРА ПОПОВА,197022.0,,ACTIVE,2159998.0,1953911.0,104153.0,91227.0,2411.0,11144.0,37995.0,71805.0,-19409.0,"ОБЩЕСТВО С ОГРАНИЧЕННОЙ ОТВЕТСТВЕННОСТЬЮ ""КИТ""",Малое предприятие,41.2,23.0,78 - г.Санкт-Петербург,,,,01.08.2016,полная,93638.0,91227.0,0.0433509660657093,0.033243086336191,False,г.Санкт-Петербург,Санкт-Петербург,Санкт-Петербург|г.Санкт-Петербург,59.9606739,30.1586551
7706417617,2024,9103683,,МОСКВА,,,,ПРЕСНЕНСКАЯ,123112.0,41.20,ACTIVE,2155383.0,1734580.0,224565.0,157930.0,76527.0,106703.0,97692.0,55522.0,-69368.0,"ОБЩЕСТВО С ОГРАНИЧЕННОЙ ОТВЕТСТВЕННОСТЬЮ ""МДК""",Среднее предприятие,41.2,26.0,77 - г.Москва,,,,10.08.2018,полная,234457.0,157930.0,0.1087774191408209,0.025759690969076,False,г.Москва,Москва,Москва|г.Москва,55.7505412,37.6174782
5013048425,2024,3527287,,МОСКОВСКАЯ,,ЖУКОВСКИЙ,,ПРАВОЛИНЕЙНАЯ,140181.0,41.20,ACTIVE,2153372.0,2076791.0,29930.0,25521.0,3004.0,37493.0,41057.0,18486.0,-6179.0,"ЗАКРЫТОЕ АКЦИОНЕРНОЕ ОБЩЕСТВО ""ВЕСТСТРОЙ""",Малое предприятие,41.2,49.0,50 - Московская область,,г Жуковский,,10.08.2017,полная,28525.0,25521.0,0.0132466661589358,0.0085846755692931,False,Московская область,Жуковский,Жуковский|Московская область,55.5972801,38.1199863
5933005824,2024,2576245,,ПЕРМСКИЙ,,ПЕРМЬ,,ОКУЛОВА,614068.0,41.20,ACTIVE,2151529.0,2038258.0,77733.0,37450.0,21396.0,476.0,23284.0,32426.0,-5024.0,"ОБЩЕСТВО С ОГРАНИЧЕННОЙ ОТВЕТСТВЕННОСТЬЮ ""ДОРОЖНО-СТРОИТЕЛЬНАЯ КОМПАНИЯ ""АРСЕНАЛ""",Малое предприятие,41.2,18.0,59 - Пермский край,,г Пермь,,01.08.2016,полная,58846.0,37450.0,0.027350781699898,0.0150711424294071,False,Пермский край,Пермь,Пермь|Пермский край,58.0108531,56.2318528
4826076233,2024,3083917,,ЛИПЕЦКАЯ,,ЛИПЕЦК,,БАЛМОЧНЫХ С.Ф.,398002.0,41.20,ACTIVE,2150933.0,4167.0,83474.0,84355.0,2315.0,23732.0,24175.0,67254.0,-16871.0,"ОБЩЕСТВО С ОГРАНИЧЕННОЙ ОТВЕТСТВЕННОСТЬЮ ""ГРУППА КОМПАНИЙ ""СОЛИДАРНОСТЬ""",Малое предприятие,41.2,23.0,48 - Липецкая область,,г Липецк,,01.08.2016,полная,86670.0,84355.0,0.0402941421234413,0.0312673616518971,False,Липецкая область,Липецк,Липецк|Липецкая область,52.6051488,39.5963775
3923003260,2024,5837058,,МОСКОВСКАЯ,ОДИНЦОВО,,,МАРШАЛА НЕДЕЛИНА,143003.0,41.20,ACTIVE,2146870.0,1988007.0,13147.0,24679.0,10614.0,31057.0,10833.0,19724.0,-4955.0,"ОБЩЕСТВО С ОГРАНИЧЕННОЙ ОТВЕТСТВЕННОСТЬЮ ""ЗАПАДНАЯ СТРОИТЕЛЬНАЯ КОМПАНИЯ""",Среднее предприятие,41.2,24.0,50 - Московская область,Одинцово г,,,10.07.2023,полная,35293.0,24679.0,0.0164392813724165,0.0091873285294405,False,Московская область,Одинцово,Одинцово|Московская область,55.678223,37.2668096
4025084289,2024,6041911,,КАЛУЖСКАЯ,,ОБНИНСК,,ПОЛЕНОВА,249034.0,41.20,ACTIVE,2137128.0,688127.0,1209389.0,738432.0,456367.0,36187.0,101935.0,578450.0,-159982.0,"ОБЩЕСТВО С ОГРАНИЧЕННОЙ ОТВЕТСТВЕННОСТЬЮ СПЕЦИАЛИЗИРОВАННЫЙ ЗАСТРОЙЩИК ""НОВЫЙ ГОРОД""",Малое предприятие,41.2,46.0,40 - Калужская область,,г Обнинск,,01.08.2016,полная,1194799.0,738432.0,0.5590675897746883,0.2706669885940383,False,Калужская область,Обнинск,Обнинск|Калужская область,55.0951738,36.611913
7204100711,2024,1601518,,ТЮМЕНСКАЯ,,ТЮМЕНЬ,,ЛУНАЧАРСКОГО,625001.0,41.20,ACTIVE,2135924.0,1970872.0,127574.0,70364.0,8215.0,2982.0,54269.0,60445.0,-9919.0,"ОБЩЕСТВО С ОГРАНИЧЕННОЙ ОТВЕТСТВЕННОСТЬЮ ""СПЕЦИАЛИЗИРОВАННЫЙ ЗАСТРОЙЩИК ""СПЕЦСТРОЙИНВЕСТ""",Малое предприятие,41.2,89.0,72 - Тюменская область,,г Тюмень,,01.08.2016,полная,78579.0,70364.0,0.0367892303284199,0.0282992278751491,False,Тюменская область,Тюмень,Тюмень|Тюменская область,57.153534,65.542274
5406825516,2024,11935831,,НОВОСИБИРСКАЯ,,НОВОСИБИРСК,,ВОЕННАЯ,630099.0,41.20,ACTIVE,2133346.0,2049787.0,40858.0,46661.0,0.0,6700.0,1852.0,37244.0,-9417.0,"ОБЩЕСТВО С ОГРАНИЧЕННОЙ ОТВЕТСТВЕННОСТЬЮ ""ОХВАТПИТЕРСТРОЙ""",Малое предприятие,41.2,16.0,54 - Новосибирская область,,г Новосибирск,,10.10.2022,полная,46661.0,46661.0,0.02187221388373,0.0174580213429982,False,Новосибирская область,Новосибирск,Новосибирск|Новосибирская область,54.9678145,82.9515989
0506001496,2024,336561,,ДАГЕСТАН,БОТЛИХСКИЙ,,БОТЛИХ,НИЧАРАХИ,368971.0,41.2,ACTIVE,2128145.0,1974218.0,153927.0,150005.0,0.0,10024.0,13963.0,111676.0,-38329.0,"ОБЩЕСТВО С ОГРАНИЧЕННОЙ ОТВЕТСТВЕННОСТЬЮ ""БОТЛИХАГРОПРОМДОРСТРОЙ""",Малое предприятие,41.2,63.0,05 - Республика Дагестан,Ботлихский р-н,,с Ботлих,10.08.2017,полная,150005.0,150005.0,0.0704862685578285,0.0524757476581717,False,Республика Дагестан,Ботлих,Ботлих|Республика Дагестан,43.0,47.0
3460059841,2024,9400908,,ТАМБОВСКАЯ,,ТАМБОВ,,М.ГОРЬКОГО,392000.0,41.20,ACTIVE,2123461.0,1620382.0,178880.0,157905.0,30235.0,20993.0,22447.0,120756.0,-37149.0,"ОБЩЕСТВО С ОГРАНИЧЕННОЙ ОТВЕТСТВЕННОСТЬЮ ""АРТ-ХОЛДИНГ""",Малое предприятие,41.2,46.0,44 - Костромская область,,г Кострома,,01.08.2016,полная,188140.0,157905.0,0.0886006382975717,0.0568675384195895,False,Костромская область,Кострома,Кострома|Костромская область,57.7679158,40.9269141
7130031154,2024,9915463,,ИВАНОВСКАЯ,,КОХМА,,ОКТЯБРЬСКАЯ,153510.0,41.20,ACTIVE,2119745.0,1718050.0,325638.0,332991.0,1892.0,19763.0,21815.0,284549.0,-48380.0,"ОБЩЕСТВО С ОГРАНИЧЕННОЙ ОТВЕТСТВЕННОСТЬЮ ""СМК""",Среднее предприятие,41.2,0.0,37 - Ивановская область,,г Кохма,,10.10.2016,полная,334883.0,332991.0,0.1579826818791883,0.1342373728915506,False,Ивановская область,Кохма,Кохма|Ивановская область,56.9315448,41.0939402
2801016951,2024,6792513,,АМУРСКАЯ,,БЛАГОВЕЩЕНСК,,СВ.ИННОКЕНТИЯ,675004.0,,ACTIVE,2115446.0,1885490.0,103283.0,100791.0,29163.0,20047.0,14161.0,82424.0,-18058.0,"АКЦИОНЕРНОЕ ОБЩЕСТВО ""СТРОИТЕЛЬНАЯ КОМПАНИЯ №1""",Среднее предприятие,41.2,0.0,28 - Амурская область,,г Благовещенск,,10.07.2021,полная,129954.0,100791.0,0.0614310173835682,0.0389629420935348,False,Амурская область,Благовещенск,Благовещенск|Амурская область,50.2600417,127.5337378
7806058954,2024,5090858,,САНКТ-ПЕТЕРБУРГ,,,,ЯКОРНАЯ,195027.0,41.20,ACTIVE,2111661.0,1989655.0,86669.0,51375.0,38539.0,8771.0,5526.0,37735.0,-10275.0,"ОБЩЕСТВО С ОГРАНИЧЕННОЙ ОТВЕТСТВЕННОСТЬЮ ПРОИЗВОДСТВЕННО-СТРОИТЕЛЬНАЯ КОМПАНИЯ ""ПЕТРОБАЛТ""",Малое предприятие,41.2,60.0,78 - г.Санкт-Петербург,,,,01.08.2016,полная,89914.0,51375.0,0.0425797512005951,0.017869819066602,False,г.Санкт-Петербург,Санкт-Петербург,Санкт-Петербург|г.Санкт-Петербург,59.9606739,30.1586551
7722782455,2024,7352198,,АСТРАХАНСКАЯ,,АСТРАХАНЬ,,КРАСНОГО ЗНАМЕНИ,414000.0,41.20,ACTIVE,2104069.0,1817337.0,52274.0,2367.0,15216.0,21371.0,58174.0,1077.0,5462.0,"ОБЩЕСТВО С ОГРАНИЧЕННОЙ ОТВЕТСТВЕННОСТЬЮ ""СПЕЦТЕХНОЛОГИИ""",Среднее предприятие,41.2,160.0,30 - Астраханская область,,г Астрахань,,10.08.2022,полная,17583.0,2367.0,0.0083566651093666,0.000511865342819,False,Астраханская область,Астрахань,Астрахань|Астраханская область,46.3498308,48.0326203
2310099434,2024,1186346,,КРАСНОДАРСКИЙ,,КРАСНОДАР,,ИМ. ОРДЖОНИКИДЗЕ,350000.0,68.10.21,ACTIVE,2103098.0,1431714.0,493024.0,473523.0,26582.0,23339.0,60659.0,375606.0,-97917.0,"ОБЩЕСТВО С ОГРАНИЧЕННОЙ ОТВЕТСТВЕННОСТЬЮ ""ОБД-ИНВЕСТ""",Среднее предприятие,41.2,32.0,23 - Краснодарский край,,г Краснодар,,10.07.2022,полная,500105.0,473523.0,0.2377944346863531,0.178596527598809,False,Краснодарский край,Краснодар,Краснодар|Краснодарский край,45.0351532,38.9772396
2605012809,2024,6806517,,СТАВРОПОЛЬСКИЙ,,ПЯТИГОРСК,,БУНИМОВИЧА,357501.0,41.20,ACTIVE,2094859.0,1951031.0,129933.0,154990.0,0.0,979.0,17397.0,111191.0,-43799.0,"ОБЩЕСТВО С ОГРАНИЧЕННОЙ ОТВЕТСТВЕННОСТЬЮ ""СПЕЦИАЛИЗИРОВАННЫЙ ЗАСТРОЙЩИК ""АЛЬФА-С""",Малое предприятие,41.2,17.0,26 - Ставропольский край,,г Пятигорск,,01.08.2016,полная,154990.0,154990.0,0.0739858864009463,0.0530780353236184,False,Ставропольский край,Пятигорск,Пятигорск|Ставропольский край,44.039775,43.0706669
7203094857,2024,7026783,,ТЮМЕНСКАЯ,,ТЮМЕНЬ,,ПОЛЕВАЯ,625001.0,41.20,ACTIVE,2090689.0,1081015.0,895508.0,710314.0,80043.0,21772.0,132839.0,555262.0,-155052.0,"ОБЩЕСТВО С ОГРАНИЧЕННОЙ ОТВЕТСТВЕННОСТЬЮ ""СПЕЦИАЛИЗИРОВАННЫЙ ЗАСТРОЙЩИК ""ИНКО И К""",Малое предприятие,41.2,40.0,72 - Тюменская область,,г Тюмень,,01.08.2016,полная,790357.0,710314.0,0.3780366185501526,0.2655880429848724,False,Тюменская область,Тюмень,Тюмень|Тюменская область,57.153534,65.542274
1643012357,2024,117035,,ТАТАРСТАН,АЛЬМЕТЬЕВСКИЙ,АЛЬМЕТЬЕВСК,,ГАБДУЛЛЫ ТУКАЯ,423458.0,41.2,ACTIVE,2085862.0,1517911.0,134026.0,112551.0,0.0,3459.0,24934.0,90041.0,-22510.0,"ОБЩЕСТВО С ОГРАНИЧЕННОЙ ОТВЕТСТВЕННОСТЬЮ ""НЕФТЕСТРОЙЭНЕРГО""",Малое предприятие,41.2,10.0,16 - Республика Татарстан (Татарстан),Альметьевский р-н,г Альметьевск,,01.08.2016,полная,112551.0,112551.0,0.0539589867402541,0.0431672852758236,False,Республика Татарстан (Татарстан),Альметьевск,Альметьевск|Республика Татарстан (Татарстан),54.9005008,52.2963777
9705037905,2024,9204347,,МОСКВА,,,,ГЕРОЕВ ПАНФИЛОВЦЕВ,125480.0,41.20,ACTIVE,2076861.0,1798188.0,44407.0,126007.0,0.0,256372.0,176399.0,104599.0,-34539.0,"ОБЩЕСТВО С ОГРАНИЧЕННОЙ ОТВЕТСТВЕННОСТЬЮ ""СТРОИТЕЛЬНО-МОНТАЖНАЯ КОМПАНИЯ""",Малое предприятие,41.2,92.0,77 - г.Москва,,,,01.08.2016,полная,126007.0,126007.0,0.0606718504512338,0.0503639868050871,False,г.Москва,Москва,Москва|г.Москва,55.7505412,37.6174782
0278196476,2024,7759174,,БАШКОРТОСТАН,,УФА,,АДМИРАЛА МАКАРОВА,450081.0,41.20,ACTIVE,2074788.0,2025053.0,42339.0,64973.0,0.0,2057.0,3625.0,51338.0,-13635.0,"ОБЩЕСТВО С ОГРАНИЧЕННОЙ ОТВЕТСТВЕННОСТЬЮ ""ПРОФСТРОЙ""",Малое предприятие,41.2,17.0,02 - Республика Башкортостан,,г Уфа,,01.08.2016,полная,64973.0,64973.0,0.0313154886185962,0.0247437328536698,False,Республика Башкортостан,Уфа,Уфа|Республика Башкортостан,54.7261409,55.947499
3706011835,2024,722415,,ИВАНОВСКАЯ,ШУЙСКИЙ,,ОСТАПОВО,ЗЕЛЕНАЯ,155908.0,,ACTIVE,2067243.0,1937369.0,78449.0,95798.0,0.0,19898.0,18599.0,76609.0,-19189.0,"ОБЩЕСТВО С ОГРАНИЧЕННОЙ ОТВЕТСТВЕННОСТЬЮ ""РЕЗЦОФФ""",Среднее предприятие,41.2,248.0,37 - Ивановская область,Шуйский р-н,,д Остапово,01.08.2016,полная,95798.0,95798.0,0.0463409478227765,0.037058536417828,False,Ивановская область,Остапово,Остапово|Ивановская область,56.8233049,41.4012059
2466154391,2024,6250176,,КРАСНОЯРСКИЙ,,КРАСНОЯРСК,,КРАСНОЙ АРМИИ,660017.0,,ACTIVE,2063579.0,2062699.0,-168369.0,-946741.0,20041.0,45984.0,805192.0,-946741.0,0.0,"ОБЩЕСТВО С ОГРАНИЧЕННОЙ ОТВЕТСТВЕННОСТЬЮ ""АРКСТОУН""",Среднее предприятие,41.2,250.0,24 - Красноярский край,,г Красноярск,,01.08.2016,полная,-926700.0,-946741.0,-0.4490741570833973,-0.4587859248422279,False,Красноярский край,Красноярск,Красноярск|Красноярский край,56.0091173,92.872586
2320197529,2024,1110617,,КРАСНОДАРСКИЙ,,СОЧИ,,ТЕНЕВОЙ,354053.0,,ACTIVE,2049730.0,1949311.0,90575.0,69207.0,0.0,695.0,22063.0,51328.0,-17879.0,"ОБЩЕСТВО С ОГРАНИЧЕННОЙ ОТВЕТСТВЕННОСТЬЮ ""СК ""ИНЖГЕОКОМ""",Малое предприятие,41.2,24.0,23 - Краснодарский край,,г Сочи,,01.08.2016,полная,69207.0,69207.0,0.0337639591555961,0.0250413469091051,False,Краснодарский край,Сочи,Сочи|Краснодарский край,43.5854823,39.723109
7734399977,2024,10100938,,МОСКВА,,,,ЭНТУЗИАСТОВ,105118.0,,ACTIVE,2046746.0,1834600.0,106299.0,25761.0,118.0,70425.0,152706.0,15029.0,-10732.0,"ОБЩЕСТВО С ОГРАНИЧЕННОЙ ОТВЕТСТВЕННОСТЬЮ ""СТРОИТЕЛЬНАЯ КОМПАНИЯ-СТОЛИЦА""",Малое предприятие,41.2,36.0,77 - г.Москва,,,,10.08.2019,полная,25879.0,25761.0,0.0126439724323389,0.0073428749830218,False,г.Москва,Москва,Москва|г.Москва,55.7505412,37.6174782
4823056870,2024,7819949,,ЛИПЕЦКАЯ,,ЛИПЕЦК,,ГАГАРИНА,398043.0,,ACTIVE,2030959.0,1857661.0,98158.0,130475.0,184.0,23822.0,15995.0,104135.0,-26340.0,"ОБЩЕСТВО С ОГРАНИЧЕННОЙ ОТВЕТСТВЕННОСТЬЮ ""МЕТАЛЛУРГЭНЕРГОСТРОЙ""",Малое предприятие,41.2,99.0,48 - Липецкая область,,г Липецк,,01.08.2016,полная,130659.0,130475.0,0.0643336473065187,0.0512738071029498,False,Липецкая область,Липецк,Липецк|Липецкая область,52.6051488,39.5963775
7722732736,2024,3762924,,МОСКВА,,,,1-Й МАГИСТРАЛЬНЫЙ,123290.0,,ACTIVE,2029086.0,1994414.0,-28257.0,-205971.0,10.0,85403.0,273826.0,-223240.0,38581.0,"ОБЩЕСТВО С ОГРАНИЧЕННОЙ ОТВЕТСТВЕННОСТЬЮ ""СФЕРА""",Малое предприятие,41.2,13.0,77 - г.Москва,,,,01.08.2016,полная,-205961.0,-205971.0,-0.101504322635906,-0.1100199794390183,False,г.Москва,Москва,Москва|г.Москва,55.7505412,37.6174782
7733801886,2024,1257679,,МОСКВА,,,,СВОБОДЫ,125362.0,41.20,ACTIVE,2021389.0,1452950.0,494413.0,499545.0,0.0,50112.0,55802.0,399653.0,-99892.0,"ОБЩЕСТВО С ОГРАНИЧЕННОЙ ОТВЕТСТВЕННОСТЬЮ ""ИНВЕСТСТРОЙ""",Малое предприятие,41.2,45.0,77 - г.Москва,,,,01.08.2016,полная,499545.0,499545.0,0.2471295727838629,0.1977120682857183,False,г.Москва,Москва,Москва|г.Москва,55.7505412,37.6174782
7727631139,2024,486232,,МОСКВА,,,,ВОРОНЦОВСКИЕ ПРУДЫ,117630.0,41.20,ACTIVE,2021110.0,1912224.0,28066.0,27898.0,114.0,216.0,3675.0,22255.0,-5643.0,"ОБЩЕСТВО С ОГРАНИЧЕННОЙ ОТВЕТСТВЕННОСТЬЮ ""ИНСТРАКТ""",Малое предприятие,41.2,37.0,77 - г.Москва,,,,01.08.2016,полная,28012.0,27898.0,0.013859710753002,0.0110112759820098,False,г.Москва,Москва,Москва|г.Москва,55.7505412,37.6174782
5501220937,2024,3038187,,ОМСКАЯ,,ОМСК,,60 ЛЕТ ПОБЕДЫ,644103.0,41.20,ACTIVE,2013539.0,1908901.0,39776.0,5205.0,23128.0,84405.0,101813.0,485.0,-4720.0,"ОБЩЕСТВО С ОГРАНИЧЕННОЙ ОТВЕТСТВЕННОСТЬЮ ""СТРОИТЕЛЬНЫЕ МАТЕРИАЛЫ СИБИРИ""",Малое предприятие,41.2,66.0,55 - Омская область,,г Омск,,01.08.2016,полная,28333.0,5205.0,0.0140712447089428,0.000240869434364,False,Омская область,Омск,Омск|Омская область,54.991375,73.371529
4205085115,2024,734584,,КЕМЕРОВСКАЯ ОБЛАСТЬ - КУЗБАСС,,КЕМЕРОВО,,ШАХТЕРСКАЯ,650044.0,,ACTIVE,2011887.0,1965458.0,46429.0,3190.0,20327.0,39692.0,66622.0,174.0,-3016.0,"ОБЩЕСТВО С ОГРАНИЧЕННОЙ ОТВЕТСТВЕННОСТЬЮ ""МОНТАЖЭНЕРГОСТРОЙ""",Среднее предприятие,41.2,143.0,42 - Кемеровская область,,г Кемерово,,01.08.2016,полная,23517.0,3190.0,0.0116890262723502,8.648597063353956e-05,False,Кемеровская область,Кемерово,Кемерово|Кемеровская область,55.3550907,86.0871213
6452148677,2024,11754371,,САРАТОВСКАЯ,,САРАТОВ,,МОСКОВСКАЯ,410012.0,,ACTIVE,2011408.0,1936971.0,38459.0,37716.0,1951.0,243.0,1238.0,29039.0,-7978.0,"ОБЩЕСТВО С ОГРАНИЧЕННОЙ ОТВЕТСТВЕННОСТЬЮ ""АРТЕФАКТ""",Среднее предприятие,41.2,127.0,64 - Саратовская область,,г Саратов,,10.02.2022,полная,39667.0,37716.0,0.0197210113512524,0.0144371504935845,False,Саратовская область,Саратов,Саратов|Саратовская область,51.530018,46.034683
2320101700,2024,6762910,,КРАСНОДАРСКИЙ,,СОЧИ,,КУРОРТНЫЙ,354000.0,,ACTIVE,2003338.0,2021830.0,-75727.0,-43355.0,0.0,363877.0,334082.0,34217.0,77572.0,"ОБЩЕСТВО С ОГРАНИЧЕННОЙ ОТВЕТСТВЕННОСТЬЮ ""АЛК++КОМПАНИ""",Среднее предприятие,41.2,85.0,23 - Краснодарский край,,г Сочи,,10.08.2020,полная,-43355.0,-43355.0,-0.0216413805358856,0.0170799934908637,False,Краснодарский край,Сочи,Сочи|Краснодарский край,43.5854823,39.723109
5001063179,2024,1632760,,МОСКОВСКАЯ,,ЩЁЛКОВО,МОНИНО,ГЕНЕРАЛА КОВАЧЕВИЧА,141170.0,,ACTIVE,1999680.0,1878647.0,20342.0,23612.0,5267.0,2533.0,12306.0,18567.0,-5045.0,"ОБЩЕСТВО С ОГРАНИЧЕННОЙ ОТВЕТСТВЕННОСТЬЮ ""СТРОИТЕЛЬНАЯ КОМПАНИЯ ""МОЛНИЯ""",Среднее предприятие,41.2,40.0,50 - Московская область,,г Балашиха,,01.08.2016,полная,28879.0,23612.0,0.0144418106897103,0.0092849855976956,False,Московская область,Балашиха,Балашиха|Московская область,55.7997662,37.9373707
7725815596,2024,8290614,,МОСКВА,,,,РЕЧНИКОВ,115407.0,,ACTIVE,1999585.0,1800393.0,155907.0,24565.0,1328.0,40708.0,172524.0,21360.0,-3205.0,"ОБЩЕСТВО С ОГРАНИЧЕННОЙ ОТВЕТСТВЕННОСТЬЮ ""ГЕНЪИНВЕСТ СТРОЙ""",Малое предприятие,41.2,201.0,77 - г.Москва,,,,01.08.2016,полная,25893.0,24565.0,0.0129491869562934,0.0106822165599361,False,г.Москва,Москва,Москва|г.Москва,55.7505412,37.6174782
5610162795,2024,8633150,,МОСКВА,,,,БОЛЬШАЯ ЧЕРЁМУШКИНСКАЯ,117449.0,41.20,ACTIVE,1995429.0,1860662.0,52047.0,16279.0,5861.0,18297.0,62824.0,11511.0,-4768.0,"ОБЩЕСТВО С ОГРАНИЧЕННОЙ ОТВЕТСТВЕННОСТЬЮ ""СТРОИТЕЛЬНОЕ УПРАВЛЕНИЕ 214""",Малое предприятие,41.2,28.0,77 - г.Москва,,,,01.08.2016,полная,22140.0,16279.0,0.0110953584417185,0.0057686843280317,False,г.Москва,Москва,Москва|г.Москва,55.7505412,37.6174782
0711021079,2024,245957,,КАБАРДИНО-БАЛКАРСКАЯ,,НАЛЬЧИК,,ЖЕЛЕЗНОДОРОЖНЫЙ,,41.20,ACTIVE,1989889.0,1978201.0,11688.0,20550.0,0.0,0.0,0.0,16440.0,-4110.0,"ОБЩЕСТВО С ОГРАНИЧЕННОЙ ОТВЕТСТВЕННОСТЬЮ ""АССО""",Малое предприятие,41.2,76.0,07 - Кабардино-Балкарская Республика,,ГОРОД НАЛЬЧИК,,01.08.2016,полная,20550.0,20550.0,0.0103272092061416,0.0082617673649133,False,Кабардино-Балкарская Республика,ГОРОД НАЛЬЧИК,ГОРОД НАЛЬЧИК|Кабардино-Балкарская Республика,43.4769604,43.5966578
3025002478,2024,2572851,,БАШКОРТОСТАН,,УФА,,ХАДИИ ДАВЛЕТШИНОЙ,450097.0,41.2,ACTIVE,1988173.0,1412827.0,-6940.0,34294.0,0.0,4530.0,18615.0,27389.0,-6905.0,"ОБЩЕСТВО С ОГРАНИЧЕННОЙ ОТВЕТСТВЕННОСТЬЮ ""МАСТЕР ГРУПП""",Малое предприятие,41.2,9.0,02 - Республика Башкортостан,,г Уфа,,01.08.2016,полная,34294.0,34294.0,0.0172490019731683,0.0137759641640843,False,Республика Башкортостан,Уфа,Уфа|Республика Башкортостан,54.7261409,55.947499
5027232992,2024,9447323,,МОСКОВСКАЯ,,ЛЮБЕРЦЫ,МАЛАХОВКА,ЛЕСОПИТОМНИК,140030.0,41.20,ACTIVE,1983250.0,1726201.0,126122.0,60460.0,0.0,551472.0,618461.0,48368.0,-12092.0,"ОБЩЕСТВО С ОГРАНИЧЕННОЙ ОТВЕТСТВЕННОСТЬЮ ""Т-СТРОЙ""",Малое предприятие,41.2,28.0,50 - Московская область,,г Люберцы,рп Малаховка,01.08.2016,полная,60460.0,60460.0,0.0304853145090129,0.0243882516072103,False,Московская область,Люберцы,Люберцы|Московская область,55.6783142,37.89377
9102056626,2024,8991097,,КРЫМ,,СИМФЕРОПОЛЬ,,СЕВАСТОПОЛЬСКАЯ,295013.0,,ACTIVE,1973419.0,1767027.0,59417.0,62202.0,37877.0,172113.0,134025.0,53866.0,-8336.0,"ОБЩЕСТВО С ОГРАНИЧЕННОЙ ОТВЕТСТВЕННОСТЬЮ ""МОНОЛИТ-БЕТОН""",Среднее предприятие,41.2,128.0,91 - Республика Крым,,г Симферополь,,01.08.2016,полная,100079.0,62202.0,0.0507135078764317,0.0272957744908709,False,Республика Крым,Симферополь,Симферополь|Республика Крым,55.1649534,37.4677697
7733732294,2024,2256977,,МОСКВА,,,,ЭЛЕКТРОЛИТНЫЙ,115230.0,,ACTIVE,1966370.0,1606853.0,269050.0,175363.0,17543.0,27703.0,106564.0,135687.0,-39676.0,"ОБЩЕСТВО С ОГРАНИЧЕННОЙ ОТВЕТСТВЕННОСТЬЮ ""БИЭФ""",Малое предприятие,41.2,32.0,77 - г.Москва,,,,01.08.2016,полная,192906.0,175363.0,0.0981025951372325,0.0690037988781358,False,г.Москва,Москва,Москва|г.Москва,55.7505412,37.6174782
6658399875,2024,1258090,,СВЕРДЛОВСКАЯ,,ЕКАТЕРИНБУРГ,,НАЧДИВА ОНУФРИЕВА,620149.0,,ACTIVE,1965153.0,1699699.0,229090.0,239083.0,4209.0,24763.0,22941.0,187983.0,-51136.0,"ОБЩЕСТВО С ОГРАНИЧЕННОЙ ОТВЕТСТВЕННОСТЬЮ ""ПРОМГРАЖДАНСТРОЙ""",Среднее предприятие,41.2,183.0,66 - Свердловская область,,г Екатеринбург,,01.08.2016,полная,243292.0,239083.0,0.1238030830169457,0.0956582006591853,False,Свердловская область,Екатеринбург,Екатеринбург|Свердловская область,56.8382071,60.6007886
7802707358,2024,11319558,,САНКТ-ПЕТЕРБУРГ,,,,ЛИСТВЕННАЯ,194214.0,41.20,ACTIVE,1965144.0,1854783.0,63434.0,63284.0,609.0,3996.0,3953.0,51228.0,-12048.0,"ОБЩЕСТВО С ОГРАНИЧЕННОЙ ОТВЕТСТВЕННОСТЬЮ ""СТРОИТЕЛЬНАЯ КОМПАНИЯ ВЕКТОР""",Малое предприятие,41.2,24.0,78 - г.Санкт-Петербург,,,,10.06.2020,полная,63893.0,63284.0,0.0325131389862524,0.026068318657564,False,г.Санкт-Петербург,Санкт-Петербург,Санкт-Петербург|г.Санкт-Петербург,59.9606739,30.1586551
7728843150,2024,7913553,,МОСКВА,,,,НОВОЯСЕНЕВСКИЙ,117463.0,,ACTIVE,1962030.0,1727234.0,16141.0,12028.0,51.0,10826.0,15039.0,9101.0,-2900.0,"ОБЩЕСТВО С ОГРАНИЧЕННОЙ ОТВЕТСТВЕННОСТЬЮ ""СТРОИТЕЛЬНАЯ КОМПАНИЯ СПЕЦСТРОЙ""",Малое предприятие,41.2,18.0,77 - г.Москва,,,,10.08.2018,полная,12079.0,12028.0,0.0061563788525149,0.0046385631208493,False,г.Москва,Москва,Москва|г.Москва,55.7505412,37.6174782
1717009383,2024,1172609,,ТЫВА,,КЫЗЫЛ,,ЭНЕРГЕТИКОВ,667010.0,41.20,ACTIVE,1961564.0,1861430.0,100134.0,100134.0,0.0,0.0,0.0,80107.0,-20027.0,"ОБЩЕСТВО С ОГРАНИЧЕННОЙ ОТВЕТСТВЕННОСТЬЮ ""СПЕЦИАЛИЗИРОВАННЫЙ ЗАСТРОЙЩИК ""ОЛЧЕЙ""",Малое предприятие,41.2,57.0,17 - Республика Тыва,,г Кызыл,,01.08.2016,полная,100134.0,100134.0,0.0510480412568746,0.0408383310460428,False,Республика Тыва,Кызыл,Кызыл|Республика Тыва,51.719079,94.4300679
7714967999,2024,10066336,,МОСКВА,,,,2-Й ХОРОШЁВСКИЙ,123007.0,41.20,ACTIVE,1961238.0,1916388.0,34596.0,49286.0,0.0,0.0,358.0,37372.0,-10137.0,"ОБЩЕСТВО С ОГРАНИЧЕННОЙ ОТВЕТСТВЕННОСТЬЮ ""ЭНТЕЛЕХИЯ""",Малое предприятие,41.2,26.0,77 - г.Москва,,,,10.02.2017,полная,49286.0,49286.0,0.025130045410093,0.0190553109821449,False,г.Москва,Москва,Москва|г.Москва,55.7505412,37.6174782
6950210102,2024,10337882,,ТВЕРСКАЯ,,ТВЕРЬ,,15 ЛЕТ ОКТЯБРЯ,170008.0,41.20,ACTIVE,1958183.0,1972383.0,-25880.0,2904.0,0.0,17708.0,1339.0,2323.0,-581.0,"ОБЩЕСТВО С ОГРАНИЧЕННОЙ ОТВЕТСТВЕННОСТЬЮ СК ""ВОСТОК""",Малое предприятие,41.2,20.0,69 - Тверская область,,г Тверь,,10.09.2017,полная,2904.0,2904.0,0.0014830074615089,0.001186303833707,False,Тверская область,Тверь,Тверь|Тверская область,56.8596713,35.8952416
5902881028,2024,3670796,,МОСКВА,,,,ВОЛГОГРАДСКИЙ,109316.0,46.71,ACTIVE,1955918.0,1946019.0,2197.0,1846.0,1044.0,40974.0,40408.0,1477.0,-369.0,"ОБЩЕСТВО С ОГРАНИЧЕННОЙ ОТВЕТСТВЕННОСТЬЮ ""РВС ТЕХСНАБ""",Малое предприятие,41.2,18.0,77 - г.Москва,,,,01.08.2016,полная,2890.0,1846.0,0.0014775670554696,0.0007551441318092,False,г.Москва,Москва,Москва|г.Москва,55.7505412,37.6174782
9731014414,2024,10833153,,МОСКВА,,,,1-Й ВОЛКОНСКИЙ,127473.0,41.20,ACTIVE,1955697.0,1816611.0,78688.0,39519.0,14930.0,26415.0,60439.0,16493.0,-11197.0,"ОБЩЕСТВО С ОГРАНИЧЕННОЙ ОТВЕТСТВЕННОСТЬЮ ""СВЯЗЬЭНЕРГОСТРОЙ""",Малое предприятие,41.2,63.0,77 - г.Москва,,,,10.12.2018,полная,54449.0,39519.0,0.0278412248932222,0.0084333104770319,False,г.Москва,Москва,Москва|г.Москва,55.7505412,37.6174782
6685195239,2024,11731995,,МОСКВА,,,,ПРЕСНЕНСКАЯ,123112.0,41.20,ACTIVE,1952398.0,1825768.0,13077.0,8289.0,683.0,12442.0,24217.0,13585.0,5296.0,"ОБЩЕСТВО С ОГРАНИЧЕННОЙ ОТВЕТСТВЕННОСТЬЮ ""ДИРЕКЦИЯ СТРОЯЩИХСЯ ОБЪЕКТОВ""",Малое предприятие,41.2,65.0,66 - Свердловская область,,г Екатеринбург,,10.01.2022,полная,8972.0,8289.0,0.0045953745086811,0.0069581099755275,False,Свердловская область,Екатеринбург,Екатеринбург|Свердловская область,56.8382071,60.6007886
4824060340,2024,7772382,,ЛИПЕЦКАЯ,,ЛИПЕЦК,,АЛМАЗНАЯ,398041.0,42.11,ACTIVE,1945541.0,1667340.0,167563.0,50170.0,6039.0,15788.0,130951.0,12069.0,-38666.0,"ОБЩЕСТВО С ОГРАНИЧЕННОЙ ОТВЕТСТВЕННОСТЬЮ ""ИНФИНИТИ ГРУПП""",Среднее предприятие,41.2,234.0,48 - Липецкая область,,г Липецк,,01.08.2016,полная,56209.0,50170.0,0.0288911927325098,0.0062034159136199,False,Липецкая область,Липецк,Липецк|Липецкая область,52.6051488,39.5963775
5029251415,2024,11156069,,МОСКВА,,,,ЛИТВИНА-СЕДОГО,123317.0,41.20,ACTIVE,1941370.0,1677206.0,16008.0,-1677.0,12877.0,0.0,4808.0,-1677.0,0.0,"ОБЩЕСТВО С ОГРАНИЧЕННОЙ ОТВЕТСТВЕННОСТЬЮ ""АВТОМОЛОТ СТРОЙ""",Малое предприятие,41.2,1.0,77 - г.Москва,,,,10.07.2021,полная,11200.0,-1677.0,0.0057691218057351,-0.0008638229703765,False,г.Москва,Москва,Москва|г.Москва,55.7505412,37.6174782
5906102890,2024,3690582,,ПЕРМСКИЙ,,ПЕРМЬ,,КРИСАНОВА,614000.0,,ACTIVE,1940611.0,1612522.0,197640.0,93236.0,68677.0,1709869.0,1751774.0,60590.0,-22289.0,"ОБЩЕСТВО С ОГРАНИЧЕННОЙ ОТВЕТСТВЕННОСТЬЮ """"НЕФТЬПРОМИНВЕСТ""",Среднее предприятие,41.2,222.0,59 - Пермский край,,г Пермь,,01.08.2016,полная,161913.0,93236.0,0.0834340318590382,0.0312221254027726,False,Пермский край,Пермь,Пермь|Пермский край,58.0108531,56.2318528
4825067331,2024,107548,,ЛИПЕЦКАЯ,,ЛИПЕЦК,,ПОПЕРЕЧНЫЙ,398032.0,41.20,ACTIVE,1934867.0,1859405.0,17423.0,14487.0,916.0,30104.0,32824.0,7150.0,-7337.0,"ОБЩЕСТВО С ОГРАНИЧЕННОЙ ОТВЕТСТВЕННОСТЬЮ ""СТРОЙОТДЕЛ""",Малое предприятие,41.2,44.0,48 - Липецкая область,,г Липецк,,01.08.2016,полная,15403.0,14487.0,0.0079607538916111,0.003695344434527,False,Липецкая область,Липецк,Липецк|Липецкая область,52.6051488,39.5963775
7536167389,2024,10363966,,ЗАБАЙКАЛЬСКИЙ,,ЧИТА,,БУТИНА,672027.0,41.20,ACTIVE,1933105.0,1630686.0,199295.0,131534.0,33867.0,14741.0,51608.0,104453.0,-27080.0,"ОБЩЕСТВО С ОГРАНИЧЕННОЙ ОТВЕТСТВЕННОСТЬЮ ""СПЕЦТРАНС""",Малое предприятие,41.2,92.0,75 - Забайкальский край,,г Чита,,10.10.2017,полная,165401.0,131534.0,0.0855623465874849,0.0540337953706601,False,Забайкальский край,Чита,Чита|Забайкальский край,52.033409,113.500893
7604248060,2024,8029909,,ЯРОСЛАВСКАЯ,,ЯРОСЛАВЛЬ,,НАУМОВА,150001.0,41.20,ACTIVE,1930821.0,1846973.0,43813.0,12011.0,0.0,64359.0,100827.0,9929.0,-2188.0,"ОБЩЕСТВО С ОГРАНИЧЕННОЙ ОТВЕТСТВЕННОСТЬЮ ""ЯРОСЛАВСКОЕ СТРОИТЕЛЬНОЕ УПРАВЛЕНИЕ""",Малое предприятие,41.2,8.0,76 - Ярославская область,,г Ярославль,,01.08.2016,полная,12011.0,12011.0,0.0062206698601268,0.0051423720790275,False,Ярославская область,Ярославль,Ярославль|Ярославская область,57.6263877,39.8933705
2315169420,2024,355888,,КРАСНОДАРСКИЙ,,НОВОРОССИЙСК,,МИРА,353900.0,71.12.2,ACTIVE,1926696.0,1783693.0,87241.0,86498.0,0.0,2201.0,2944.0,66066.0,-20502.0,"ОБЩЕСТВО С ОГРАНИЧЕННОЙ ОТВЕТСТВЕННОСТЬЮ ""ПРОФСТРОЙ-МПК""",Среднее предприятие,41.2,7.0,23 - Краснодарский край,,г Новороссийск,,01.08.2016,полная,86498.0,86498.0,0.044894472194887,0.0342897893596083,False,Краснодарский край,Новороссийск,Новороссийск|Краснодарский край,44.7239578,37.7690711
1643012519,2024,592394,,ТАТАРСТАН,АЛЬМЕТЬЕВСКИЙ,АЛЬМЕТЬЕВСК,,ЦЕХОВАЯ,423458.0,43.12.3,ACTIVE,1925674.0,1295126.0,548759.0,577305.0,0.0,345238.0,342131.0,403721.0,-119337.0,"ОБЩЕСТВО С ОГРАНИЧЕННОЙ ОТВЕТСТВЕННОСТЬЮ ""ТЕХБУРСЕРВИС""",Малое предприятие,41.2,49.0,16 - Республика Татарстан (Татарстан),Альметьевский р-н,г Альметьевск,,10.07.2022,полная,577305.0,577305.0,0.299793734557355,0.2096517894513817,False,Республика Татарстан (Татарстан),Альметьевск,Альметьевск|Республика Татарстан (Татарстан),54.9005008,52.2963777
5044095337,2024,9384679,,МОСКОВСКАЯ,,СОЛНЕЧНОГОРСК,,КРАСНАЯ,141506.0,,ACTIVE,1914318.0,1722437.0,93385.0,26552.0,995.0,11774.0,102597.0,11548.0,-15004.0,"ОБЩЕСТВО С ОГРАНИЧЕННОЙ ОТВЕТСТВЕННОСТЬЮ ""СТРОЙ МОНТАЖ СП""",Малое предприятие,41.2,57.0,50 - Московская область,,г Солнечногорск,,01.08.2016,полная,27547.0,26552.0,0.0143899811838994,0.0060324355723552,False,Московская область,Солнечногорск,Солнечногорск|Московская область,56.1853501,36.9781536
6671069996,2024,10153879,,СВЕРДЛОВСКАЯ,,ЕКАТЕРИНБУРГ,,СТЕПАНА РАЗИНА,620130.0,,ACTIVE,1914233.0,1830732.0,54492.0,62563.0,307.0,489681.0,488242.0,50075.0,-12652.0,"ОБЩЕСТВО С ОГРАНИЧЕННОЙ ОТВЕТСТВЕННОСТЬЮ ""РЕКОНСТРУКЦИЯ ЕКБ""",Среднее предприятие,41.2,27.0,66 - Свердловская область,,г Екатеринбург,,10.04.2017,полная,62870.0,62563.0,0.032843441733582,0.0261593024464628,False,Свердловская область,Екатеринбург,Екатеринбург|Свердловская область,56.8382071,60.6007886
9103071553,2024,9149065,,КРЫМ,,ЯЛТА,,ЩОРСА,298609.0,,ACTIVE,1913143.0,1596922.0,184509.0,158311.0,9513.0,35530.0,55410.0,108602.0,-50137.0,"ОБЩЕСТВО С ОГРАНИЧЕННОЙ ОТВЕТСТВЕННОСТЬЮ ""АЛЬФАСТРОЙКОНТРАКТ""",Малое предприятие,41.2,37.0,91 - Республика Крым,,г Ялта,,01.08.2016,полная,167824.0,158311.0,0.087721618300357,0.0567662741363295,False,Республика Крым,Ялта,Ялта|Республика Крым,53.4784578,38.0320458
6670167528,2024,3514176,,СВЕРДЛОВСКАЯ,,ЕКАТЕРИНБУРГ,,АЛЬПИНИСТОВ,620010.0,,ACTIVE,1912442.0,1878749.0,33693.0,7195.0,124.0,21262.0,67229.0,3243.0,-3342.0,"ОБЩЕСТВО С ОГРАНИЧЕННОЙ ОТВЕТСТВЕННОСТЬЮ ""ЕКАТЕРИНБУРГСКАЯ ГРАДОСТРОИТЕЛЬНАЯ КОМПАНИЯ""",Среднее предприятие,41.2,172.0,66 - Свердловская область,,г Екатеринбург,,01.08.2016,полная,7319.0,7195.0,0.0038270441665681,0.0016957377008034,False,Свердловская область,Екатеринбург,Екатеринбург|Свердловская область,56.8382071,60.6007886
7841500188,2024,8480110,,САНКТ-ПЕТЕРБУРГ,,ПЕТЕРГОФ,,КОНСТАНТИНОВСКАЯ,198510.0,,ACTIVE,1911663.0,1818979.0,21207.0,17461.0,1200.0,4357.0,25622.0,7155.0,-4502.0,"ОБЩЕСТВО С ОГРАНИЧЕННОЙ ОТВЕТСТВЕННОСТЬЮ  ""ТЕХНОСТРОЙ""",Малое предприятие,41.2,20.0,78 - г.Санкт-Петербург,,г Петергоф,,01.08.2016,полная,18661.0,17461.0,0.0097616577817324,0.0037428145023469,False,г.Санкт-Петербург,Петергоф,Петергоф|г.Санкт-Петербург,59.877941,29.844667
5911038512,2024,6154619,,ПЕРМСКИЙ,,БЕРЕЗНИКИ,,КАРЛА МАРКСА,618417.0,,ACTIVE,1903120.0,1657806.0,70627.0,122843.0,0.0,16918.0,22476.0,88325.0,-34518.0,"ОБЩЕСТВО С ОГРАНИЧЕННОЙ ОТВЕТСТВЕННОСТЬЮ  ""УРАЛСТРОЙСЕРВИС""",Малое предприятие,41.2,107.0,59 - Пермский край,,г Березники,,01.08.2016,полная,122843.0,122843.0,0.0645482155618142,0.0464106309638908,False,Пермский край,Березники,Березники|Пермский край,59.4084171,56.8036958
8911018470,2024,6596667,,ЯМАЛО-НЕНЕЦКИЙ,ПУРОВСКИЙ,ТАРКО-САЛЕ,,ПРОМЫШЛЕННАЯ,629851.0,41.2,ACTIVE,1891161.0,1554244.0,332663.0,399716.0,1327.0,4438.0,6126.0,314311.0,-85405.0,"ОБЩЕСТВО С ОГРАНИЧЕННОЙ ОТВЕТСТВЕННОСТЬЮ ""ПУРОВСКИЙ ЦЕНТР НЕДВИЖИМОСТИ""",Малое предприятие,41.2,28.0,89 - Ямало-Ненецкий автономный округ,Пуровский р-н,г Тарко-Сале,,01.08.2016,полная,401043.0,399716.0,0.2120617969596454,0.1662000221028246,False,Ямало-Ненецкий автономный округ,Тарко-Сале,Тарко-Сале|Ямало-Ненецкий автономный округ,64.9219991,77.779459
8904067003,2024,5072367,,ЯМАЛО-НЕНЕЦКИЙ,,НОВЫЙ УРЕНГОЙ,,ЮБИЛЕЙНАЯ,629306.0,41.20,ACTIVE,1884815.0,1797991.0,28802.0,8096.0,41942.0,238824.0,218275.0,1620.0,-6476.0,"ОБЩЕСТВО С ОГРАНИЧЕННОЙ ОТВЕТСТВЕННОСТЬЮ СПЕЦИАЛИЗИРОВАННЫЙ ЗАСТРОЙЩИК ""ПРОЕКТНО-СТРОИТЕЛЬНАЯ КОМПАНИЯ""",Малое предприятие,41.2,95.0,89 - Ямало-Ненецкий автономный округ,,г Новый Уренгой,,01.08.2016,полная,50038.0,8096.0,0.0265479635932439,0.0008595007998132,False,Ямало-Ненецкий автономный округ,Новый Уренгой,Новый Уренгой|Ямало-Ненецкий автономный округ,66.085196,76.6799167
1655248928,2024,7486934,,ТАТАРСТАН,,КАЗАНЬ,,МУШТАРИ,420012.0,41.20,ACTIVE,1884330.0,1669019.0,178243.0,75802.0,0.0,188215.0,296365.0,60642.0,-15160.0,"ОБЩЕСТВО С ОГРАНИЧЕННОЙ ОТВЕТСТВЕННОСТЬЮ ""АККОРД А""",Малое предприятие,41.2,8.0,16 - Республика Татарстан (Татарстан),,г Казань,,01.08.2016,полная,75802.0,75802.0,0.0402275609898478,0.032182261068921,False,Республика Татарстан (Татарстан),Казань,Казань|Республика Татарстан (Татарстан),55.8257401,49.2192791
1657124526,2024,7588442,,ТАТАРСТАН,,КАЗАНЬ,,ПАРИЖСКОЙ КОММУНЫ,420021.0,,ACTIVE,1881988.0,1646629.0,177773.0,151595.0,22047.0,4792.0,13007.0,128165.0,-23430.0,"ОБЩЕСТВО С ОГРАНИЧЕННОЙ ОТВЕТСТВЕННОСТЬЮ ""ДСК ""ВЕЛЕС""",Малое предприятие,41.2,46.0,16 - Республика Татарстан (Татарстан),,г Казань,,10.07.2021,полная,173642.0,151595.0,0.0922652004157306,0.0681008593040975,False,Республика Татарстан (Татарстан),Казань,Казань|Республика Татарстан (Татарстан),55.8257401,49.2192791
1901076374,2024,6314696,,ХАКАСИЯ,,АБАКАН,,МОЛОДЕЖНЫЙ,655017.0,41.20,ACTIVE,1879988.0,1449515.0,430473.0,437338.0,0.0,0.0,0.0,349870.0,-87468.0,"ОБЩЕСТВО С ОГРАНИЧЕННОЙ ОТВЕТСТВЕННОСТЬЮ ""СТРОЙКОНСТРУКЦИЯ""",Малое предприятие,41.2,19.0,19 - Республика Хакасия,,г Абакан,,01.08.2016,полная,437338.0,437338.0,0.2326280806047698,0.1861022517165003,False,Республика Хакасия,Абакан,Абакан|Республика Хакасия,53.72068,91.4406019
7715658619,2024,2523892,,МОСКОВСКАЯ,ОРЕХОВО-ЗУЕВО,,ГУБИНО,ЖЕЛЕЗНОДОРОЖНАЯ,142635.0,,ACTIVE,1876242.0,1721097.0,54955.0,56000.0,8435.0,24287.0,28019.0,38812.0,-17188.0,"ОБЩЕСТВО С ОГРАНИЧЕННОЙ ОТВЕТСТВЕННОСТЬЮ ""МЕЖРАЙОННАЯ ОБЩЕСТРОИТЕЛЬНАЯ КОМПАНИЯ""",Среднее предприятие,41.2,203.0,50 - Московская область,Орехово-Зуево г,,д Губино,10.08.2019,полная,64435.0,56000.0,0.0343425848051583,0.0206860309064608,False,Московская область,Губино,Губино|Московская область,55.3517351,39.7697291
7724745755,2024,2083796,,МОСКВА,,,,АЛТУФЬЕВСКОЕ,127566.0,,ACTIVE,1871289.0,1638209.0,144768.0,112495.0,30226.0,35543.0,40718.0,89807.0,-22688.0,"АКЦИОНЕРНОЕ ОБЩЕСТВО ""АРСЕНАЛ""",Среднее предприятие,41.2,67.0,77 - г.Москва,,,,10.07.2021,полная,142721.0,112495.0,0.0762688179110762,0.0479920525370479,False,г.Москва,Москва,Москва|г.Москва,55.7505412,37.6174782
4028060536,2024,9416665,,КАЛУЖСКАЯ,,КАЛУГА,,БИЛИБИНА,248021.0,41.20,ACTIVE,1853507.0,1387264.0,428219.0,436881.0,20207.0,19003.0,27250.0,347681.0,-89115.0,"ОБЩЕСТВО С ОГРАНИЧЕННОЙ ОТВЕТСТВЕННОСТЬЮ СПЕЦИАЛИЗИРОВАННЫЙ ЗАСТРОЙЩИК ФИНАНСОВО СТРОИТЕЛЬНАЯ КОРПОРАЦИЯ ""МОНОЛИТ-КАЛУГА""",Малое предприятие,41.2,23.0,40 - Калужская область,,г Калуга,,01.08.2016,полная,457088.0,436881.0,0.2466071074994591,0.1875800846719219,False,Калужская область,Калуга,Калуга|Калужская область,54.5101087,36.2598115
7825483746,2024,7047060,,САНКТ-ПЕТЕРБУРГ,,,,НЕВСКИЙ,191024.0,,ACTIVE,1849583.0,1584958.0,198433.0,251136.0,0.0,50790.0,53054.0,160346.0,-50307.0,"ОБЩЕСТВО С ОГРАНИЧЕННОЙ ОТВЕТСТВЕННОСТЬЮ ""ЦЕНТР-ИНВЕСТ-СТРОЙ""",Малое предприятие,41.2,43.0,78 - г.Санкт-Петербург,,,,01.08.2016,полная,251136.0,251136.0,0.1357797946888569,0.0866930545966307,False,г.Санкт-Петербург,Санкт-Петербург,Санкт-Петербург|г.Санкт-Петербург,59.9606739,30.1586551
3123228160,2024,4245397,,БЕЛГОРОДСКАЯ,,БЕЛГОРОД,,НАРОДНЫЙ,308015.0,42.22.2,ACTIVE,1841337.0,1310586.0,321309.0,333981.0,0.0,31665.0,50800.0,264903.0,-69078.0,"ОБЩЕСТВО С ОГРАНИЧЕННОЙ ОТВЕТСТВЕННОСТЬЮ ""СЛАВЯНСТРОЙ""",Среднее предприятие,41.2,124.0,31 - Белгородская область,,г Белгород,,01.08.2016,полная,333981.0,333981.0,0.1813796170934489,0.1438644854255359,False,Белгородская область,Белгород,Белгород|Белгородская область,50.5955595,36.5873394
7716922376,2024,10801587,,САНКТ-ПЕТЕРБУРГ,,,,ТЕЛЕЖНАЯ,191167.0,41.20,ACTIVE,1840615.0,1273495.0,238906.0,74880.0,55064.0,753543.0,865299.0,58245.0,-16635.0,"ОБЩЕСТВО С ОГРАНИЧЕННОЙ ОТВЕТСТВЕННОСТЬЮ ""ГАМАСС""",Малое предприятие,41.2,36.0,77 - г.Москва,,,,10.10.2018,полная,129944.0,74880.0,0.0705981424686857,0.031644314536174,False,г.Москва,Москва,Москва|г.Москва,55.7505412,37.6174782
7720714650,2024,5415438,,МОСКВА,,,,ЗООЛОГИЧЕСКАЯ,123242.0,,ACTIVE,1840170.0,1521732.0,156731.0,139987.0,3356.0,96315.0,110652.0,109480.0,-30507.0,"ОБЩЕСТВО С ОГРАНИЧЕННОЙ ОТВЕТСТВЕННОСТЬЮ ""АДЮТОН-Н""",Среднее предприятие,41.2,38.0,77 - г.Москва,,,,01.08.2016,полная,143343.0,139987.0,0.0778966073786661,0.0594945032252454,False,г.Москва,Москва,Москва|г.Москва,55.7505412,37.6174782
7709759231,2024,6646027,,МОСКВА,,,,НИЖНЯЯ СЫРОМЯТНИЧЕСКАЯ,105120.0,71.12.1,ACTIVE,1839190.0,1256322.0,416353.0,438209.0,4716.0,39021.0,74500.0,347257.0,-90947.0,"ОБЩЕСТВО С ОГРАНИЧЕННОЙ ОТВЕТСТВЕННОСТЬЮ ""СР.ДЕВЕЛОПМЕНТ""",Малое предприятие,41.2,98.0,77 - г.Москва,,,,10.10.2022,полная,442925.0,438209.0,0.2408261245439568,0.1888097477693985,False,г.Москва,Москва,Москва|г.Москва,55.7505412,37.6174782
7714671060,2024,3112677,,МОСКОВСКАЯ,ИСТРА,,КРАСНЫЙ ПОСЁЛОК,АНГЛИЙСКИЙ,143582.0,,ACTIVE,1836516.0,1215872.0,349483.0,236858.0,92123.0,255226.0,384323.0,187414.0,-49444.0,"ОБЩЕСТВО С ОГРАНИЧЕННОЙ ОТВЕТСТВЕННОСТЬЮ ""ОПТИЛЭНД""",Малое предприятие,41.2,47.0,77 - г.Москва,,,,01.08.2016,полная,328981.0,236858.0,0.1791332065715735,0.1020486617050981,False,г.Москва,КРАСНЫЙ ПОСЁЛОК,КРАСНЫЙ ПОСЁЛОК|г.Москва,56.198509,28.229012
5405442616,2024,1961671,,НОВОСИБИРСКАЯ,,Новосибирск,,БЕТОННАЯ,630024.0,,ACTIVE,1831723.0,1536706.0,173619.0,159670.0,6556.0,157185.0,166493.0,127631.0,-31997.0,"ОБЩЕСТВО С ОГРАНИЧЕННОЙ ОТВЕТСТВЕННОСТЬЮ ПРОИЗВОДСТВЕННО-СТРОИТЕЛЬНАЯ КОМПАНИЯ ""СИБПРОДМОНТАЖ""",Среднее предприятие,41.2,167.0,54 - Новосибирская область,,г Новосибирск,,01.08.2016,полная,166226.0,159670.0,0.0907484374001964,0.0696781118105739,False,Новосибирская область,Новосибирск,Новосибирск|Новосибирская область,54.9678145,82.9515989
3917022667,2024,682325,,КАЛИНИНГРАДСКАЯ,,КАЛИНИНГРАД,,ВОДНАЯ,236004.0,,ACTIVE,1830748.0,1701994.0,18062.0,15759.0,23189.0,19998.0,22116.0,11665.0,-4094.0,"ОБЩЕСТВО С ОГРАНИЧЕННОЙ ОТВЕТСТВЕННОСТЬЮ ""ЛИТАНА""",Среднее предприятие,41.2,101.0,39 - Калининградская область,,г Калининград,,10.07.2021,полная,38948.0,15759.0,0.0212743643581749,0.0063717125459101,False,Калининградская область,Калининград,Калининград|Калининградская область,54.710128,20.5105838
2901285115,2024,10198360,,МОСКОВСКАЯ,ОДИНЦОВО,,,,143009.0,41.20,ACTIVE,1827686.0,1785809.0,21500.0,30849.0,1221.0,47216.0,37730.0,29095.0,-1754.0,"ОБЩЕСТВО С ОГРАНИЧЕННОЙ ОТВЕТСТВЕННОСТЬЮ ""ОПОРА""",Малое предприятие,41.2,23.0,29 - Архангельская область,,г Архангельск,,10.05.2017,полная,32070.0,30849.0,0.0175467777287783,0.0159190364209169,False,Архангельская область,Архангельск,Архангельск|Архангельская область,64.5410251,40.5286774
3245500285,2024,1194400,,БРЯНСКАЯ,,БРЯНСК,,УРАЛЬСКАЯ,241020.0,,ACTIVE,1823951.0,1773056.0,12814.0,31627.0,13685.0,113078.0,82157.0,10483.0,-21144.0,"ОБЩЕСТВО С ОГРАНИЧЕННОЙ ОТВЕТСТВЕННОСТЬЮ ""СТРОЙДЕЛО""",Среднее предприятие,41.2,248.0,32 - Брянская область,,г Брянск,,10.08.2022,полная,45312.0,31627.0,0.0248427726402737,0.0057474131706389,False,Брянская область,Брянск,Брянск|Брянская область,53.2423778,34.3668288
7536158377,2024,9694131,,ЗАБАЙКАЛЬСКИЙ,,ЧИТА,,БУТИНА,672027.0,,ACTIVE,1823583.0,1601519.0,120165.0,115788.0,6059.0,346578.0,358141.0,91039.0,-24748.0,"ОБЩЕСТВО С ОГРАНИЧЕННОЙ ОТВЕТСТВЕННОСТЬЮ ""АТОМСПЕЦСТРОЙ""",Среднее предприятие,41.2,187.0,75 - Забайкальский край,,г Чита,,01.08.2016,полная,121847.0,115788.0,0.0668173590124496,0.0499231458069087,False,Забайкальский край,Чита,Чита|Забайкальский край,52.033409,113.500893
0275075025,2024,712245,,БАШКОРТОСТАН,УФИМСКИЙ,,МИХАЙЛОВКА,ДМИТРИЕВСКАЯ,450511.0,,ACTIVE,1819401.0,1553700.0,154453.0,68780.0,0.0,17286.0,108360.0,52504.0,-16256.0,"ОБЩЕСТВО С ОГРАНИЧЕННОЙ ОТВЕТСТВЕННОСТЬЮ ""ЕНЕР-ХОЛДИНГ""",Среднее предприятие,41.2,30.0,02 - Республика Башкортостан,Уфимский р-н,,с Михайловка,01.08.2016,полная,68780.0,68780.0,0.0378036507619815,0.0288578493691055,False,Республика Башкортостан,Михайловка,Михайловка|Республика Башкортостан,53.959534,55.625885
2460230180,2024,4565447,,КРАСНОЯРСКИЙ,,КРАСНОЯРСК,,ТЕХНОЛОГИЧЕСКАЯ,660111.0,,ACTIVE,1819039.0,1719419.0,69979.0,74214.0,4035.0,292336.0,286144.0,58025.0,-15743.0,"ОБЩЕСТВО С ОГРАНИЧЕННОЙ ОТВЕТСТВЕННОСТЬЮ ""СТРОИТЕЛЬНАЯ КОМПАНИЯ ""ТИТАН""",Малое предприятие,41.2,31.0,24 - Красноярский край,,г Красноярск,,01.08.2016,полная,78249.0,74214.0,0.043016669791027,0.0318987113525328,False,Красноярский край,Красноярск,Красноярск|Красноярский край,56.0091173,92.872586
5406825393,2024,11933744,,НОВОСИБИРСКАЯ,,НОВОСИБИРСК,,ВОЕННАЯ,630099.0,41.20,ACTIVE,1815820.0,1740524.0,18622.0,18188.0,887.0,5635.0,6120.0,13636.0,-4552.0,"ОБЩЕСТВО С ОГРАНИЧЕННОЙ ОТВЕТСТВЕННОСТЬЮ ""ОХВАТ-НСК""",Малое предприятие,41.2,23.0,54 - Новосибирская область,,г Новосибирск,,10.10.2022,полная,19075.0,18188.0,0.0105048958597217,0.0075095549118304,False,Новосибирская область,Новосибирск,Новосибирск|Новосибирская область,54.9678145,82.9515989
2461024536,2024,5451463,,КРАСНОЯРСКИЙ,,КРАСНОЯРСК,,КИРОВА,660049.0,,ACTIVE,1814854.0,1755123.0,5169.0,3266.0,12632.0,59174.0,50792.0,2359.0,-907.0,"ОБЩЕСТВО С ОГРАНИЧЕННОЙ ОТВЕТСТВЕННОСТЬЮ ""МЕНТАЛ-ПЛЮС""",Среднее предприятие,41.2,62.0,24 - Красноярский край,,г Красноярск,,01.08.2016,полная,15898.0,3266.0,0.0087599333059298,0.0012998290771599,False,Красноярский край,Красноярск,Красноярск|Красноярский край,56.0091173,92.872586
7802148357,2024,6498776,,САНКТ-ПЕТЕРБУРГ,,,,МИТРОФАНЬЕВСКОЕ,198095.0,41.20,ACTIVE,1813828.0,1674250.0,81561.0,72765.0,1820.0,1508.0,26345.0,55578.0,-17188.0,"АКЦИОНЕРНОЕ ОБЩЕСТВО ""НЕВСКИЙ ПРОЕКТ""",Малое предприятие,41.2,50.0,78 - г.Санкт-Петербург,,,,10.08.2017,полная,74585.0,72765.0,0.0411202164703599,0.0306412735937475,False,г.Санкт-Петербург,Санкт-Петербург,Санкт-Петербург|г.Санкт-Петербург,59.9606739,30.1586551
1834050040,2024,1128280,,УДМУРТСКАЯ,,ИЖЕВСК,,НОВОСМИРНОВСКАЯ,426039.0,,ACTIVE,1813203.0,1760829.0,198.0,213.0,2130.0,35255.0,34325.0,170.0,-43.0,"ОБЩЕСТВО С ОГРАНИЧЕННОЙ ОТВЕТСТВЕННОСТЬЮ ""СЕЛЬСТРОЙ""",Среднее предприятие,41.2,129.0,18 - Удмуртская Республика,,г Ижевск,,10.08.2019,полная,2343.0,213.0,0.0012921884642811,9.375673876559876e-05,False,Удмуртская Республика,Ижевск,Ижевск|Удмуртская Республика,56.8529729,53.2103071
1661034120,2024,7460862,,ТАТАРСТАН,,КАЗАНЬ,,КОРОЛЕНКО,420127.0,41.20,ACTIVE,1800305.0,1727930.0,54849.0,40379.0,9733.0,22545.0,28606.0,30344.0,-8076.0,"ОБЩЕСТВО С ОГРАНИЧЕННОЙ ОТВЕТСТВЕННОСТЬЮ ""СТРОЙ-КОНТИНЕНТ""",Малое предприятие,41.2,24.0,16 - Республика Татарстан (Татарстан),,г Казань,,01.08.2016,полная,50112.0,40379.0,0.0278352834658571,0.0168549218049163,False,Республика Татарстан (Татарстан),Казань,Казань|Республика Татарстан (Татарстан),55.8257401,49.2192791
1327022163,2024,8624671,,МОСКВА,,,,ЭЛЕКТРОЗАВОДСКАЯ,107023.0,,ACTIVE,1798551.0,1709447.0,41543.0,20271.0,6706.0,65589.0,80941.0,14920.0,-5351.0,"ОБЩЕСТВО С ОГРАНИЧЕННОЙ ОТВЕТСТВЕННОСТЬЮ ""СТРОЙЭНЕРГОКОМПЛЕКТ""",Малое предприятие,41.2,39.0,77 - г.Москва,,,,01.08.2016,полная,26977.0,20271.0,0.0149992966560303,0.0082955668201791,False,г.Москва,Москва,Москва|г.Москва,55.7505412,37.6174782
7806368219,2024,5821710,,САНКТ-ПЕТЕРБУРГ,,,,СМОЛЬНЫЙ,191124.0,41.20,ACTIVE,1793031.0,1584905.0,47161.0,31633.0,3844.0,31675.0,43596.0,25096.0,-6537.0,"ОБЩЕСТВО С ОГРАНИЧЕННОЙ ОТВЕТСТВЕННОСТЬЮ ""ТЕРРИКОН""",Малое предприятие,41.2,50.0,78 - г.Санкт-Петербург,,,,01.08.2016,полная,35477.0,31633.0,0.0197860494324972,0.0139964116627096,False,г.Санкт-Петербург,Санкт-Петербург,Санкт-Петербург|г.Санкт-Петербург,59.9606739,30.1586551
5261026323,2024,2439394,,НИЖЕГОРОДСКАЯ,,НИЖНИЙ НОВГОРОД,,ЗАОВРАЖНАЯ,603107.0,41.20,ACTIVE,1792110.0,1685030.0,68280.0,102732.0,0.0,53486.0,19034.0,86286.0,-16674.0,"ОБЩЕСТВО С ОГРАНИЧЕННОЙ ОТВЕТСТВЕННОСТЬЮ ""НИЖЕГОРОДСКАЯ ФИРМА АТОМ-СТРОЙ""",Малое предприятие,41.2,76.0,52 - Нижегородская область,,г Нижний Новгород,,10.08.2019,полная,102732.0,102732.0,0.0573246061904682,0.048147714147011,False,Нижегородская область,Нижний Новгород,Нижний Новгород|Нижегородская область,56.3264816,44.0051395
2536272320,2024,8497020,,ПРИМОРСКИЙ,,ВЛАДИВОСТОК,,ТИГРОВАЯ,690090.0,,ACTIVE,1791931.0,1619801.0,172130.0,8414.0,316369.0,278573.0,129512.0,6885.0,-1895.0,"ОБЩЕСТВО С ОГРАНИЧЕННОЙ ОТВЕТСТВЕННОСТЬЮ ""СТРОИТЕЛЬНАЯ КОМПАНИЯ ""ЗЕНИТ""",Среднее предприятие,41.2,189.0,25 - Приморский край,,г Владивосток,,01.08.2016,полная,324783.0,8414.0,0.1812474922304486,0.0038422238356275,False,Приморский край,Владивосток,Владивосток|Приморский край,43.1150678,131.8855768
1644070256,2024,8325111,,ТАТАРСТАН,АЛЬМЕТЬЕВСКИЙ,АЛЬМЕТЬЕВСК,,СОВЕТСКАЯ,423462.0,,ACTIVE,1786577.0,1389916.0,300891.0,350421.0,1757.0,8611.0,7652.0,279852.0,-70569.0,"ОБЩЕСТВО С ОГРАНИЧЕННОЙ ОТВЕТСТВЕННОСТЬЮ ""ТЕХНОХИММОНТАЖ""",Среднее предприятие,41.2,118.0,16 - Республика Татарстан (Татарстан),Альметьевский р-н,г Альметьевск,,01.08.2016,полная,352178.0,350421.0,0.1971244452380166,0.1566414433858714,False,Республика Татарстан (Татарстан),Альметьевск,Альметьевск|Республика Татарстан (Татарстан),54.9005008,52.2963777
5040155680,2024,10686684,,МОСКОВСКАЯ,,РАМЕНСКОЕ,,ВЫСОКОВОЛЬТНАЯ,140104.0,41.20,ACTIVE,1784466.0,1283863.0,405762.0,433455.0,2898.0,39115.0,32128.0,344492.0,-88963.0,"ОБЩЕСТВО С ОГРАНИЧЕННОЙ ОТВЕТСТВЕННОСТЬЮ ""РСБ КОНСТРАКШН""",Малое предприятие,41.2,43.0,50 - Московская область,,г Раменское,,10.06.2018,полная,436353.0,433455.0,0.2445286152832275,0.1930504700005491,False,Московская область,Раменское,Раменское|Московская область,55.5709361,38.2282099
0274925865,2024,10176581,,БАШКОРТОСТАН,,УФА,,ДАЯНА МУРЗИНА,450018.0,,ACTIVE,1777666.0,1573136.0,159199.0,112963.0,2294.0,5705.0,49647.0,80427.0,-31411.0,"ОБЩЕСТВО С ОГРАНИЧЕННОЙ ОТВЕТСТВЕННОСТЬЮ ""ЛЮКССТРОЙ""",Среднее предприятие,41.2,34.0,02 - Республика Башкортостан,,г Уфа,,10.07.2023,полная,115257.0,112963.0,0.0648361390722441,0.0452430321556467,False,Республика Башкортостан,Уфа,Уфа|Республика Башкортостан,54.7261409,55.947499
7811421411,2024,5397109,,САНКТ-ПЕТЕРБУРГ,,,,ПРОФЕССОРА ПОПОВА,197022.0,41.20,ACTIVE,1774903.0,1625234.0,27309.0,16914.0,2181.0,15764.0,29892.0,11210.0,-5704.0,"ОБЩЕСТВО С ОГРАНИЧЕННОЙ ОТВЕТСТВЕННОСТЬЮ ""СТРОИТЕЛЬНАЯ КОМПАНИЯ ""ГИДРОКОР""",Малое предприятие,41.2,54.0,78 - г.Санкт-Петербург,,,,01.08.2016,полная,19095.0,16914.0,0.0107583343991192,0.0063158381049555,False,г.Санкт-Петербург,Санкт-Петербург,Санкт-Петербург|г.Санкт-Петербург,59.9606739,30.1586551
2461042084,2024,10764953,,КРАСНОЯРСКИЙ,,КРАСНОЯРСК,,КУТУЗОВА,660050.0,41.20,ACTIVE,1768349.0,1748771.0,-3512.0,220.0,0.0,37182.0,37300.0,246.0,24.0,"ОБЩЕСТВО С ОГРАНИЧЕННОЙ ОТВЕТСТВЕННОСТЬЮ ""УПРАВЛЯЮЩАЯ СТРОИТЕЛЬНАЯ КОМПАНИЯ ЭТАЖИ""",Малое предприятие,41.2,16.0,24 - Красноярский край,,г Красноярск,,10.09.2018,полная,220.0,220.0,0.0001244098308648,0.0001391128108761,False,Красноярский край,Красноярск,Красноярск|Красноярский край,56.0091173,92.872586
9103002856,2024,8788099,,КРЫМ,,СИМФЕРОПОЛЬ,,МРАМОРНАЯ,295014.0,41.20,ACTIVE,1767077.0,1566317.0,97125.0,94362.0,0.0,801.0,3564.0,73999.0,-20362.0,"ОБЩЕСТВО С ОГРАНИЧЕННОЙ ОТВЕТСТВЕННОСТЬЮ ""СТРОИТЕЛЬНАЯ КОМПАНИЯ ""ДЕЛЬТА""",Малое предприятие,41.2,23.0,91 - Республика Крым,,г Симферополь,,01.08.2016,полная,94362.0,94362.0,0.0534000499129353,0.0418765000053761,False,Республика Крым,Симферополь,Симферополь|Республика Крым,55.1649534,37.4677697
7703592360,2024,6524012,,МОСКВА,,,,ГИЛЯРОВСКОГО,129110.0,,ACTIVE,1765222.0,1715144.0,18705.0,18729.0,0.0,11524.0,12014.0,14983.0,-3746.0,"ОБЩЕСТВО С ОГРАНИЧЕННОЙ ОТВЕТСТВЕННОСТЬЮ АСК ""ОЛИМПСТРОЙ""",Среднее предприятие,41.2,42.0,77 - г.Москва,,,,10.07.2023,полная,18729.0,18729.0,0.0106099969295646,0.0084878842434549,False,г.Москва,Москва,Москва|г.Москва,55.7505412,37.6174782
5024223037,2024,11885493,,МОСКОВСКАЯ,,Красногорск,,ИЛЬИНСКОЕ,143405.0,41.20,ACTIVE,1758417.0,1684222.0,15803.0,17949.0,1312.0,211.0,351.0,14376.0,-3573.0,"ОБЩЕСТВО С ОГРАНИЧЕННОЙ ОТВЕТСТВЕННОСТЬЮ ""СК Н.Т.С.""",Малое предприятие,41.2,1.0,50 - Московская область,,г Красногорск,,10.08.2022,полная,19261.0,17949.0,0.0109536020181788,0.0081755351546305,False,Московская область,Красногорск,Красногорск|Московская область,55.8204707,37.3196942
2014259624,2024,3328065,,ЧЕЧЕНСКАЯ,,ГРОЗНЫЙ,,ИМ МИРЗОЕВА,364063.0,41.20,ACTIVE,1755137.0,1684707.0,7996.0,2982.0,0.0,2859.0,7873.0,2155.0,-827.0,"ОБЩЕСТВО С ОГРАНИЧЕННОЙ ОТВЕТСТВЕННОСТЬЮ НАУЧНО-ПРОИЗВОДСТВЕННАЯ КОМПАНИЯ ""ИНТЕРБИЗНЕС-55""",Малое предприятие,41.2,34.0,20 - Чеченская Республика,,г Грозный,,10.04.2021,полная,2982.0,2982.0,0.0016990126696662,0.0012278243806608,False,Чеченская Республика,Грозный,Грозный|Чеченская Республика,43.4,45.7
5022055355,2024,10551148,,МОСКОВСКАЯ,КОЛОМНА,,,КИРОВА,140411.0,41.20,ACTIVE,1753058.0,1558002.0,8963.0,10279.0,0.0,2333.0,1017.0,5421.0,-4858.0,"ОБЩЕСТВО С ОГРАНИЧЕННОЙ ОТВЕТСТВЕННОСТЬЮ ""КСК-ГРУПП""",Малое предприятие,41.2,62.0,50 - Московская область,Коломна г,,,10.03.2018,полная,10279.0,10279.0,0.0058634682936902,0.0030923106936564,False,Московская область,Коломна,Коломна|Московская область,55.0938743,38.7670121
6312038353,2024,3064169,,САМАРСКАЯ,,САМАРА,,ЮНЫХ ПИОНЕРОВ,443105.0,,ACTIVE,1752856.0,1444878.0,209596.0,207753.0,380.0,1048.0,3183.0,180352.0,-27401.0,"ОБЩЕСТВО С ОГРАНИЧЕННОЙ ОТВЕТСТВЕННОСТЬЮ ""СТРОИТЕЛЬНАЯ КОМПАНИЯ СЕРВИС-Д""",Среднее предприятие,41.2,199.0,63 - Самарская область,,г Самара,,01.08.2016,полная,208133.0,207753.0,0.1187393602212617,0.1028903686326771,False,Самарская область,Самара,Самара|Самарская область,53.1956255,50.1014927
1660322976,2024,10873142,,ТАТАРСТАН,,КАЗАНЬ,,ГВАРДЕЙСКАЯ,420087.0,41.20,ACTIVE,1750484.0,1639296.0,84366.0,75500.0,0.0,1569.0,24637.0,57735.0,-17613.0,"ОБЩЕСТВО С ОГРАНИЧЕННОЙ ОТВЕТСТВЕННОСТЬЮ ""СК ИВЕНТ""",Малое предприятие,41.2,22.0,16 - Республика Татарстан (Татарстан),,г Казань,,10.01.2019,полная,75500.0,75500.0,0.0431309283603849,0.0329823066077724,False,Республика Татарстан (Татарстан),Казань,Казань|Республика Татарстан (Татарстан),55.8257401,49.2192791
7814398182,2024,4517933,,САНКТ-ПЕТЕРБУРГ,,,,БОЛЬШОЙ П.С.,197198.0,41.2,ACTIVE,1748922.0,1628668.0,58277.0,37612.0,6281.0,17044.0,32040.0,6254.0,-8106.0,"ОБЩЕСТВО С ОГРАНИЧЕННОЙ ОТВЕТСТВЕННОСТЬЮ  ""ИНВЕСТИЦИОННАЯ СТРОИТЕЛЬНАЯ КОМПАНИЯ ""НКС""",Малое предприятие,41.2,34.0,78 - г.Санкт-Петербург,,,,01.08.2016,полная,43893.0,37612.0,0.0250971741449875,0.0035759170506174,False,г.Санкт-Петербург,Санкт-Петербург,Санкт-Петербург|г.Санкт-Петербург,59.9606739,30.1586551
9204563512,2024,10011949,,СЕВАСТОПОЛЬ,,,,СОЛОВЬЕВА,299029.0,,ACTIVE,1747332.0,1602009.0,92339.0,3185.0,13464.0,14831.0,90828.0,-8070.0,-11255.0,"ОБЩЕСТВО С ОГРАНИЧЕННОЙ ОТВЕТСТВЕННОСТЬЮ ""СК ""СТРОЙЖИЛПОДРЯД""",Среднее предприятие,41.2,106.0,92 - г.Севастополь,,,,10.07.2022,полная,16649.0,3185.0,0.0095282407693557,-0.004618469758466,False,г.Севастополь,Севастополь,Севастополь|г.Севастополь,53.456383,35.186371
7704592660,2024,4861602,,МОСКВА,,,,2-Я НОВООСТАНКИНСКАЯ,129075.0,,ACTIVE,1747084.0,1515031.0,115957.0,110393.0,0.0,2275.0,14446.0,83809.0,-23402.0,"ОБЩЕСТВО С ОГРАНИЧЕННОЙ ОТВЕТСТВЕННОСТЬЮ ""МЕГАСТРОЙ""",Среднее предприятие,41.2,188.0,77 - г.Москва,,,,01.08.2016,полная,110393.0,110393.0,0.0631870018842826,0.0479707901852458,False,г.Москва,Москва,Москва|г.Москва,55.7505412,37.6174782
3442098118,2024,692344,,ВОЛГОГРАДСКАЯ,,ВОЛГОГРАД,,БОГУНСКАЯ,400105.0,,ACTIVE,1745004.0,1357937.0,147891.0,152120.0,0.0,20581.0,17924.0,119325.0,-32795.0,"ОБЩЕСТВО С ОГРАНИЧЕННОЙ ОТВЕТСТВЕННОСТЬЮ ""РИО""",Среднее предприятие,41.2,214.0,34 - Волгоградская область,,г Волгоград,,01.08.2016,полная,152120.0,152120.0,0.0871745852731569,0.0683809320780926,False,Волгоградская область,Волгоград,Волгоград|Волгоградская область,48.7081906,44.5153353
5079011585,2024,3718347,,МОСКВА,,,,1-Й МАГИСТРАЛЬНЫЙ,123290.0,42.12,ACTIVE,1736021.0,1571847.0,57073.0,70256.0,942.0,37032.0,24399.0,43779.0,-26477.0,"ЗАКРЫТОЕ АКЦИОНЕРНОЕ ОБЩЕСТВО ""ИНСТИТУТ ГИДРОТРАНСПРОЕКТ""",Малое предприятие,41.2,98.0,77 - г.Москва,,,,10.06.2023,полная,71198.0,70256.0,0.0410121766960192,0.0252180129157423,False,г.Москва,Москва,Москва|г.Москва,55.7505412,37.6174782
2543121643,2024,10537057,,ПРИМОРСКИЙ,,ВЛАДИВОСТОК,,АННЫ ЩЕТИНИНОЙ,690105.0,,ACTIVE,1734888.0,1526045.0,147249.0,127945.0,5466.0,201645.0,215524.0,112499.0,-15446.0,"ОБЩЕСТВО С ОГРАНИЧЕННОЙ ОТВЕТСТВЕННОСТЬЮ ""ЭНЕРГОСТРОЙВОСТОК""",Малое предприятие,41.2,51.0,25 - Приморский край,,г Владивосток,,10.03.2018,полная,133411.0,127945.0,0.0768989122064363,0.0648451081568377,False,Приморский край,Владивосток,Владивосток|Приморский край,43.1150678,131.8855768
7321316785,2024,2790936,,УЛЬЯНОВСКАЯ,,УЛЬЯНОВСК,,ЛУНАЧАРСКОГО,432012.0,41.20,ACTIVE,1734503.0,1439918.0,154975.0,71766.0,0.0,83963.0,167172.0,55737.0,-16029.0,"ОБЩЕСТВО С ОГРАНИЧЕННОЙ ОТВЕТСТВЕННОСТЬЮ СПЕЦИАЛИЗИРОВАННЫЙ ЗАСТРОЙЩИК ""МАГМА СИМБИРСК""",Малое предприятие,41.2,97.0,73 - Ульяновская область,,г Ульяновск,,01.08.2016,полная,71766.0,71766.0,0.0413755410051178,0.0321342770811004,False,Ульяновская область,Ульяновск,Ульяновск|Ульяновская область,54.3150278,48.403373
2635222257,2024,9907037,,СТАВРОПОЛЬСКИЙ,,СТАВРОПОЛЬ,,ПАВЛА БУРАВЦЕВА,355028.0,,ACTIVE,1727360.0,1700163.0,14352.0,23108.0,1660.0,43.0,5324.0,18289.0,-4819.0,"ОБЩЕСТВО С ОГРАНИЧЕННОЙ ОТВЕТСТВЕННОСТЬЮ ""ЭКСПОНЕНТАМ""",Малое предприятие,41.2,13.0,26 - Ставропольский край,,г Ставрополь,,10.09.2016,полная,24768.0,23108.0,0.0143386439422008,0.0105878334568358,False,Ставропольский край,Ставрополь,Ставрополь|Ставропольский край,45.0433245,41.9690934
3525115173,2024,6843200,,ВОЛОГОДСКАЯ,,ВОЛОГДА,,ОКРУЖНОЕ,160028.0,41.20,ACTIVE,1726208.0,1629921.0,54264.0,31073.0,9097.0,7454.0,23696.0,12178.0,-18895.0,"ОБЩЕСТВО С ОГРАНИЧЕННОЙ ОТВЕТСТВЕННОСТЬЮ ""ТЕРМОИЗОЛСТРОЙ""",Малое предприятие,41.2,68.0,35 - Вологодская область,,г Вологда,,01.08.2016,полная,40170.0,31073.0,0.0232706603144001,0.0070547697612338,False,Вологодская область,Вологда,Вологда|Вологодская область,59.2189391,39.8933913
7716825630,2024,9770022,,МОСКВА,,,,ЛЮБЛИНСКАЯ,109382.0,42.11,ACTIVE,1721476.0,1645935.0,75541.0,9034.0,0.0,1161.0,67668.0,7227.0,-1807.0,"ОБЩЕСТВО С ОГРАНИЧЕННОЙ ОТВЕТСТВЕННОСТЬЮ ""ДОРОЖНО-СТРОИТЕЛЬНОЕ УПРАВЛЕНИЕ №1""",Среднее предприятие,41.2,224.0,77 - г.Москва,,,,01.08.2016,полная,9034.0,9034.0,0.0052478222176783,0.0041981415947709,False,г.Москва,Москва,Москва|г.Москва,55.7505412,37.6174782
5407486094,2024,7891025,,НОВОСИБИРСКАЯ,,НОВОСИБИРСК,,ВОДОПРОВОДНАЯ,630083.0,41.20,ACTIVE,1711963.0,1663702.0,17852.0,11175.0,7985.0,4285.0,4587.0,8583.0,-2592.0,"ОБЩЕСТВО С ОГРАНИЧЕННОЙ ОТВЕТСТВЕННОСТЬЮ СТРОИТЕЛЬНОЕ УПРАВЛЕНИЕ ""РЕЧНОЕ""",Малое предприятие,41.2,17.0,54 - Новосибирская область,,г Новосибирск,,01.08.2016,полная,19160.0,11175.0,0.0111918306645645,0.0050135429328788,False,Новосибирская область,Новосибирск,Новосибирск|Новосибирская область,54.9678145,82.9515989
7328076959,2024,8315686,,УЛЬЯНОВСКАЯ,,УЛЬЯНОВСК,,МОСКОВСКОЕ,432034.0,41.20,ACTIVE,1706356.0,1446887.0,149584.0,80200.0,6788.0,37906.0,103109.0,52325.0,-27875.0,"ОБЩЕСТВО С ОГРАНИЧЕННОЙ ОТВЕТСТВЕННОСТЬЮ ""ИНТЕР-ГРУПП""",Малое предприятие,41.2,44.0,73 - Ульяновская область,,г Ульяновск,,01.08.2016,полная,86988.0,80200.0,0.0509788109866874,0.0306647616323908,False,Ульяновская область,Ульяновск,Ульяновск|Ульяновская область,54.3150278,48.403373
1651052642,2024,6033494,,ТАТАРСТАН,НИЖНЕКАМСКИЙ,НИЖНЕКАМСК,,ЧИСТОПОЛЬСКАЯ,423570.0,43.21,ACTIVE,1700835.0,1576002.0,67339.0,83824.0,0.0,58276.0,55354.0,64028.0,-19796.0,"ОБЩЕСТВО С ОГРАНИЧЕННОЙ ОТВЕТСТВЕННОСТЬЮ ""ЭНЕРГОСИЛА-НК""",Среднее предприятие,41.2,152.0,16 - Республика Татарстан (Татарстан),Нижнекамский р-н,г Нижнекамск,,01.08.2016,полная,83824.0,83824.0,0.0492840281391199,0.0376450390543468,False,Республика Татарстан (Татарстан),Нижнекамск,Нижнекамск|Республика Татарстан (Татарстан),55.6412879,51.8160376
4401152985,2024,8598022,,ИВАНОВСКАЯ,РОДНИКОВСКИЙ,РОДНИКИ,,МАЛЫШЕВСКИЙ,155251.0,43.99.9,ACTIVE,1692382.0,1138699.0,515773.0,508054.0,578.0,48580.0,71510.0,405496.0,-102558.0,"ОБЩЕСТВО С ОГРАНИЧЕННОЙ ОТВЕТСТВЕННОСТЬЮ ""ДОРОЖНО-ЭКСПЛУАТАЦИОННОЕ ПРЕДПРИЯТИЕ № 17""",Среднее предприятие,41.2,67.0,37 - Ивановская область,Ивановский р-н,,,10.08.2019,полная,508632.0,508054.0,0.3005420761979269,0.2396007520760679,False,Ивановская область,Ивановский,Ивановский|Ивановская область,56.9167446,41.4352137
1656050350,2024,9258570,,ТАТАРСТАН,САБИНСКИЙ,,БОГАТЫЕ САБЫ,СТРОИТЕЛЕЙ,422060.0,,ACTIVE,1687917.0,1601436.0,16866.0,3213.0,8107.0,9600.0,15146.0,1635.0,-1578.0,"ОБЩЕСТВО С ОГРАНИЧЕННОЙ ОТВЕТСТВЕННОСТЬЮ ""РЕМОНТСТРОЙСЕРВИС""",Среднее предприятие,41.2,89.0,16 - Республика Татарстан (Татарстан),Сабинский р-н,,пгт Богатые Сабы,01.08.2016,полная,11320.0,3213.0,0.0067064908997302,0.0009686495248285,False,Республика Татарстан (Татарстан),пгт Богатые Сабы,пгт Богатые Сабы|Республика Татарстан (Татарстан),56.0106232,50.4467802
7802651514,2024,10521535,,САНКТ-ПЕТЕРБУРГ,,,,КАНАЛА ГРИБОЕДОВА,191186.0,,ACTIVE,1685280.0,1619661.0,10381.0,11367.0,0.0,59421.0,62108.0,9081.0,-2286.0,"ОБЩЕСТВО С ОГРАНИЧЕННОЙ ОТВЕТСТВЕННОСТЬЮ ""ПРОМЫШЛЕННОЕ СТРОИТЕЛЬСТВО""",Среднее предприятие,41.2,125.0,78 - г.Санкт-Петербург,,,,10.02.2018,полная,11367.0,11367.0,0.0067448732554827,0.0053884221019652,False,г.Санкт-Петербург,Санкт-Петербург,Санкт-Петербург|г.Санкт-Петербург,59.9606739,30.1586551
2311179474,2024,8858603,,КРАСНОДАРСКИЙ,,КРАСНОДАР,,КРАСНЫХ ПАРТИЗАН,350049.0,41.20,ACTIVE,1684625.0,1536091.0,93848.0,89886.0,5902.0,1488.0,28354.0,67292.0,-22268.0,"ОБЩЕСТВО С ОГРАНИЧЕННОЙ ОТВЕТСТВЕННОСТЬЮ ""ВСВ-РЕГИОНСТРОЙ""",Малое предприятие,41.2,12.0,23 - Краснодарский край,,г Краснодар,,01.08.2016,полная,95788.0,89886.0,0.0568601320768717,0.0399447948356459,False,Краснодарский край,Краснодар,Краснодар|Краснодарский край,45.0351532,38.9772396
7810244569,2024,5027298,,САНКТ-ПЕТЕРБУРГ,,,,ОРДЖОНИКИДЗЕ,196233.0,68.10.21,ACTIVE,1684189.0,1248258.0,305907.0,66037.0,91259.0,116092.0,375951.0,1611.0,-64426.0,"ОБЩЕСТВО С ОГРАНИЧЕННОЙ ОТВЕТСТВЕННОСТЬЮ ""НАУЧНО-ПРОИЗВОДСТВЕННОЕ ОБЪЕДИНЕНИЕ ""ПИГМЕНТ""",Среднее предприятие,41.2,67.0,78 - г.Санкт-Петербург,,,,10.07.2023,полная,157296.0,66037.0,0.0933956937137102,0.0009565434758213,False,г.Санкт-Петербург,Санкт-Петербург,Санкт-Петербург|г.Санкт-Петербург,59.9606739,30.1586551
1435138983,2024,5488502,,САХА (ЯКУТИЯ),,ЯКУТСК,,ПЕСЧАНАЯ,677015.0,41.2,ACTIVE,1679029.0,1448151.0,189891.0,141741.0,15145.0,150233.0,185751.0,119511.0,-22230.0,"ОБЩЕСТВО С ОГРАНИЧЕННОЙ ОТВЕТСТВЕННОСТЬЮ СПЕЦИАЛИЗИРОВАННЫЙ ЗАСТРОЙЩИК ""ОПТИМА-СТРОЙ""",Малое предприятие,41.2,14.0,14 - Республика Саха (Якутия),,г Якутск,,01.08.2016,полная,156886.0,141741.0,0.0934385290545904,0.0711786395589355,False,Республика Саха (Якутия),Якутск,Якутск|Республика Саха (Якутия),62.0274078,129.7319787
7724403783,2024,10136278,,МОСКВА,,,,ЭНТУЗИАСТОВ,105118.0,41.20,ACTIVE,1673298.0,1342966.0,238295.0,146498.0,1472.0,18421.0,110255.0,117198.0,-29300.0,"ОБЩЕСТВО С ОГРАНИЧЕННОЙ ОТВЕТСТВЕННОСТЬЮ ""АВП""",Малое предприятие,41.2,45.0,77 - г.Москва,,,,10.08.2019,полная,147970.0,146498.0,0.0884301541028555,0.0700401243532233,False,г.Москва,Москва,Москва|г.Москва,55.7505412,37.6174782
2902060812,2024,3158987,,АРХАНГЕЛЬСКАЯ,,СЕВЕРОДВИНСК,,ЖЕЛЕЗНОДОРОЖНАЯ,164500.0,42.91.2,ACTIVE,1671838.0,1489693.0,47506.0,60614.0,10003.0,35094.0,22608.0,46891.0,-12123.0,"ОБЩЕСТВО С ОГРАНИЧЕННОЙ ОТВЕТСТВЕННОСТЬЮ ""ГТ СЕВЕР""",Среднее предприятие,41.2,247.0,29 - Архангельская область,,г Северодвинск,,01.08.2016,полная,70617.0,60614.0,0.0422391403951818,0.0280475739874317,False,Архангельская область,Северодвинск,Северодвинск|Архангельская область,64.563385,39.823769
7733712788,2024,338503,,МОСКВА,,,,НОВОХОРОШЕВСКИЙ,123308.0,41.2,ACTIVE,1669114.0,1414030.0,136152.0,108478.0,1183.0,5593.0,34574.0,76793.0,-31394.0,"ОБЩЕСТВО С ОГРАНИЧЕННОЙ ОТВЕТСТВЕННОСТЬЮ ""ИНЖ-СТАЙЛ""",Малое предприятие,41.2,53.0,77 - г.Москва,,,,01.08.2016,полная,109661.0,108478.0,0.0657001259350769,0.046008241498184,False,г.Москва,Москва,Москва|г.Москва,55.7505412,37.6174782
5047068564,2024,4244060,,МОСКОВСКАЯ,,ХИМКИ,ЕЛИНО,ЛЕТНЯЯ,141441.0,41.20,ACTIVE,1668780.0,1436655.0,41633.0,51741.0,0.0,32267.0,68715.0,39856.0,-11880.0,"ОБЩЕСТВО С ОГРАНИЧЕННОЙ ОТВЕТСТВЕННОСТЬЮ ""ГУД ВУД""",Малое предприятие,41.2,57.0,50 - Московская область,,г Химки,,01.08.2016,полная,51741.0,51741.0,0.0310052852982418,0.0238833159553685,False,Московская область,Химки,Химки|Московская область,55.8917293,37.4396994
5638050428,2024,6399768,,ОРЕНБУРГСКАЯ,ОРЕНБУРГСКИЙ,,БЛАГОСЛОВЕНКА,КООПЕРАТИВНАЯ,460525.0,,ACTIVE,1668478.0,1486386.0,153703.0,352945.0,0.0,29644.0,26290.0,282356.0,-70589.0,"ОБЩЕСТВО С ОГРАНИЧЕННОЙ ОТВЕТСТВЕННОСТЬЮ ""УРАЛЬСКАЯ ИНВЕСТИЦИОННАЯ КОМПАНИЯ""",Среднее предприятие,41.2,189.0,56 - Оренбургская область,Оренбургский р-н,,с Благословенка,10.07.2023,полная,352945.0,352945.0,0.2115371014781135,0.1692296811824908,False,Оренбургская область,Благословенка,Благословенка|Оренбургская область,51.7124674,55.3149169
8602201809,2024,7792315,,МОСКВА,,,,ВЕРХНЯЯ КРАСНОСЕЛЬСКАЯ,107140.0,,ACTIVE,1666392.0,1482962.0,43854.0,28176.0,21759.0,65811.0,59730.0,22541.0,-5635.0,"ОБЩЕСТВО С ОГРАНИЧЕННОЙ ОТВЕТСТВЕННОСТЬЮ СТРОИТЕЛЬНО-ПРОМЫШЛЕННЫЙ ХОЛДИНГ ""СИНЕРГИЯ""",Среднее предприятие,41.2,165.0,77 - г.Москва,,,,01.08.2016,полная,49935.0,28176.0,0.0299659383866461,0.0135268292214556,False,г.Москва,Москва,Москва|г.Москва,55.7505412,37.6174782
3241006974,2024,1299787,,МОСКВА,,,,1-Я БОЕВСКАЯ,107014.0,,ACTIVE,1663686.0,1620069.0,43617.0,40791.0,5663.0,21965.0,19156.0,28903.0,-11120.0,"ОБЩЕСТВО С ОГРАНИЧЕННОЙ ОТВЕТСТВЕННОСТЬЮ ""КЛИНЦОВСКОЕ СПЕЦУПРАВЛЕНИЕ МЕХАНИЗАЦИИ""",Среднее предприятие,41.2,158.0,77 - г.Москва,,,,01.08.2016,полная,46454.0,40791.0,0.02792233630625,0.0173728696400642,False,г.Москва,Москва,Москва|г.Москва,55.7505412,37.6174782
7716834257,2024,9926723,,ЧЕЧЕНСКАЯ,,ГРОЗНЫЙ,,ИМ Г.Н.ТРОШЕВА,364020.0,41.20,LIQUIDATION_STAGE,1663102.0,1448167.0,12939.0,5432.0,319.0,27065.0,34655.0,3559.0,-1873.0,"ОБЩЕСТВО С ОГРАНИЧЕННОЙ ОТВЕТСТВЕННОСТЬЮ ""СТРОИТЕЛЬНАЯ КОМПАНИЯ НОРД""",Малое предприятие,41.2,44.0,77 - г.Москва,,,,10.08.2018,полная,5751.0,5432.0,0.003457995961763,0.0021399769827707,False,г.Москва,ГРОЗНЫЙ,ГРОЗНЫЙ|г.Москва,43.3197031,45.6934308
7733661420,2024,2095311,,МОСКВА,КОММУНАРКА,,КОММУНАРКА,АЛЕКСАНДРЫ МОНАХОВОЙ,108814.0,41.20,ACTIVE,1660423.0,1419462.0,104932.0,140393.0,370.0,5040.0,9034.0,112297.0,-28091.0,"ОБЩЕСТВО С ОГРАНИЧЕННОЙ ОТВЕТСТВЕННОСТЬЮ ""СК КАСКАД""",Малое предприятие,41.2,25.0,77 - г.Москва,Сосенское п,,п Коммунарка,01.08.2016,полная,140763.0,140393.0,0.0847753855493449,0.0676315613551486,False,г.Москва,Коммунарка,Коммунарка|г.Москва,55.5703217,37.4757622
6330032139,2024,5396207,,МОСКВА,,,,ЛЕНИНСКАЯ СЛОБОДА,115280.0,43.11.1,ACTIVE,1659538.0,1557313.0,73665.0,192208.0,12394.0,135371.0,19058.0,137737.0,-54471.0,"ОБЩЕСТВО С ОГРАНИЧЕННОЙ ОТВЕТСТВЕННОСТЬЮ ""РСГ-ГРУПП""",Среднее предприятие,41.2,235.0,77 - г.Москва,,,,10.08.2017,полная,204602.0,192208.0,0.1232885296992295,0.0829971956050418,False,г.Москва,Москва,Москва|г.Москва,55.7505412,37.6174782
7842466003,2024,1605380,,ДАГЕСТАН,,КАСПИЙСК,,АКУЛИНИЧЕВА,368300.0,,ACTIVE,1651978.0,1533269.0,37769.0,8015.0,0.0,34124.0,63878.0,3923.0,-4091.0,"ОБЩЕСТВО С ОГРАНИЧЕННОЙ ОТВЕТСТВЕННОСТЬЮ ""МАГМА ГРУПП""",Среднее предприятие,41.2,67.0,78 - г.Санкт-Петербург,,,,10.07.2023,полная,8015.0,8015.0,0.0048517595270639,0.0023747289612815,False,г.Санкт-Петербург,КАСПИЙСК,КАСПИЙСК|г.Санкт-Петербург,42.8921817,47.6372105
7112500727,2024,1920095,,ТУЛЬСКАЯ,БОГОРОДИЦКИЙ,БОГОРОДИЦК,,КОММУНАРОВ,301835.0,,ACTIVE,1650239.0,1517141.0,59819.0,58752.0,2798.0,53197.0,59930.0,41783.0,-12923.0,"ОБЩЕСТВО С ОГРАНИЧЕННОЙ ОТВЕТСТВЕННОСТЬЮ ""СТРОЙЦЕНТР+""",Среднее предприятие,41.2,83.0,71 - Тульская область,Богородицкий р-н,г Богородицк,,01.08.2016,полная,61550.0,58752.0,0.0372976277981553,0.0253193628316868,False,Тульская область,Богородицк,Богородицк|Тульская область,53.773571,38.126965
2464122130,2024,9407825,,КРАСНОЯРСКИЙ,,КРАСНОЯРСК,,КАРАМЗИНА,660012.0,71.12.2,ACTIVE,1645570.0,1586880.0,32960.0,29658.0,1403.0,83423.0,85690.0,21862.0,-7796.0,"ОБЩЕСТВО С ОГРАНИЧЕННОЙ ОТВЕТСТВЕННОСТЬЮ ""СТРОИТЕЛЬНАЯ КОМПАНИЯ ""АВАНГАРД""",Среднее предприятие,41.2,62.0,24 - Красноярский край,,г Красноярск,,10.07.2021,полная,31061.0,29658.0,0.01887552641334,0.0132853661649155,False,Красноярский край,Красноярск,Красноярск|Красноярский край,56.0091173,92.872586
3907000135,2024,5823194,,КАЛИНИНГРАДСКАЯ,,КАЛИНИНГРАД,,В.ДЕНИСОВА,236043.0,,ACTIVE,1643068.0,1509292.0,23878.0,33643.0,13520.0,41794.0,18509.0,26914.0,-6729.0,"ОБЩЕСТВО С ОГРАНИЧЕННОЙ ОТВЕТСТВЕННОСТЬЮ ""МЕГАПОЛИС""",Среднее предприятие,41.2,129.0,39 - Калининградская область,,г Калининград,,01.08.2016,полная,47163.0,33643.0,0.0287042289180971,0.0163803324025542,False,Калининградская область,Калининград,Калининград|Калининградская область,54.710128,20.5105838
4823038399,2024,4355859,,ЛИПЕЦКАЯ,,ЛИПЕЦК,,9-ГО МАЯ,398017.0,68.10.21,ACTIVE,1642546.0,1518679.0,123867.0,54784.0,41279.0,2338.0,41833.0,42969.0,-11815.0,"ОТКРЫТОЕ АКЦИОНЕРНОЕ ОБЩЕСТВО ТРЕСТ ""ЛИПЕЦКСТРОЙ""",Среднее предприятие,41.2,52.0,48 - Липецкая область,,г Липецк,,10.08.2020,полная,96063.0,54784.0,0.0584842068349988,0.0261599979543951,False,Липецкая область,Липецк,Липецк|Липецкая область,52.6051488,39.5963775
2301093108,2024,9972586,,КРАСНОДАРСКИЙ,АНАПСКИЙ,АНАПА,,ПИОНЕРСКИЙ,353456.0,41.20,ACTIVE,1640986.0,1521512.0,57577.0,5031.0,20545.0,4112.0,36113.0,-247.0,-5278.0,"ОБЩЕСТВО С ОГРАНИЧЕННОЙ ОТВЕТСТВЕННОСТЬЮ ""СТРОЙЭКСПЕРТ""",Малое предприятие,41.2,45.0,23 - Краснодарский край,Анапский р-н,г Анапа,,10.11.2016,полная,25576.0,5031.0,0.0155857514933095,-0.0001505192609808,False,Краснодарский край,Анапа,Анапа|Краснодарский край,44.894272,37.316887
7731513145,2024,2059569,,МОСКВА,,,,ОРДЖОНИКИДЗЕ,115419.0,41.2,ACTIVE,1636581.0,1579410.0,-10150.0,1231.0,0.0,15309.0,11787.0,843.0,-210.0,"ОБЩЕСТВО С ОГРАНИЧЕННОЙ ОТВЕТСТВЕННОСТЬЮ ""СИНТЕСИС РУС""",Малое предприятие,41.2,20.0,77 - г.Москва,,,,10.06.2017,полная,1231.0,1231.0,0.0007521778634849,0.0005150982444498,False,г.Москва,Москва,Москва|г.Москва,55.7505412,37.6174782
7723568486,2024,5096225,,МОСКВА,,,,ЛЕНИНСКИЙ,119421.0,41.20,ACTIVE,1631810.0,1333127.0,79879.0,78141.0,209.0,301.0,9427.0,60033.0,-17929.0,"ОБЩЕСТВО С ОГРАНИЧЕННОЙ ОТВЕТСТВЕННОСТЬЮ ""ЮГО-СТРОЙ""",Малое предприятие,41.2,75.0,77 - г.Москва,,,,01.08.2016,полная,78350.0,78141.0,0.0480141683161642,0.03678920952807,False,г.Москва,Москва,Москва|г.Москва,55.7505412,37.6174782
7728896297,2024,8941568,,МОСКВА,,,,БУТЛЕРОВА,117342.0,41.20,ACTIVE,1628533.0,1286346.0,39871.0,19658.0,126.0,40974.0,61531.0,15367.0,-4291.0,"ОБЩЕСТВО С ОГРАНИЧЕННОЙ ОТВЕТСТВЕННОСТЬЮ ""ВЕРТИКАЛЬ СТРОЙ""",Малое предприятие,41.2,22.0,77 - г.Москва,,,,01.08.2016,полная,19784.0,19658.0,0.012148356834034,0.0094360998518298,False,г.Москва,Москва,Москва|г.Москва,55.7505412,37.6174782
6670417055,2024,8330644,,СВЕРДЛОВСКАЯ,,ЕКАТЕРИНБУРГ,,ГОРЬКОГО,620075.0,71.12.2,ACTIVE,1622723.0,1474298.0,-55061.0,-5712.0,41.0,63035.0,24387.0,-5041.0,669.0,"ОБЩЕСТВО С ОГРАНИЧЕННОЙ ОТВЕТСТВЕННОСТЬЮ ""НОВЭЛСТРОЙ""",Малое предприятие,41.2,31.0,66 - Свердловская область,,г Екатеринбург,,01.08.2016,полная,-5671.0,-5712.0,-0.0034947430954019,-0.0031065067790374,False,Свердловская область,Екатеринбург,Екатеринбург|Свердловская область,56.8382071,60.6007886
9725028948,2024,11242627,,МОСКВА,,,,ЭЛЕКТРОДНАЯ,111524.0,,ACTIVE,1621716.0,1535384.0,46280.0,11250.0,0.0,926.0,35956.0,4749.0,-6501.0,"ОБЩЕСТВО С ОГРАНИЧЕННОЙ ОТВЕТСТВЕННОСТЬЮ ""ИСВ""",Малое предприятие,41.2,22.0,77 - г.Москва,,,,10.03.2020,полная,11250.0,11250.0,0.0069370962609976,0.0029283795683091,False,г.Москва,Москва,Москва|г.Москва,55.7505412,37.6174782
7703607313,2024,5194145,,МОСКВА,,,,БОЛЬШАЯ ПЕРЕЯСЛАВСКАЯ,129110.0,41.20,ACTIVE,1620460.0,1598854.0,14773.0,8601.0,5041.0,69.0,1401.0,6608.0,-1993.0,"ОБЩЕСТВО С ОГРАНИЧЕННОЙ ОТВЕТСТВЕННОСТЬЮ ""БИЗНЕС ГРУПП""",Малое предприятие,41.2,41.0,77 - г.Москва,,,,01.08.2016,полная,13642.0,8601.0,0.0084185971884526,0.0040778544363946,False,г.Москва,Москва,Москва|г.Москва,55.7505412,37.6174782
5904243246,2024,2507073,,МОСКВА,,,,1-Й НОВОКУЗНЕЦКИЙ,115184.0,41.20,ACTIVE,1619600.0,1387764.0,198420.0,188323.0,10372.0,373592.0,380879.0,145218.0,-43105.0,"ОБЩЕСТВО С ОГРАНИЧЕННОЙ ОТВЕТСТВЕННОСТЬЮ "" СЕВЕРСТРОЙ""",Малое предприятие,41.2,33.0,77 - г.Москва,,,,01.08.2016,полная,198695.0,188323.0,0.1226815263027908,0.0896628797233884,False,г.Москва,Москва,Москва|г.Москва,55.7505412,37.6174782
7713777794,2024,8139567,,МОСКВА,,,,АЛЕКСАНДРА СОЛЖЕНИЦЫНА,109004.0,42.99,ACTIVE,1613504.0,1441905.0,95496.0,55914.0,28428.0,32671.0,43836.0,18717.0,-11697.0,"ОБЩЕСТВО С ОГРАНИЧЕННОЙ ОТВЕТСТВЕННОСТЬЮ ""СОВРЕМЕННЫЕ ТЕХНОЛОГИИ ДОРОЖНОГО СТРОИТЕЛЬСТВА""",Малое предприятие,41.2,52.0,77 - г.Москва,,,,01.08.2016,полная,84342.0,55914.0,0.0522725695133076,0.0116002191503708,False,г.Москва,Москва,Москва|г.Москва,55.7505412,37.6174782
6950126034,2024,3316969,,ТВЕРСКАЯ,,ТВЕРЬ,,ЛЕВИТАНА,170043.0,41.20,ACTIVE,1612444.0,1343674.0,12053.0,45224.0,6809.0,149731.0,115083.0,33756.0,-10889.0,"ОБЩЕСТВО С ОГРАНИЧЕННОЙ ОТВЕТСТВЕННОСТЬЮ ""ТВЕРЬ-ГРАНД""",Малое предприятие,41.2,56.0,69 - Тверская область,,г Тверь,,01.08.2016,полная,52033.0,45224.0,0.0322696478141256,0.0209346805222382,False,Тверская область,Тверь,Тверь|Тверская область,56.8596713,35.8952416
9102021253,2024,8803184,,КРЫМ,,СИМФЕРОПОЛЬ,,ДАНИЛОВА,295021.0,41.20,ACTIVE,1610074.0,1447917.0,109294.0,107740.0,168.0,25854.0,27240.0,85969.0,-21771.0,"ОБЩЕСТВО С ОГРАНИЧЕННОЙ ОТВЕТСТВЕННОСТЬЮ ""КУБ""",Малое предприятие,41.2,25.0,91 - Республика Крым,,г Симферополь,,10.10.2016,полная,107908.0,107740.0,0.0670205220381175,0.053394440255541,False,Республика Крым,Симферополь,Симферополь|Республика Крым,55.1649534,37.4677697
1604010540,2024,9604213,,ТАТАРСТАН,АКТАНЫШСКИЙ,,АНЯКОВО,Ш.ШАЙМИЕВА,423730.0,41.20,ACTIVE,1605252.0,1565179.0,2067.0,6233.0,7028.0,10404.0,841.0,4770.0,-1463.0,"ОБЩЕСТВО С ОГРАНИЧЕННОЙ ОТВЕТСТВЕННОСТЬЮ СТРОИТЕЛЬНАЯ КОМПАНИЯ ""СТРОЙИНВЕСТИНЖИНИРИНГ""",Среднее предприятие,41.2,31.0,16 - Республика Татарстан (Татарстан),Актанышский р-н,,д Аняково,01.08.2016,полная,13261.0,6233.0,0.0082610082404507,0.0029714960641693,False,Республика Татарстан (Татарстан),Аняково,Аняково|Республика Татарстан (Татарстан),55.5316214,53.5087391
4632297547,2024,12214954,,КУРСКАЯ,,КУРСК,,ДЗЕРЖИНСКОГО,305000.0,,ACTIVE,1604953.0,1138724.0,317949.0,81372.0,220374.0,1220.0,22159.0,65081.0,-16291.0,"АКЦИОНЕРНОЕ ОБЩЕСТВО ""СТРОИТЕЛЬНЫЙ ХОЛДИНГ ТЕЗИС""",Среднее предприятие,41.2,,46 - Курская область,,г Курск,,10.08.2023,полная,301746.0,81372.0,0.1880092438844003,0.0405500971056473,False,Курская область,Курск,Курск|Курская область,51.7309249,36.1923123
3435052585,2024,5539425,,ВОЛГОГРАДСКАЯ,,ВОЛЖСКИЙ,,ИМ ЛЕНИНА,404133.0,,ACTIVE,1603434.0,1559929.0,20317.0,15031.0,6.0,15674.0,20954.0,11765.0,-3479.0,"ОБЩЕСТВО С ОГРАНИЧЕННОЙ ОТВЕТСТВЕННОСТЬЮ ""СТРОИТЕЛЬНАЯ КОМПАНИЯ ""ФЛАГМАН""",Среднее предприятие,41.2,143.0,34 - Волгоградская область,,г Волжский,,10.08.2017,полная,15037.0,15031.0,0.0093779974729237,0.0073373771542826,False,Волгоградская область,Волжский,Волжский|Волгоградская область,48.7862021,44.7519454
7701529116,2024,4667677,,МОСКВА,,,,КРЖИЖАНОВСКОГО,117218.0,68.10.21,ACTIVE,1600290.0,1429706.0,75195.0,45935.0,200684.0,1691468.0,1561330.0,31623.0,-16488.0,"ОБЩЕСТВО С ОГРАНИЧЕННОЙ ОТВЕТСТВЕННОСТЬЮ ""БАУ ЭКСПЕРТИЗ ПРОЖЕКТИЕРУНГ""",Малое предприятие,41.2,50.0,77 - г.Москва,,,,10.08.2021,полная,246619.0,45935.0,0.1541089427541258,0.0197607933562041,False,г.Москва,Москва,Москва|г.Москва,55.7505412,37.6174782
6673227920,2024,3513280,,СВЕРДЛОВСКАЯ,,ЕКАТЕРИНБУРГ,,БЛЮХЕРА,620137.0,,ACTIVE,1599837.0,1502960.0,33372.0,47890.0,23609.0,81272.0,48123.0,32417.0,-15467.0,"ОБЩЕСТВО С ОГРАНИЧЕННОЙ ОТВЕТСТВЕННОСТЬЮ ""СТРОИТЕЛЬНО-МОНТАЖНАЯ КОМПАНИЯ ""ПРАЙД""",Среднее предприятие,41.2,232.0,66 - Свердловская область,,г Екатеринбург,,10.07.2023,полная,71499.0,47890.0,0.0446914279392213,0.0202626892614685,False,Свердловская область,Екатеринбург,Екатеринбург|Свердловская область,56.8382071,60.6007886
3128001437,2024,1160797,,БЕЛГОРОДСКАЯ,,СТАРЫЙ ОСКОЛ,,ОЛИМПИЙСКИЙ,309511.0,,ACTIVE,1598583.0,907063.0,288622.0,581869.0,2383.0,136597.0,117679.0,477669.0,-104200.0,"АКЦИОНЕРНОЕ ОБЩЕСТВО СПЕЦИАЛИЗИРОВАННЫЙ ЗАСТРОЙЩИК ""КМАПРОЕКТЖИЛСТРОЙ""",Среднее предприятие,41.2,241.0,31 - Белгородская область,,г Старый Оскол,,10.07.2023,полная,584252.0,581869.0,0.3654811792693904,0.2988077566194561,False,Белгородская область,Старый Оскол,Старый Оскол|Белгородская область,51.298038,37.833202
3906314996,2024,8340540,,КАЛИНИНГРАДСКАЯ,ГУРЬЕВСКИЙ,,НЕВСКОЕ,ИНДУСТРИАЛЬНАЯ,236029.0,,ACTIVE,1594653.0,1408783.0,140383.0,139223.0,1365.0,6965.0,18186.0,107766.0,-31457.0,"ОБЩЕСТВО С ОГРАНИЧЕННОЙ ОТВЕТСТВЕННОСТЬЮ ""СТРОИТЕЛЬНАЯ КОМПАНИЯ ""ЧИСТОГРАД""",Среднее предприятие,41.2,63.0,39 - Калининградская область,Гурьевский р-н,,п Невское,01.08.2016,полная,140588.0,139223.0,0.0881621268075249,0.0675795925508559,False,Калининградская область,Невское,Невское|Калининградская область,54.5251387,20.6030092
5503081397,2024,4354520,,САНКТ-ПЕТЕРБУРГ,,,,ЖУКОВСКОГО,191036.0,41.20,ACTIVE,1594029.0,1486283.0,61080.0,18896.0,23484.0,18726.0,39223.0,14587.0,-4309.0,"ОБЩЕСТВО С ОГРАНИЧЕННОЙ ОТВЕТСТВЕННОСТЬЮ ""СТРОИТЕЛЬНАЯ КОМПАНИЯ ""СИБИКОМ""",Малое предприятие,41.2,84.0,78 - г.Санкт-Петербург,,,,01.08.2016,полная,42380.0,18896.0,0.0265867183093908,0.0091510254832252,False,г.Санкт-Петербург,Санкт-Петербург,Санкт-Петербург|г.Санкт-Петербург,59.9606739,30.1586551
7743744940,2024,3204728,,МОСКВА,,,,КУЛАКОВА,123592.0,41.2,ACTIVE,1593617.0,1042585.0,147176.0,148411.0,0.0,8972.0,9094.0,118729.0,-29682.0,"ОБЩЕСТВО С ОГРАНИЧЕННОЙ ОТВЕТСТВЕННОСТЬЮ ""АЦИС КОНСТРАКШН""",Малое предприятие,41.2,10.0,77 - г.Москва,,,,01.08.2016,полная,148411.0,148411.0,0.0931283991071882,0.0745028447864198,False,г.Москва,Москва,Москва|г.Москва,55.7505412,37.6174782
1660339627,2024,11219011,,ТАТАРСТАН,,КАЗАНЬ,,АДЕЛЯ КУТУЯ,420087.0,41.20,ACTIVE,1592682.0,1479364.0,37786.0,38476.0,9879.0,21222.0,11373.0,27401.0,-7695.0,"ОБЩЕСТВО С ОГРАНИЧЕННОЙ ОТВЕТСТВЕННОСТЬЮ ""СФЕРА""",Малое предприятие,41.2,45.0,16 - Республика Татарстан (Татарстан),,г Казань,,10.01.2020,полная,48355.0,38476.0,0.0303607374227874,0.0172043132276248,False,Республика Татарстан (Татарстан),Казань,Казань|Республика Татарстан (Татарстан),55.8257401,49.2192791
2543051851,2024,8622166,,ПРИМОРСКИЙ,,ВЛАДИВОСТОК,,СВЕТЛАНСКАЯ,690091.0,41.20,ACTIVE,1590342.0,1504472.0,40756.0,42590.0,2464.0,41892.0,37622.0,28317.0,-14205.0,"ОБЩЕСТВО С ОГРАНИЧЕННОЙ ОТВЕТСТВЕННОСТЬЮ ""АТР-СТРОЙ""",Малое предприятие,41.2,10.0,25 - Приморский край,,г Владивосток,,01.08.2016,полная,45054.0,42590.0,0.0283297554865557,0.0178056040776134,False,Приморский край,Владивосток,Владивосток|Приморский край,43.1150678,131.8855768
5507254386,2024,10201736,,ОМСКАЯ,,ОМСК,,ГРАНИЧНАЯ,644015.0,,LIQUIDATION_STAGE,1588104.0,1740481.0,-275970.0,-318442.0,12753.0,324755.0,360958.0,-318442.0,-3199.0,"ОБЩЕСТВО С ОГРАНИЧЕННОЙ ОТВЕТСТВЕННОСТЬЮ ""КАПИТАЛСТРОЙ""",Среднее предприятие,41.2,152.0,55 - Омская область,,г Омск,,10.05.2017,полная,-305689.0,-318442.0,-0.1924867640910167,-0.2005170945983386,False,Омская область,Омск,Омск|Омская область,54.991375,73.371529
6623075622,2024,2667051,,СВЕРДЛОВСКАЯ,,НИЖНИЙ ТАГИЛ,,ЛЕНИНА,622034.0,,ACTIVE,1587155.0,1446692.0,61955.0,12397.0,46619.0,15975.0,18914.0,1653.0,-10744.0,"ОБЩЕСТВО С ОГРАНИЧЕННОЙ ОТВЕТСТВЕННОСТЬЮ ""МС-ГРУП""",Малое предприятие,41.2,160.0,66 - Свердловская область,,г Нижний Тагил,,01.08.2016,полная,59016.0,12397.0,0.0371835138975084,0.0010414861812488,False,Свердловская область,Нижний Тагил,Нижний Тагил|Свердловская область,57.9076001,59.97077
5406677836,2024,3837592,,НОВОСИБИРСКАЯ,,НОВОСИБИРСК,,КРИВОЩЕКОВСКАЯ,630007.0,41.20,ACTIVE,1585296.0,1560396.0,,,9948.0,1716.0,1262.0,12325.0,3081.0,"ОБЩЕСТВО С ОГРАНИЧЕННОЙ ОТВЕТСТВЕННОСТЬЮ ""СИБТРАНЗИТСТРОЙ""",Малое предприятие,41.2,173.0,54 - Новосибирская область,,г Новосибирск,,01.08.2016,упрощённая,25354.0,15406.0,0.0159932277631432,0.0077745733288925,False,Новосибирская область,Новосибирск,Новосибирск|Новосибирская область,54.9678145,82.9515989
4826071443,2024,4265963,,ЛИПЕЦКАЯ,,ЛИПЕЦК,,УШИНСКОГО,398007.0,41.20,ACTIVE,1583675.0,1291560.0,249672.0,131549.0,0.0,20332.0,151719.0,100092.0,-27263.0,"ОБЩЕСТВО С ОГРАНИЧЕННОЙ ОТВЕТСТВЕННОСТЬЮ СПЕЦИАЛИЗИРОВАННЫЙ ЗАСТРОЙЩИК ""СТРОЙМАСТЕР""",Малое предприятие,41.2,11.0,48 - Липецкая область,,г Липецк,,01.08.2016,полная,131549.0,131549.0,0.0830656542535558,0.0632023615956556,False,Липецкая область,Липецк,Липецк|Липецкая область,52.6051488,39.5963775
6686084281,2024,9891715,,СВЕРДЛОВСКАЯ,,Екатеринбург,,ВЕРХ-ИСЕТСКИЙ,620028.0,43.32.3,ACTIVE,1583395.0,1521124.0,9131.0,9348.0,0.0,3276.0,3059.0,6519.0,-2829.0,"ОБЩЕСТВО С ОГРАНИЧЕННОЙ ОТВЕТСТВЕННОСТЬЮ ""ГРАДСТРОЙ""",Малое предприятие,41.2,20.0,66 - Свердловская область,,г Екатеринбург,,10.09.2016,полная,9348.0,9348.0,0.0059037700636922,0.0041171028075748,False,Свердловская область,Екатеринбург,Екатеринбург|Свердловская область,56.8382071,60.6007886
0276156728,2024,8475610,,БАШКОРТОСТАН,,УФА,,БАЯЗИТА БИКБАЯ,450073.0,41.20,ACTIVE,1582868.0,1531099.0,-13624.0,8876.0,0.0,55208.0,34224.0,5124.0,-3752.0,"ОБЩЕСТВО С ОГРАНИЧЕННОЙ ОТВЕТСТВЕННОСТЬЮ ""РЕФСТРОЙПРОЕКТ""",Малое предприятие,41.2,27.0,02 - Республика Башкортостан,,г Уфа,,01.08.2016,полная,8876.0,8876.0,0.0056075427641471,0.0032371619111637,False,Республика Башкортостан,Уфа,Уфа|Республика Башкортостан,54.7261409,55.947499
7105019604,2024,6360859,,МОСКВА,,,,ПОКРОВСКИЙ,109028.0,41.20,ACTIVE,1579947.0,1486530.0,27807.0,23344.0,4933.0,13183.0,12713.0,18341.0,-4939.0,"ОБЩЕСТВО С ОГРАНИЧЕННОЙ ОТВЕТСТВЕННОСТЬЮ ПРОИЗВОДСТВЕННО-КОММЕРЧЕСКАЯ ФИРМА  ""АЛЬТАИР""",Малое предприятие,41.2,84.0,71 - Тульская область,,г Тула,,10.08.2017,полная,28277.0,23344.0,0.0178974358000616,0.011608617251085,False,Тульская область,Тула,Тула|Тульская область,54.1930321,37.61754
7733043569,2024,4797474,,МОСКВА,,,,МИУССКАЯ,125047.0,68.10.21,ACTIVE,1579356.0,1405840.0,61331.0,20965.0,13810.0,24927.0,55001.0,5488.0,-15477.0,"АКЦИОНЕРНОЕ ОБЩЕСТВО ""ТОРОС""",Среднее предприятие,41.2,28.0,77 - г.Москва,,,,10.08.2019,полная,34775.0,20965.0,0.0220184682870739,0.0034748340462821,False,г.Москва,Москва,Москва|г.Москва,55.7505412,37.6174782
2465218282,2024,997687,,МОСКВА,,,,КАХОВКА,117461.0,,ACTIVE,1576193.0,1158282.0,116192.0,90308.0,45016.0,130709.0,129848.0,63877.0,-26431.0,"ОБЩЕСТВО С ОГРАНИЧЕННОЙ ОТВЕТСТВЕННОСТЬЮ ""ИТС""",Среднее предприятие,41.2,100.0,24 - Красноярский край,,г Красноярск,,01.08.2016,полная,135324.0,90308.0,0.0858549682684798,0.0405261284626946,False,Красноярский край,Красноярск,Красноярск|Красноярский край,56.0091173,92.872586
7202100988,2024,7025458,,ТЮМЕНСКАЯ,,ТЮМЕНЬ,,ПЕРМЯКОВА,625013.0,41.20,ACTIVE,1575317.0,1350454.0,143633.0,150156.0,0.0,5925.0,16587.0,117963.0,-32193.0,"ОБЩЕСТВО С ОГРАНИЧЕННОЙ ОТВЕТСТВЕННОСТЬЮ ""ХАУС ГРУПП""",Малое предприятие,41.2,111.0,72 - Тюменская область,,г Тюмень,,10.08.2018,полная,150156.0,150156.0,0.0953179582268203,0.0748820713545273,False,Тюменская область,Тюмень,Тюмень|Тюменская область,57.153534,65.542274
6673210179,2024,4100131,,СВЕРДЛОВСКАЯ,,ЕКАТЕРИНБУРГ,,ТВЕРИТИНА,620026.0,,ACTIVE,1574088.0,1355882.0,115817.0,131214.0,1444.0,37629.0,37032.0,103588.0,-27626.0,"ОБЩЕСТВО С ОГРАНИЧЕННОЙ ОТВЕТСТВЕННОСТЬЮ ""ЭНЕРГОКОМПЛЕКС""",Среднее предприятие,41.2,180.0,66 - Свердловская область,,г Екатеринбург,,01.08.2016,полная,132658.0,131214.0,0.0842761014631964,0.0658082648492333,False,Свердловская область,Екатеринбург,Екатеринбург|Свердловская область,56.8382071,60.6007886
6678068222,2024,9602519,,СВЕРДЛОВСКАЯ,,БЕРЕЗОВСКИЙ,,АЛЕКСАНДРОВСКИЙ,623702.0,42.21,ACTIVE,1572629.0,1256365.0,301719.0,295291.0,1924.0,19445.0,24016.0,236921.0,-58370.0,"ОБЩЕСТВО С ОГРАНИЧЕННОЙ ОТВЕТСТВЕННОСТЬЮ СТРОИТЕЛЬНОЕ УПРАВЛЕНИЕ ""АРСЕНАЛ""",Среднее предприятие,41.2,115.0,66 - Свердловская область,,г Березовский,,01.08.2016,полная,297215.0,295291.0,0.1889924451348665,0.1506528240290621,False,Свердловская область,Березовский,Березовский|Свердловская область,58.6414755,61.8021546
6514009098,2024,7591096,,САХАЛИНСКАЯ,СМИРНЫХОВСКИЙ,,СМИРНЫХ,ПИРОГОВА,694350.0,,ACTIVE,1568240.0,905173.0,621251.0,693300.0,0.0,11764.0,31073.0,550775.0,-142525.0,"ОБЩЕСТВО С ОГРАНИЧЕННОЙ ОТВЕТСТВЕННОСТЬЮ ""ЛИДЕР-СПЕЦИАЛИЗИРОВАННЫЙ ЗАСТРОЙЩИК""",Среднее предприятие,41.2,60.0,65 - Сахалинская область,Смирныховский р-н,,пгт Смирных,01.08.2016,полная,693300.0,693300.0,0.4420879457225934,0.3512058103351528,False,Сахалинская область,пгт Смирных,пгт Смирных|Сахалинская область,49.7423531,142.8320066
7715465840,2024,9170119,,ЧЕЧЕНСКАЯ,,ГРОЗНЫЙ,,ДЬЯКОВА,364049.0,41.20,ACTIVE,1564184.0,1293625.0,215175.0,100719.0,2742.0,93605.0,207329.0,76421.0,-24298.0,"ОБЩЕСТВО С ОГРАНИЧЕННОЙ ОТВЕТСТВЕННОСТЬЮ ""СК НОРМА""",Малое предприятие,41.2,10.0,77 - г.Москва,,,,01.08.2016,полная,103461.0,100719.0,0.0661437529088649,0.048856784112355,False,г.Москва,ГРОЗНЫЙ,ГРОЗНЫЙ|г.Москва,43.3197031,45.6934308
7801629900,2024,8522580,,САНКТ-ПЕТЕРБУРГ,,,,5-Я В.О.,199178.0,41.20,ACTIVE,1562409.0,1472590.0,11833.0,10528.0,1559.0,63849.0,85025.0,1441.0,-9087.0,"ОБЩЕСТВО С ОГРАНИЧЕННОЙ ОТВЕТСТВЕННОСТЬЮ ""СИРИУС""",Малое предприятие,41.2,16.0,78 - г.Санкт-Петербург,,,,01.08.2016,полная,12087.0,10528.0,0.0077361305522433,0.0009222937143859,False,г.Санкт-Петербург,Санкт-Петербург,Санкт-Петербург|г.Санкт-Петербург,59.9606739,30.1586551
7105055881,2024,10803129,,МОСКВА,,,,СЕРГЕЯ МАКЕЕВА,123100.0,,ACTIVE,1559245.0,1480407.0,42016.0,-21933.0,1007.0,627753.0,690695.0,453.0,-17840.0,"ОБЩЕСТВО С ОГРАНИЧЕННОЙ ОТВЕТСТВЕННОСТЬЮ ""РЕГИОНСТРОЙ""",Среднее предприятие,41.2,55.0,77 - г.Москва,,,,10.10.2018,полная,-20926.0,-21933.0,-0.0134205977893147,0.0002905252221427,False,г.Москва,Москва,Москва|г.Москва,55.7505412,37.6174782
7704676969,2024,4375793,,МОСКВА,,,,АВИАМОТОРНАЯ,111024.0,,ACTIVE,1558902.0,1358493.0,154166.0,169842.0,7.0,11284.0,13069.0,135869.0,-33974.0,"ОБЩЕСТВО С ОГРАНИЧЕННОЙ ОТВЕТСТВЕННОСТЬЮ ""ЭНЕРГОСТРОЙРЕСУРС""",Среднее предприятие,41.2,69.0,77 - г.Москва,,,,01.08.2016,полная,169849.0,169842.0,0.1089542511331693,0.0871568578396846,False,г.Москва,Москва,Москва|г.Москва,55.7505412,37.6174782
7707836392,2024,8562740,,МОСКВА,,,,ТОВАРИЩЕСКИЙ,109004.0,41.20,ACTIVE,1555276.0,1534276.0,,,0.0,2424.0,7923.0,12401.0,3100.0,"ОБЩЕСТВО С ОГРАНИЧЕННОЙ ОТВЕТСТВЕННОСТЬЮ ""КОМПЛЕКСНЫЕ СТРОИТЕЛЬНЫЕ СИСТЕМЫ""",Малое предприятие,41.2,25.0,50 - Московская область,,г Чехов,,01.08.2016,упрощённая,15501.0,15501.0,0.0099667197333463,0.0079735043812159,False,Московская область,Чехов,Чехов|Московская область,55.1426603,37.4545328
3663150214,2024,11366603,,ВОРОНЕЖСКАЯ,,ВОРОНЕЖ,,ЛЕНИНГРАДСКАЯ,394007.0,42.11,ACTIVE,1554585.0,1472080.0,-27506.0,38740.0,0.0,59803.0,9001.0,34327.0,-3087.0,"ОБЩЕСТВО С ОГРАНИЧЕННОЙ ОТВЕТСТВЕННОСТЬЮ ""ВМСТК-ЦЕНТР""",Малое предприятие,41.2,101.0,36 - Воронежская область,,г Воронеж,,10.08.2020,полная,38740.0,38740.0,0.0249198339106578,0.0220811341933699,False,Воронежская область,Воронеж,Воронеж|Воронежская область,51.6605982,39.2005858
1650237640,2024,229205,,ТАТАРСТАН,ТУКАЕВСКИЙ,,,СТАРОСАРМАНОВСКАЯ,423800.0,,ACTIVE,1554138.0,1480642.0,48162.0,35061.0,769.0,42411.0,61169.0,26625.0,-8412.0,"ОБЩЕСТВО С ОГРАНИЧЕННОЙ ОТВЕТСТВЕННОСТЬЮ ""ВОЛГОПРОМСТРОЙ""",Малое предприятие,41.2,22.0,16 - Республика Татарстан (Татарстан),Тукаевский р-н,,,01.08.2016,полная,35830.0,35061.0,0.0230545807386474,0.0171316832868123,False,Республика Татарстан (Татарстан),Тукаевский,Тукаевский|Республика Татарстан (Татарстан),55.6212661,52.5969899
7802621171,2024,10229422,,САНКТ-ПЕТЕРБУРГ,,,,9-Я СОВЕТСКАЯ,191015.0,41.20,ACTIVE,1553030.0,1044505.0,441625.0,45.0,2512.0,207690.0,661477.0,36.0,-9.0,"ОБЩЕСТВО С ОГРАНИЧЕННОЙ ОТВЕТСТВЕННОСТЬЮ ""ГРАДСТРОЙ""",Среднее предприятие,41.2,4.0,78 - г.Санкт-Петербург,,,,10.08.2020,полная,2557.0,45.0,0.0016464588578456,2.3180492327900942e-05,False,г.Санкт-Петербург,Санкт-Петербург,Санкт-Петербург|г.Санкт-Петербург,59.9606739,30.1586551
5261090174,2024,8405207,,НИЖЕГОРОДСКАЯ,,НИЖНИЙ НОВГОРОД,КУСАКОВКА,ПОЛЕВАЯ,607635.0,41.20,ACTIVE,1552791.0,1057106.0,454450.0,452436.0,9044.0,20205.0,26975.0,356465.0,-95971.0,"ОБЩЕСТВО С ОГРАНИЧЕННОЙ ОТВЕТСТВЕННОСТЬЮ ""СПЕЦИАЛИЗИРОВАННЫЙ ЗАСТРОЙЩИК ""МОЙ ДОМ КАМЕНКИ""",Малое предприятие,41.2,6.0,52 - Нижегородская область,,г Нижний Новгород,д Кусаковка,01.08.2016,полная,461480.0,452436.0,0.2971938915153423,0.2295640559482892,False,Нижегородская область,Нижний Новгород,Нижний Новгород|Нижегородская область,56.3264816,44.0051395
3811122894,2024,1803666,,ИРКУТСКАЯ,ИРКУТСКИЙ,,ПАТРОНЫ,СВЕТЛАЯ,664531.0,41.2,LIQUIDATION_STAGE,1551030.0,1545426.0,5604.0,-29419.0,15429.0,28744.0,53365.0,-29593.0,-174.0,"ОБЩЕСТВО С ОГРАНИЧЕННОЙ ОТВЕТСТВЕННОСТЬЮ ""СТРОЙЦЕНТР-ИРКУТСК""",Малое предприятие,41.2,41.0,24 - Красноярский край,,г Красноярск,,01.08.2016,полная,-13990.0,-29419.0,-0.0090198126406323,-0.0190795793762854,False,Красноярский край,Красноярск,Красноярск|Красноярский край,56.0091173,92.872586
7448146076,2024,1374595,,ЧЕЛЯБИНСКАЯ,,ЧЕЛЯБИНСК,,ПОБЕДЫ,454112.0,,ACTIVE,1550529.0,1629169.0,-140174.0,35432.0,0.0,291925.0,124172.0,27730.0,-7685.0,"ОБЩЕСТВО С ОГРАНИЧЕННОЙ ОТВЕТСТВЕННОСТЬЮ ""ПРОМИНБУРГ""",Малое предприятие,41.2,166.0,74 - Челябинская область,,г Челябинск,,01.08.2016,полная,35432.0,35432.0,0.022851555823851,0.0178842188698179,False,Челябинская область,Челябинск,Челябинск|Челябинская область,55.1598408,61.4025547
6629003208,2024,6985736,,СВЕРДЛОВСКАЯ,,НОВОУРАЛЬСК,,СЕРОВА,624135.0,,ACTIVE,1548473.0,1359540.0,128106.0,142195.0,0.0,9093.0,19494.0,122426.0,-19769.0,"ОБЩЕСТВО С ОГРАНИЧЕННОЙ ОТВЕТСТВЕННОСТЬЮ ""КОРВЕТ""",Среднее предприятие,41.2,144.0,66 - Свердловская область,,г Новоуральск,,10.08.2019,полная,142195.0,142195.0,0.0918291762271605,0.0790624053503031,False,Свердловская область,Новоуральск,Новоуральск|Свердловская область,57.247047,60.095818
4102009176,2024,6449119,,КАМЧАТСКИЙ,,ВИЛЮЧИНСК,,ПОБЕДЫ,684090.0,,ACTIVE,1547066.0,1393974.0,76855.0,15754.0,4753.0,3070.0,76334.0,8131.0,-7623.0,"ОБЩЕСТВО С ОГРАНИЧЕННОЙ ОТВЕТСТВЕННОСТЬЮ СПЕЦИАЛИЗИРОВАННЫЙ ЗАСТРОЙЩИК ""ТРЕСТ""",Среднее предприятие,41.2,238.0,41 - Камчатский край,,г Вилючинск,,01.08.2016,полная,20507.0,15754.0,0.0132554137961793,0.0052557550873718,False,Камчатский край,Вилючинск,Вилючинск|Камчатский край,52.931834,158.405383
7725316011,2024,9741987,,МОСКВА,,,,КАХОВКА,117303.0,41.20,ACTIVE,1543045.0,1279615.0,123608.0,43183.0,1590.0,32658.0,111493.0,26416.0,-16767.0,"ОБЩЕСТВО С ОГРАНИЧЕННОЙ ОТВЕТСТВЕННОСТЬЮ ""ПРОМЫШЛЕННОЕ ОБЪЕДИНЕНИЕ ""ГИРАКС""",Малое предприятие,41.2,26.0,77 - г.Москва,,,,01.08.2016,полная,44773.0,43183.0,0.0290160040698748,0.0171193970363793,False,г.Москва,Москва,Москва|г.Москва,55.7505412,37.6174782
5506004658,2024,6926821,,ОМСКАЯ,,ОМСК,,1-Я ИНДУСТРИАЛЬНАЯ,644027.0,,ACTIVE,1540459.0,1152604.0,244338.0,300257.0,0.0,74505.0,18586.0,238905.0,-60051.0,"ОБЩЕСТВО С ОГРАНИЧЕННОЙ ОТВЕТСТВЕННОСТЬЮ ""ТОБОЛ""",Среднее предприятие,41.2,227.0,55 - Омская область,,г Омск,,01.08.2016,полная,300257.0,300257.0,0.1949139834296141,0.155086892932561,False,Омская область,Омск,Омск|Омская область,54.991375,73.371529
7813184156,2024,4893056,,САНКТ-ПЕТЕРБУРГ,,,,ТАШКЕНТСКАЯ,196006.0,41.20,ACTIVE,1537927.0,1402424.0,82077.0,19182.0,18165.0,63156.0,107902.0,1355.0,-15639.0,"ОБЩЕСТВО С ОГРАНИЧЕННОЙ ОТВЕТСТВЕННОСТЬЮ ""МИДАС""",Малое предприятие,41.2,34.0,78 - г.Санкт-Петербург,,,,10.08.2019,полная,37347.0,19182.0,0.0242839874714469,0.0008810561229499,False,г.Санкт-Петербург,Санкт-Петербург,Санкт-Петербург|г.Санкт-Петербург,59.9606739,30.1586551
8601038701,2024,1346849,,ХАНТЫ-МАНСИЙСКИЙ АВТОНОМНЫЙ ОКРУГ - ЮГРА,,ХАНТЫ-МАНСИЙСК,,ИРТЫШСКАЯ,628001.0,41.20,ACTIVE,1536095.0,1520117.0,-59495.0,12058.0,13224.0,160153.0,75607.0,9083.0,-2975.0,"ОБЩЕСТВО С ОГРАНИЧЕННОЙ ОТВЕТСТВЕННОСТЬЮ СПЕЦИАЛИЗИРОВАННЫЙ ЗАСТРОЙЩИК ""НОРСТРОЙ""",Малое предприятие,41.2,14.0,86 - Ханты-Мансийский автономный округ - Югра,,г Ханты-Мансийск,,01.08.2016,полная,25282.0,12058.0,0.0164586174683206,0.0059130457426135,False,Ханты-Мансийский автономный округ - Югра,Ханты-Мансийск,Ханты-Мансийск|Ханты-Мансийский автономный округ - Югра,61.8793428,68.6418156
7730682729,2024,7808933,,МОСКВА,,,,МЖД КИЕВСКОЕ 5-Й,119285.0,,ACTIVE,1533325.0,1582843.0,-178995.0,-583052.0,378790.0,53777.0,79860.0,-508508.0,74544.0,"ОБЩЕСТВО С ОГРАНИЧЕННОЙ ОТВЕТСТВЕННОСТЬЮ ""ПЭТРУСКО""",Среднее предприятие,41.2,238.0,77 - г.Москва,,,,10.07.2023,полная,-204262.0,-583052.0,-0.1332150718210425,-0.3316374545513834,False,г.Москва,Москва,Москва|г.Москва,55.7505412,37.6174782
2311170457,2024,8456471,,КРАСНОДАРСКИЙ,,КРАСНОДАР,,ИМ. КОСМОНАВТА ГАГАРИНА,350049.0,41.20,ACTIVE,1532191.0,1481413.0,5322.0,-65.0,10155.0,22125.0,18188.0,3542.0,3607.0,"ОБЩЕСТВО С ОГРАНИЧЕННОЙ ОТВЕТСТВЕННОСТЬЮ ""ФОРВАРД-СТРОЙ""",Малое предприятие,41.2,63.0,23 - Краснодарский край,,г Краснодар,,01.08.2016,полная,10090.0,-65.0,0.0065853408615505,0.0023117222330636,False,Краснодарский край,Краснодар,Краснодар|Краснодарский край,45.0351532,38.9772396
7722412888,2024,10403142,,МОСКВА,,,,1-Й КРАСНОКУРСАНТСКИЙ,111250.0,41.20,ACTIVE,1531835.0,1354987.0,4783.0,-60141.0,18564.0,60635.0,107964.0,-46700.0,13441.0,"ОБЩЕСТВО С ОГРАНИЧЕННОЙ ОТВЕТСТВЕННОСТЬЮ ""ЛЕФОРТОВСКАЯ СТРОИТЕЛЬНАЯ КОМПАНИЯ""",Среднее предприятие,41.2,247.0,77 - г.Москва,,,,10.11.2017,полная,-41577.0,-60141.0,-0.0271419571951287,-0.0304863121680859,False,г.Москва,Москва,Москва|г.Москва,55.7505412,37.6174782
4501090108,2024,6860631,,КУРГАНСКАЯ,,КУРГАН,,КУЙБЫШЕВА,640020.0,41.20,ACTIVE,1530570.0,1443768.0,60503.0,29589.0,19129.0,2825.0,19834.0,23797.0,-5792.0,"ОБЩЕСТВО С ОГРАНИЧЕННОЙ ОТВЕТСТВЕННОСТЬЮ ""ДСМ""",Малое предприятие,41.2,66.0,45 - Курганская область,,г Курган,,01.08.2016,полная,48718.0,29589.0,0.0318299718405561,0.015547802452681,False,Курганская область,Курган,Курган|Курганская область,55.4409357,65.3421169
6670160730,2024,3400351,,СВЕРДЛОВСКАЯ,,ЕКАТЕРИНБУРГ,,СУРИКОВА,620144.0,,ACTIVE,1520188.0,1526188.0,-18761.0,16930.0,0.0,334774.0,299083.0,13271.0,-3647.0,"АКЦИОНЕРНОЕ ОБЩЕСТВО ""ЕКБ-ОТДЕЛСТРОЙ""",Среднее предприятие,41.2,53.0,66 - Свердловская область,,г Екатеринбург,,10.08.2017,полная,16930.0,16930.0,0.0111367804508389,0.0087298413091012,False,Свердловская область,Екатеринбург,Екатеринбург|Свердловская область,56.8382071,60.6007886
4823058324,2024,8297829,,ЛИПЕЦКАЯ,,ЛИПЕЦК,,З.КОСМОДЕМЬЯНСКОЙ,398041.0,33.12,ACTIVE,1518601.0,1296061.0,243.0,112.0,0.0,5860.0,5991.0,23.0,-89.0,"ОБЩЕСТВО С ОГРАНИЧЕННОЙ ОТВЕТСТВЕННОСТЬЮ ""ЭКОВЕНТМОНТАЖ""",Среднее предприятие,41.2,249.0,48 - Липецкая область,,г Липецк,,10.12.2022,полная,112.0,112.0,7.375209156322168e-05,1.5145518803161594e-05,False,Липецкая область,Липецк,Липецк|Липецкая область,52.6051488,39.5963775
2007007150,2024,11279928,,ЧЕЧЕНСКАЯ,НАДТЕРЕЧНЫЙ,,БРАТСКОЕ,МИРА,366816.0,41.20,ACTIVE,1518513.0,1516623.0,1890.0,1890.0,0.0,0.0,0.0,1512.0,-378.0,"ОБЩЕСТВО С ОГРАНИЧЕННОЙ ОТВЕТСТВЕННОСТЬЮ ""РУСАМ""",Малое предприятие,41.2,10.0,20 - Чеченская Республика,Надтеречный р-н,,с Братское,10.04.2020,полная,1890.0,1890.0,0.0012446386695405,0.0009957109356324,False,Чеченская Республика,Братское,Братское|Чеченская Республика,43.4,45.7
5032234040,2024,9683314,,МОСКОВСКАЯ,ОДИНЦОВО,,,АКУЛОВСКАЯ,143002.0,,ACTIVE,1517892.0,1462822.0,6385.0,19757.0,0.0,1366.0,1584.0,19531.0,-223.0,"ОБЩЕСТВО С ОГРАНИЧЕННОЙ ОТВЕТСТВЕННОСТЬЮ ""М ГРУПП""",Среднее предприятие,41.2,25.0,50 - Московская область,Одинцово г,,,01.08.2016,полная,19757.0,19757.0,0.0130160775601953,0.0128671868617793,False,Московская область,Одинцово,Одинцово|Московская область,55.678223,37.2668096
7106047347,2024,9784713,,ТУЛЬСКАЯ,,ТУЛА,,К.МАРКСА,300001.0,41.20,ACTIVE,1517199.0,1188466.0,252309.0,263797.0,1311.0,314.0,9950.0,208408.0,-55389.0,"ОБЩЕСТВО С ОГРАНИЧЕННОЙ ОТВЕТСТВЕННОСТЬЮ ""СТРОЙЭТАЛОН ФИНАНС""",Малое предприятие,41.2,60.0,71 - Тульская область,,г Тула,,01.08.2016,полная,265108.0,263797.0,0.1747351533978074,0.1373636549984543,False,Тульская область,Тула,Тула|Тульская область,54.1930321,37.61754
2020001447,2024,422829,,ЧЕЧЕНСКАЯ,ГУДЕРМЕССКИЙ,ГУДЕРМЕС,,ГРОЗНЕНСКАЯ,366206.0,41.20,ACTIVE,1515963.0,1502479.0,13484.0,46366.0,0.0,30914.0,4648.0,37093.0,-9273.0,"ПРЕДПРИЯТИЕ ""УСПЕХ"" ОБЩЕСТВО С ОГРАНИЧЕННОЙ ОТВЕТСТВЕННОСТЬЮ",Малое предприятие,41.2,64.0,20 - Чеченская Республика,Гудермесский р-н,г Гудермес,,01.08.2016,полная,46366.0,46366.0,0.0305851791897295,0.0244682752811249,False,Чеченская Республика,Гудермес,Гудермес|Чеченская Республика,43.4,45.7
3123378447,2024,9562823,,БЕЛГОРОДСКАЯ,,БЕЛГОРОД,,ГОРЬКОГО,308019.0,41.20,ACTIVE,1514871.0,1429787.0,,,15047.0,20563.0,24265.0,47132.0,19203.0,"ОБЩЕСТВО С ОГРАНИЧЕННОЙ ОТВЕТСТВЕННОСТЬЮ ""ЭРИОНСТРОЙГРУПП""",Малое предприятие,41.2,55.0,31 - Белгородская область,,г Белгород,,01.08.2016,упрощённая,81382.0,66335.0,0.0537220661033183,0.0311128802386473,False,Белгородская область,Белгород,Белгород|Белгородская область,50.5955595,36.5873394
6230101830,2024,10084899,,РЯЗАНСКАЯ,,РЯЗАНЬ,,РЯЖСКОЕ,390011.0,41.20,ACTIVE,1512688.0,1457411.0,3599.0,34770.0,0.0,53922.0,27256.0,29440.0,-5330.0,"ОБЩЕСТВО С ОГРАНИЧЕННОЙ ОТВЕТСТВЕННОСТЬЮ ""СТК-СТРОЙ""",Малое предприятие,41.2,33.0,62 - Рязанская область,,г Рязань,,10.02.2017,полная,34770.0,34770.0,0.0229855727023682,0.0194620437261352,False,Рязанская область,Рязань,Рязань|Рязанская область,54.6295687,39.7425039
5905952421,2024,8990990,,ПЕРМСКИЙ,,ПЕРМЬ,,3-Я ТЕПЛОПРОВОДНАЯ,614065.0,41.20,ACTIVE,1510554.0,1412024.0,88141.0,17053.0,0.0,8704.0,79792.0,13640.0,-3413.0,"ОБЩЕСТВО С ОГРАНИЧЕННОЙ ОТВЕТСТВЕННОСТЬЮ ""ТНК""",Малое предприятие,41.2,5.0,59 - Пермский край,,г Пермь,,01.08.2016,полная,17053.0,17053.0,0.0112892356049502,0.0090297996629051,False,Пермский край,Пермь,Пермь|Пермский край,58.0108531,56.2318528
3620012805,2024,4914700,,ВОРОНЕЖСКАЯ,ПАВЛОВСКИЙ,ПАВЛОВСК,,СЕВЕРНЫЙ,396420.0,,ACTIVE,1510067.0,1493582.0,12390.0,24594.0,0.0,17465.0,5261.0,19675.0,-4919.0,"ОБЩЕСТВО С ОГРАНИЧЕННОЙ ОТВЕТСТВЕННОСТЬЮ ""ДОН-СТРОЙ""",Среднее предприятие,41.2,65.0,36 - Воронежская область,Павловский р-н,г Павловск,,01.08.2016,полная,24594.0,24594.0,0.0162866945638835,0.0130292232066524,False,Воронежская область,Павловск,Павловск|Воронежская область,50.4520214,40.1399663
7604259048,2024,8435187,,ЯРОСЛАВСКАЯ,,ЯРОСЛАВЛЬ,,МОСКОВСКИЙ,150001.0,,ACTIVE,1502287.0,1427798.0,2489.0,14766.0,497.0,49301.0,38890.0,10115.0,-3790.0,"ОБЩЕСТВО С ОГРАНИЧЕННОЙ ОТВЕТСТВЕННОСТЬЮ ""КАПИТАЛГРУППСТРОЙ""",Среднее предприятие,41.2,163.0,76 - Ярославская область,,г Ярославль,,01.08.2016,полная,15263.0,14766.0,0.0101598429594345,0.0067330676495236,False,Ярославская область,Ярославль,Ярославль|Ярославская область,57.6263877,39.8933705
6684027070,2024,10097905,,СВЕРДЛОВСКАЯ,,ПЕРВОУРАЛЬСК,,БЕЛИНСКОГО,623119.0,33.12,ACTIVE,1502109.0,1475156.0,3039.0,24402.0,0.0,46890.0,39123.0,19385.0,-5017.0,"ОБЩЕСТВО С ОГРАНИЧЕННОЙ ОТВЕТСТВЕННОСТЬЮ ""МОНТАЖНАЯ КОМПАНИЯ ВОСТОКМЕТАЛЛУРГМОНТАЖ""",Среднее предприятие,41.2,204.0,66 - Свердловская область,,г Первоуральск,,10.11.2022,полная,24402.0,24402.0,0.0162451593060157,0.0129051886381081,False,Свердловская область,Первоуральск,Первоуральск|Свердловская область,56.9051246,59.9431941
5040095110,2024,4133013,,МОСКВА,,,,ФИЛЁВСКИЙ,121601.0,,ACTIVE,1495934.0,1457512.0,18780.0,3786.0,0.0,430389.0,447122.0,2293.0,-757.0,"ОБЩЕСТВО С ОГРАНИЧЕННОЙ ОТВЕТСТВЕННОСТЬЮ ""ПРОМСТРОЙСЕРВИС""",Среднее предприятие,41.2,47.0,77 - г.Москва,,,,01.08.2016,полная,3786.0,3786.0,0.0025308603187039,0.001532821635179,False,г.Москва,Москва,Москва|г.Москва,55.7505412,37.6174782
1661057880,2024,10766399,,ТАТАРСТАН,,КАЗАНЬ,,ОБНОРСКОГО,420085.0,41.20,ACTIVE,1495921.0,1362247.0,76997.0,36243.0,0.0,3016.0,43770.0,23504.0,-12739.0,"ОБЩЕСТВО С ОГРАНИЧЕННОЙ ОТВЕТСТВЕННОСТЬЮ ""СК ГАЛАТА""",Малое предприятие,41.2,18.0,16 - Республика Татарстан (Татарстан),,г Казань,,10.09.2018,полная,36243.0,36243.0,0.024227883691719,0.0157120596609045,False,Республика Татарстан (Татарстан),Казань,Казань|Республика Татарстан (Татарстан),55.8257401,49.2192791
1660256032,2024,9496373,,ТАТАРСТАН,,КАЗАНЬ,,ГВАРДЕЙСКАЯ,420073.0,,ACTIVE,1494407.0,1355019.0,-13753.0,112850.0,14290.0,191523.0,71401.0,86077.0,-26773.0,"ОБЩЕСТВО С ОГРАНИЧЕННОЙ ОТВЕТСТВЕННОСТЬЮ ""НИЖНЕКАМСКХИМРЕМОНТСТРОЙ""",Среднее предприятие,41.2,250.0,16 - Республика Татарстан (Татарстан),,г Казань,,01.08.2016,полная,127140.0,112850.0,0.0850772246115014,0.0575994357628142,False,Республика Татарстан (Татарстан),Казань,Казань|Республика Татарстан (Татарстан),55.8257401,49.2192791
1207008978,2024,4077157,,МАРИЙ ЭЛ,МЕДВЕДЕВСКИЙ,,МЕДВЕДЕВО,ЧЕХОВА,425200.0,,ACTIVE,1494116.0,1366215.0,89510.0,37231.0,22204.0,428143.0,476282.0,23213.0,-13688.0,"ОБЩЕСТВО С ОГРАНИЧЕННОЙ ОТВЕТСТВЕННОСТЬЮ СПЕЦИАЛИЗИРОВАННЫЙ ЗАСТРОЙЩИК ""КАЗАНСКИЙ ПОСАД""",Среднее предприятие,41.2,108.0,12 - Республика Марий Эл,Медведевский р-н,,пгт Медведево,01.08.2016,полная,59435.0,37231.0,0.0397793745599404,0.0155362769691242,False,Республика Марий Эл,пгт Медведево,пгт Медведево|Республика Марий Эл,56.5767504,47.8817512
6658473007,2024,9281538,,СВЕРДЛОВСКАЯ,,ЕКАТЕРИНБУРГ,ГОРНЫЙ ЩИТ,СВЕРДЛОВА,620902.0,41.20,ACTIVE,1493378.0,1350516.0,110181.0,157565.0,0.0,27840.0,29170.0,137149.0,-32219.0,"ОБЩЕСТВО С ОГРАНИЧЕННОЙ ОТВЕТСТВЕННОСТЬЮ ""ЛЕВ""",Малое предприятие,41.2,40.0,66 - Свердловская область,,г Екатеринбург,с Горный Щит,01.08.2016,полная,157565.0,157565.0,0.1055091209325435,0.091838101271078,False,Свердловская область,Екатеринбург,Екатеринбург|Свердловская область,56.8382071,60.6007886
8610017257,2024,3417189,,ХАНТЫ-МАНСИЙСКИЙ АВТОНОМНЫЙ ОКРУГ - ЮГРА,ОКТЯБРЬСКИЙ,,ПРИОБЬЕ,50 ЛЕТ ПОБЕДЫ,628126.0,43.99.9,ACTIVE,1493307.0,1132860.0,278988.0,117212.0,0.0,5448.0,224912.0,91341.0,-23442.0,"ОБЩЕСТВО С ОГРАНИЧЕННОЙ ОТВЕТСТВЕННОСТЬЮ ""НЕРГА""",Среднее предприятие,41.2,25.0,86 - Ханты-Мансийский автономный округ - Югра,Октябрьский р-н,,пгт Приобье,10.10.2023,полная,117212.0,117212.0,0.0784915626860384,0.0611669268275043,False,Ханты-Мансийский автономный округ - Югра,пгт Приобье,пгт Приобье|Ханты-Мансийский автономный округ - Югра,61.8793428,68.6418156
7722762089,2024,1075688,,ТВЕРСКАЯ,,ТВЕРЬ,,СТАРИЦКОЕ,170040.0,,ACTIVE,1492949.0,1418533.0,-52225.0,58912.0,8659.0,310395.0,219488.0,36053.0,-22859.0,"ОБЩЕСТВО С ОГРАНИЧЕННОЙ ОТВЕТСТВЕННОСТЬЮ ""СК ""СТРУКТУРА""",Малое предприятие,41.2,24.0,69 - Тверская область,,г Тверь,,10.08.2017,полная,67571.0,58912.0,0.0452600859105033,0.0241488490229739,False,Тверская область,Тверь,Тверь|Тверская область,56.8596713,35.8952416
5902888746,2024,1541713,,МОСКВА,,,,ВАРШАВСКОЕ,115230.0,,ACTIVE,1492318.0,1472774.0,19544.0,12907.0,12439.0,18194.0,12392.0,10581.0,-2326.0,"ОБЩЕСТВО С ОГРАНИЧЕННОЙ ОТВЕТСТВЕННОСТЬЮ ""ДЕЛЬТА-СТРОЙ""",Среднее предприятие,41.2,12.0,77 - г.Москва,,,,01.08.2016,полная,25346.0,12907.0,0.0169843156753453,0.0070903118504233,False,г.Москва,Москва,Москва|г.Москва,55.7505412,37.6174782
5047241949,2024,11360537,,МОСКВА,,,,ФЕСТИВАЛЬНАЯ,125565.0,41.20,ACTIVE,1488014.0,1396185.0,6499.0,53004.0,1203.0,10805.0,5869.0,48768.0,-10670.0,"ОБЩЕСТВО С ОГРАНИЧЕННОЙ ОТВЕТСТВЕННОСТЬЮ ""К7""",Малое предприятие,41.2,9.0,50 - Московская область,,г Химки,,10.08.2020,полная,54207.0,53004.0,0.0364290927370307,0.0327738851919404,False,Московская область,Химки,Химки|Московская область,55.8917293,37.4396994
5074036642,2024,1199945,,МОСКВА,,,,22-Й,108811.0,43.22,ACTIVE,1484272.0,1265277.0,-1018.0,1500.0,0.0,24344.0,21826.0,1200.0,-300.0,"ОБЩЕСТВО С ОГРАНИЧЕННОЙ ОТВЕТСТВЕННОСТЬЮ ""ЭКО ХОЛДИНГ""",Малое предприятие,41.2,95.0,77 - г.Москва,,,,01.08.2016,полная,1500.0,1500.0,0.0010105964405445,0.0008084771524356,False,г.Москва,Москва,Москва|г.Москва,55.7505412,37.6174782
6316121027,2024,3432706,,САМАРСКАЯ,,САМАРА,,НОВО-САДОВАЯ,443011.0,42.11,ACTIVE,1480994.0,1363928.0,97029.0,38893.0,7640.0,223614.0,275278.0,30315.0,-8578.0,"ОБЩЕСТВО С ОГРАНИЧЕННОЙ ОТВЕТСТВЕННОСТЬЮ ""АВС""",Малое предприятие,41.2,49.0,63 - Самарская область,,г Самара,,01.08.2016,полная,46533.0,38893.0,0.031420113788442,0.0204693604430537,False,Самарская область,Самара,Самара|Самарская область,53.1956255,50.1014927
2538148230,2024,4860396,,ПРИМОРСКИЙ,,ВЛАДИВОСТОК,,АКСАКОВСКАЯ,690091.0,41.20,ACTIVE,1480386.0,1214966.0,-14957.0,24701.0,0.0,161985.0,159089.0,14957.0,-9744.0,"ОБЩЕСТВО С ОГРАНИЧЕННОЙ ОТВЕТСТВЕННОСТЬЮ ""Т-СТРОЙ""",Малое предприятие,41.2,19.0,25 - Приморский край,,г Владивосток,,10.08.2018,полная,24701.0,24701.0,0.0166855131026637,0.0101034459931396,False,Приморский край,Владивосток,Владивосток|Приморский край,43.1150678,131.8855768
8913007307,2024,322986,,ЯМАЛО-НЕНЕЦКИЙ,,ГУБКИНСКИЙ,,,629830.0,,ACTIVE,1476620.0,1344006.0,83915.0,17924.0,27478.0,71903.0,110416.0,14213.0,-3711.0,"ОБЩЕСТВО С ОГРАНИЧЕННОЙ ОТВЕТСТВЕННОСТЬЮ ""ПРОМЫШЛЕННО-ЖИЛИЩНО-СТРОИТЕЛЬНАЯ КОМПАНИЯ""",Малое предприятие,41.2,71.0,89 - Ямало-Ненецкий автономный округ,,г Губкинский,,01.08.2016,полная,45402.0,17924.0,0.0307472470913302,0.0096253606208774,False,Ямало-Ненецкий автономный округ,Губкинский,Губкинский|Ямало-Ненецкий автономный округ,64.4337824,76.4898086
5310013513,2024,2336161,,НОВГОРОДСКАЯ,,ВЕЛИКИЙ НОВГОРОД,,БЕРЕГОВАЯ,173011.0,41.20,ACTIVE,1474810.0,1459386.0,12717.0,17477.0,0.0,4873.0,113.0,17477.0,0.0,"ОБЩЕСТВО С ОГРАНИЧЕННОЙ ОТВЕТСТВЕННОСТЬЮ ""КВ-НОВТРАНС""",Малое предприятие,41.2,127.0,53 - Новгородская область,Новгородский р-н,,д Новая Мельница,01.08.2016,полная,17477.0,17477.0,0.0118503400438022,0.0118503400438022,False,Новгородская область,Новая Мельница,Новая Мельница|Новгородская область,58.523519,31.1971416
6670390653,2024,7744116,,СВЕРДЛОВСКАЯ,,ЕКАТЕРИНБУРГ,,БИБЛИОТЕЧНАЯ,620078.0,71.12.2,ACTIVE,1474497.0,1436847.0,-3862.0,3943.0,550.0,15577.0,11281.0,3343.0,-600.0,"ОБЩЕСТВО С ОГРАНИЧЕННОЙ ОТВЕТСТВЕННОСТЬЮ ""КОНТУР 2012""",Среднее предприятие,41.2,20.0,66 - Свердловская область,,г Екатеринбург,,01.08.2016,полная,4493.0,3943.0,0.0030471408215818,0.0022672138363116,False,Свердловская область,Екатеринбург,Екатеринбург|Свердловская область,56.8382071,60.6007886
3849057370,2024,9613415,,ИРКУТСКАЯ,,ИРКУТСК,,СУРНОВА,664035.0,,ACTIVE,1472670.0,1437595.0,35075.0,8616.0,25692.0,13771.0,14547.0,6579.0,-2037.0,"ОБЩЕСТВО С ОГРАНИЧЕННОЙ ОТВЕТСТВЕННОСТЬЮ СТРОИТЕЛЬНАЯ КОМПАНИЯ ""ЭНЕРГОСТРОЙ""",Малое предприятие,41.2,131.0,38 - Иркутская область,,г Иркутск,,01.08.2016,полная,34308.0,8616.0,0.0232964615290594,0.0044673959542871,False,Иркутская область,Иркутск,Иркутск|Иркутская область,52.2891225,104.279829
5406377430,2024,2566663,,НОВОСИБИРСКАЯ,,НОВОСИБИРСК,,КРЫЛОВА,630005.0,41.20,ACTIVE,1472355.0,1324516.0,124118.0,129928.0,10573.0,12546.0,10569.0,101998.0,-26343.0,"ОБЩЕСТВО С ОГРАНИЧЕННОЙ ОТВЕТСТВЕННОСТЬЮ ""СИБРЕМОНТСЕРВИС""",Малое предприятие,41.2,35.0,54 - Новосибирская область,,г Новосибирск,,01.08.2016,полная,140501.0,129928.0,0.0954260351613571,0.0692754125193992,False,Новосибирская область,Новосибирск,Новосибирск|Новосибирская область,54.9678145,82.9515989
5243019316,2024,5893769,,НИЖЕГОРОДСКАЯ,,АРЗАМАС,,ЛЕНИНА,607233.0,,ACTIVE,1472068.0,1345200.0,36277.0,31852.0,0.0,125.0,4550.0,25480.0,-6372.0,"ОБЩЕСТВО С ОГРАНИЧЕННОЙ ОТВЕТСТВЕННОСТЬЮ ""ПРОМГРАЖДАНСТРОЙ""",Среднее предприятие,41.2,158.0,52 - Нижегородская область,,г Арзамас,,01.08.2016,полная,31852.0,31852.0,0.0216375873940606,0.017308983008937,False,Нижегородская область,Арзамас,Арзамас|Нижегородская область,55.3857356,43.8165228
7206047284,2024,7677148,,ТЮМЕНСКАЯ,,ТОБОЛЬСК,,КОНДИНСКАЯ,626150.0,41.20,ACTIVE,1470319.0,1339219.0,41023.0,54459.0,22.0,208396.0,194949.0,36472.0,-18013.0,"ОБЩЕСТВО С ОГРАНИЧЕННОЙ ОТВЕТСТВЕННОСТЬЮ ""СК НОВОСТРОЙ""",Малое предприятие,41.2,72.0,72 - Тюменская область,,г Тобольск,,01.08.2016,полная,54481.0,54459.0,0.0370538638213884,0.0248055013911947,False,Тюменская область,Тобольск,Тобольск|Тюменская область,58.1998048,68.2512924
2124000409,2024,418853,,ЧУВАШСКАЯ РЕСПУБЛИКА -,,НОВОЧЕБОКСАРСК,,ПРОМЫШЛЕННАЯ,429965.0,41.20,ACTIVE,1467127.0,1331475.0,112192.0,111093.0,545.0,6049.0,7110.0,88849.0,-22237.0,"ОБЩЕСТВО С ОГРАНИЧЕННОЙ ОТВЕТСТВЕННОСТЬЮ ""СПЕЦИАЛИЗИРОВАННЫЙ ЗАСТРОЙЩИК ""СТРОИТЕЛЬНАЯ ФИРМА ""ИНВЕСТ-ЛАД""",Малое предприятие,41.2,85.0,21 - Чувашская Республика - Чувашия,,г Новочебоксарск,,01.08.2016,полная,111638.0,111093.0,0.0760929353764193,0.0605598560997105,False,Чувашская Республика - Чувашия,Новочебоксарск,Новочебоксарск|Чувашская Республика - Чувашия,55.4259922,47.0849429
7736274564,2024,9875067,,ЧЕЛЯБИНСКАЯ,,ЧЕЛЯБИНСК,,КОНСТИТУЦИИ,454087.0,41.20,ACTIVE,1466683.0,1324634.0,26623.0,36177.0,2164.0,212445.0,203238.0,29304.0,-6873.0,"ОБЩЕСТВО С ОГРАНИЧЕННОЙ ОТВЕТСТВЕННОСТЬЮ ""РИК""",Малое предприятие,41.2,57.0,74 - Челябинская область,,г Челябинск,,10.09.2016,полная,38341.0,36177.0,0.0261412997900705,0.0199797774979324,False,Челябинская область,Челябинск,Челябинск|Челябинская область,55.1598408,61.4025547
2543154857,2024,11495993,,ПРИМОРСКИЙ,НАДЕЖДИНСКИЙ,,ВОЛЬНО-НАДЕЖДИНСКОЕ,ЦЕНТРАЛЬНАЯ,692491.0,41.20,ACTIVE,1464827.0,1503079.0,-81362.0,-80997.0,382.0,396.0,1290.0,-54620.0,26377.0,"ОБЩЕСТВО С ОГРАНИЧЕННОЙ ОТВЕТСТВЕННОСТЬЮ ""СМУ ДСК""",Малое предприятие,41.2,51.0,25 - Приморский край,Надеждинский р-н,,с Вольно-Надеждинское,10.02.2023,полная,-80615.0,-80997.0,-0.0550338026265217,-0.0372876797055215,False,Приморский край,Вольно-Надеждинское,Вольно-Надеждинское|Приморский край,43.3709905,131.9933355
7802856889,2024,8483609,,САНКТ-ПЕТЕРБУРГ,,,,УДЕЛЬНЫЙ,194017.0,41.20,ACTIVE,1463015.0,1323388.0,56481.0,56040.0,0.0,7948.0,8524.0,43871.0,-12169.0,"ОБЩЕСТВО С ОГРАНИЧЕННОЙ ОТВЕТСТВЕННОСТЬЮ ""СТРОИТЕЛЬНАЯ КОМПАНИЯ-78""",Малое предприятие,41.2,30.0,78 - г.Санкт-Петербург,,,,01.08.2016,полная,56040.0,56040.0,0.0383044603097029,0.0299867055361701,False,г.Санкт-Петербург,Санкт-Петербург,Санкт-Петербург|г.Санкт-Петербург,59.9606739,30.1586551
7810006934,2024,780420,,САНКТ-ПЕТЕРБУРГ,,,,РЕКИ СМОЛЕНКИ,199178.0,41.20,INACTIVE,1462551.0,1442386.0,,,0.0,57.0,221.0,16001.0,4000.0,"ОБЩЕСТВО С ОГРАНИЧЕННОЙ ОТВЕТСТВЕННОСТЬЮ ""ЭНЕРГОСТРОЙПРОЕКТ""",Среднее предприятие,41.2,5.0,78 - г.Санкт-Петербург,,,,01.08.2016,упрощённая,20001.0,20001.0,0.0136754205494372,0.0109404731869179,False,г.Санкт-Петербург,Санкт-Петербург,Санкт-Петербург|г.Санкт-Петербург,59.9606739,30.1586551
3525319233,2024,8472054,,ВОЛОГОДСКАЯ,,ВОЛОГДА,,ПАНКРАТОВА,160026.0,41.20,ACTIVE,1457566.0,1376294.0,63790.0,40674.0,0.0,197.0,23313.0,32539.0,-8135.0,"ОБЩЕСТВО С ОГРАНИЧЕННОЙ ОТВЕТСТВЕННОСТЬЮ ""ВОЛОГДАСТРОЙ""",Малое предприятие,41.2,20.0,35 - Вологодская область,,г Вологда,,01.08.2016,полная,40674.0,40674.0,0.0279054258949509,0.0223242035009049,False,Вологодская область,Вологда,Вологда|Вологодская область,59.2189391,39.8933913
5257145631,2024,8532475,,НИЖЕГОРОДСКАЯ,,НИЖНИЙ НОВГОРОД,,ЯБЛОНЕВАЯ,603093.0,,ACTIVE,1454120.0,965027.0,485318.0,477128.0,13.0,1873.0,18369.0,379579.0,-97398.0,"ОБЩЕСТВО С ОГРАНИЧЕННОЙ ОТВЕТСТВЕННОСТЬЮ ""СПЕЦИАЛИЗИРОВАННЫЙ ЗАСТРОЙЩИК ""АНДОР""",Малое предприятие,41.2,25.0,52 - Нижегородская область,,г Нижний Новгород,,01.08.2016,полная,477141.0,477128.0,0.3281304156465766,0.2610369157978708,False,Нижегородская область,Нижний Новгород,Нижний Новгород|Нижегородская область,56.3264816,44.0051395
4206024725,2024,5810548,,КЕМЕРОВСКАЯ ОБЛАСТЬ - КУЗБАСС,,КЕМЕРОВО,,ОКТЯБРЬСКИЙ,650023.0,41.20,ACTIVE,1453275.0,1193926.0,194182.0,212119.0,0.0,36319.0,39202.0,168566.0,-43524.0,"ОБЩЕСТВО С ОГРАНИЧЕННОЙ ОТВЕТСТВЕННОСТЬЮ ""ЖИЛИЩНИК-2""",Малое предприятие,41.2,24.0,42 - Кемеровская область,,г Кемерово,,01.08.2016,полная,212119.0,212119.0,0.1459592988250675,0.1159904353959161,False,Кемеровская область,Кемерово,Кемерово|Кемеровская область,55.3550907,86.0871213
2310223730,2024,11557389,,КРАСНОДАРСКИЙ,,КРАСНОДАР,,КУБАНСКАЯ НАБЕРЕЖНАЯ,350063.0,41.20,ACTIVE,1453089.0,1271696.0,109087.0,120712.0,10446.0,75275.0,65032.0,105433.0,-15279.0,"ОБЩЕСТВО С ОГРАНИЧЕННОЙ ОТВЕТСТВЕННОСТЬЮ ""ИНВЕСТИЦИОННАЯ СТРОИТЕЛЬНАЯ КОМПАНИЯ ""ТРИ-С""",Малое предприятие,41.2,19.0,23 - Краснодарский край,,г Краснодар,,10.04.2021,полная,131158.0,120712.0,0.0902615049731984,0.0725578405727385,False,Краснодарский край,Краснодар,Краснодар|Краснодарский край,45.0351532,38.9772396
6501272341,2024,9144396,,САХАЛИНСКАЯ,,ЮЖНО-САХАЛИНСК,,2-Я КРАСНОСЕЛЬСКАЯ,693022.0,41.20,ACTIVE,1452199.0,1254007.0,105001.0,43332.0,28625.0,55344.0,88732.0,32719.0,-10613.0,"ОБЩЕСТВО С ОГРАНИЧЕННОЙ ОТВЕТСТВЕННОСТЬЮ ""ИНЖЕНЕРНЫЕ ТЕХНОЛОГИИ""",Малое предприятие,41.2,71.0,65 - Сахалинская область,,г Южно-Сахалинск,,01.08.2016,полная,71957.0,43332.0,0.0495503715399886,0.0225306586769444,False,Сахалинская область,Южно-Сахалинск,Южно-Сахалинск|Сахалинская область,46.9574273,142.727438
0608040896,2024,9636306,,ИНГУШЕТИЯ,,НАЗРАНЬ,,ТАНГИЕВА А-Г.Д.,386107.0,41.20,ACTIVE,1448056.0,1334705.0,108838.0,68358.0,0.0,10785.0,51266.0,54592.0,-13761.0,"ОБЩЕСТВО С ОГРАНИЧЕННОЙ ОТВЕТСТВЕННОСТЬЮ ""ЭЛИТСПЕЦСТРОЙ""",Малое предприятие,41.2,75.0,06 - Республика Ингушетия,,г Назрань,тер Центральный округ,01.08.2016,полная,68358.0,68358.0,0.0472067378609667,0.0377001994398006,False,Республика Ингушетия,Назрань,Назрань|Республика Ингушетия,43.1655309,44.979682
5012075539,2024,7391486,,МОСКОВСКАЯ,ИСТРА,,ПАВЛОВСКАЯ СЛОБОДА,КОМСОМОЛЬСКАЯ,143581.0,41.2,ACTIVE,1447939.0,1269605.0,81003.0,-75253.0,132907.0,13048.0,38175.0,-60879.0,14374.0,"ОБЩЕСТВО С ОГРАНИЧЕННОЙ ОТВЕТСТВЕННОСТЬЮ ""СПЕЦИАЛИЗИРОВАННЫЙ ЗАСТРОЙЩИК ""МАГИ""",Малое предприятие,41.2,20.0,50 - Московская область,Истра г,,с Павловская Слобода,01.08.2016,полная,57654.0,-75253.0,0.039817975757266,-0.0420452795318034,False,Московская область,Павловская Слобода,Павловская Слобода|Московская область,55.8142589,37.0879642
7743307059,2024,11073509,,МОСКВА,,,,ЗОИ И АЛЕКСАНДРА КОСМОДЕМЬЯНСКИХ,125130.0,42.21,ACTIVE,1446694.0,929913.0,196555.0,184388.0,0.0,509.0,12676.0,141534.0,-42854.0,"ОБЩЕСТВО С ОГРАНИЧЕННОЙ ОТВЕТСТВЕННОСТЬЮ ""ЮГСТРОЙ""",Малое предприятие,41.2,43.0,77 - г.Москва,,,,10.08.2019,полная,184388.0,184388.0,0.1274547347262102,0.0978327137597861,False,г.Москва,Москва,Москва|г.Москва,55.7505412,37.6174782
6324081498,2024,10211968,,САМАРСКАЯ,,ТОЛЬЯТТИ,,ЮЖНОЕ,445043.0,,ACTIVE,1445745.0,1378933.0,-42849.0,3500.0,0.0,79164.0,34049.0,2347.0,-1153.0,"ОБЩЕСТВО С ОГРАНИЧЕННОЙ ОТВЕТСТВЕННОСТЬЮ ""СТРОЙ ИНЖИНИРИНГ""",Среднее предприятие,41.2,56.0,63 - Самарская область,,г Тольятти,,10.06.2017,полная,3500.0,3500.0,0.0024208971844965,0.0016233844834324,False,Самарская область,Тольятти,Тольятти|Самарская область,53.5098845,49.4189187
4825086937,2024,1134308,,ЛИПЕЦКАЯ,ЛИПЕЦКИЙ,,,,398501.0,,ACTIVE,1445094.0,1420337.0,23236.0,167571.0,0.0,394200.0,382770.0,133520.0,-34059.0,"ОБЩЕСТВО С ОГРАНИЧЕННОЙ ОТВЕТСТВЕННОСТЬЮ ""СУ-12 АПК-СТРОЙ""",Среднее предприятие,41.2,127.0,48 - Липецкая область,Липецкий р-н,,,10.07.2023,полная,167571.0,167571.0,0.1159585466412565,0.0923953735881541,False,Липецкая область,Липецкий,Липецкий|Липецкая область,52.6935178,39.1122664
7805316137,2024,9247129,,САНКТ-ПЕТЕРБУРГ,,,,РЕВОЛЮЦИИ,195279.0,41.20,ACTIVE,1442767.0,1281316.0,3164.0,12142.0,5369.0,114282.0,104390.0,9160.0,-2982.0,"ОБЩЕСТВО С ОГРАНИЧЕННОЙ ОТВЕТСТВЕННОСТЬЮ ""НЕВА""",Малое предприятие,41.2,14.0,78 - г.Санкт-Петербург,,,,01.08.2016,полная,17511.0,12142.0,0.0121370949016715,0.0063489115013027,False,г.Санкт-Петербург,Санкт-Петербург,Санкт-Петербург|г.Санкт-Петербург,59.9606739,30.1586551
6670115960,2024,415057,,СВЕРДЛОВСКАЯ,,ЕКАТЕРИНБУРГ,,АМУНДСЕНА,620016.0,,ACTIVE,1442684.0,1210269.0,130558.0,99838.0,2290.0,71530.0,100381.0,79061.0,-20777.0,"ОБЩЕСТВО С ОГРАНИЧЕННОЙ ОТВЕТСТВЕННОСТЬЮ ""ВМП - ИНЖИНИРИНГ""",Малое предприятие,41.2,75.0,66 - Свердловская область,,г Екатеринбург,,10.09.2021,полная,102128.0,99838.0,0.0707902770114592,0.0548013286346836,False,Свердловская область,Екатеринбург,Екатеринбург|Свердловская область,56.8382071,60.6007886
6679071411,2024,9231081,,СВЕРДЛОВСКАЯ,,ЕКАТЕРИНБУРГ,,ШЕЙНКМАНА,620000.0,42.22.2,ACTIVE,1441872.0,1235442.0,169040.0,158236.0,30760.0,790.0,7691.0,126658.0,-31578.0,"ОБЩЕСТВО С ОГРАНИЧЕННОЙ ОТВЕТСТВЕННОСТЬЮ ""ЕКАТЕРИНБУРГЭЛЕКТРОМОНТАЖ""",Малое предприятие,41.2,13.0,66 - Свердловская область,,г Екатеринбург,,01.08.2016,полная,188996.0,158236.0,0.1310768223531631,0.0878427488709122,False,Свердловская область,Екатеринбург,Екатеринбург|Свердловская область,56.8382071,60.6007886
5445005958,2024,6019245,,НОВОСИБИРСКАЯ,,БЕРДСК,,ЛЕНИНА,633010.0,,ACTIVE,1441378.0,1024531.0,230734.0,216234.0,7622.0,74999.0,107795.0,182117.0,-34117.0,"АКЦИОНЕРНОЕ ОБЩЕСТВО ""БЕРДСКИЙ СТРОИТЕЛЬНЫЙ ТРЕСТ""",Среднее предприятие,41.2,77.0,54 - Новосибирская область,,г Бердск,,10.07.2022,полная,223856.0,216234.0,0.1553069354464963,0.1263492296954719,False,Новосибирская область,Бердск,Бердск|Новосибирская область,54.75795,83.1068095
1840068380,2024,10067538,,УДМУРТСКАЯ,,Ижевск,,МОЛОДЕЖНАЯ,426072.0,41.20,ACTIVE,1440375.0,1364521.0,9163.0,8203.0,8168.0,338208.0,331420.0,6488.0,-1715.0,"ОБЩЕСТВО С ОГРАНИЧЕННОЙ ОТВЕТСТВЕННОСТЬЮ СТРОИТЕЛЬНАЯ КОМПАНИЯ ""МЕДВЕДЬ""",Малое предприятие,41.2,43.0,18 - Удмуртская Республика,,г Ижевск,,10.02.2017,полная,16371.0,8203.0,0.0113657901588128,0.0045043825392692,False,Удмуртская Республика,Ижевск,Ижевск|Удмуртская Республика,56.8529729,53.2103071
7816131635,2024,4915790,,САНКТ-ПЕТЕРБУРГ,,,,ЛИГОВСКИЙ,192007.0,41.20,ACTIVE,1440127.0,1216775.0,205375.0,200691.0,0.0,538.0,7358.0,159967.0,-40724.0,"АКЦИОНЕРНОЕ ОБЩЕСТВО ""ПЕТРОС""",Малое предприятие,41.2,48.0,78 - г.Санкт-Петербург,,,,10.08.2017,полная,200691.0,200691.0,0.1393564595344716,0.1110783979468477,False,г.Санкт-Петербург,Санкт-Петербург,Санкт-Петербург|г.Санкт-Петербург,59.9606739,30.1586551
2636036951,2024,6814462,,СТАВРОПОЛЬСКИЙ,,СТАВРОПОЛЬ,,КУЛАКОВА,355035.0,41.20,ACTIVE,1439721.0,1370449.0,55972.0,29279.0,18795.0,1605.0,9503.0,21697.0,-7997.0,"ОБЩЕСТВО С ОГРАНИЧЕННОЙ ОТВЕТСТВЕННОСТЬЮ ""ЮГСТРОЙРЕСУРС""",Малое предприятие,41.2,1.0,26 - Ставропольский край,,г Ставрополь,,01.08.2016,полная,48074.0,29279.0,0.0333911917656268,0.0150702809780506,False,Ставропольский край,Ставрополь,Ставрополь|Ставропольский край,45.0433245,41.9690934
3119005058,2024,1234109,,БЕЛГОРОДСКАЯ,ЧЕРНЯНСКИЙ,,ЧЕРНЯНКА,ОКТЯБРЬСКАЯ,309560.0,,ACTIVE,1439070.0,1191926.0,129964.0,142041.0,68.0,26266.0,14121.0,112271.0,-29770.0,"ОБЩЕСТВО С ОГРАНИЧЕННОЙ ОТВЕТСТВЕННОСТЬЮ  ""СТРОИТЕЛЬ""",Среднее предприятие,41.2,203.0,31 - Белгородская область,Чернянский р-н,,п Чернянка,10.07.2022,полная,142109.0,142041.0,0.0987505819730798,0.078016357786626,False,Белгородская область,Чернянка,Чернянка|Белгородская область,50.9408767,37.8041746
7717007644,2024,4833429,,МОСКВА,,,,ЦАНДЕРА,129515.0,,ACTIVE,1437262.0,1292873.0,50203.0,38408.0,3283.0,22855.0,31367.0,26864.0,-11544.0,"ЗАКРЫТОЕ АКЦИОНЕРНОЕ ОБЩЕСТВО ""ЗВЕЗДОПАД""",Среднее предприятие,41.2,213.0,77 - г.Москва,,,,10.02.2021,полная,41691.0,38408.0,0.0290072373721701,0.0186910945951399,False,г.Москва,Москва,Москва|г.Москва,55.7505412,37.6174782
7736540833,2024,6506405,,ОМСКАЯ,,ОМСК,,КРАСНОФЛОТСКАЯ,644099.0,,ACTIVE,1437036.0,1189462.0,179964.0,18460.0,75257.0,75663.0,163661.0,2789.0,-15663.0,"ОБЩЕСТВО С ОГРАНИЧЕННОЙ ОТВЕТСТВЕННОСТЬЮ ""ГАЗХОЛОДМАШ""",Среднее предприятие,41.2,232.0,89 - Ямало-Ненецкий автономный округ,Пуровский р-н,г Тарко-Сале,,10.07.2023,полная,93717.0,18460.0,0.0652154852070511,0.0019408003696497,False,Ямало-Ненецкий автономный округ,Тарко-Сале,Тарко-Сале|Ямало-Ненецкий автономный округ,64.9219991,77.779459
1215078778,2024,5110123,,МАРИЙ ЭЛ,,ЙОШКАР-ОЛА,,ЛЬВА ТОЛСТОГО,424004.0,41.20,ACTIVE,1436501.0,1186189.0,194532.0,203942.0,0.0,28769.0,19359.0,175584.0,-28358.0,"ОБЩЕСТВО С ОГРАНИЧЕННОЙ ОТВЕТСТВЕННОСТЬЮ ""СПЕЦИАЛИЗИРОВАННЫЙ ЗАСТРОЙЩИК ""РУСАГРОСТРОЙ""",Малое предприятие,41.2,37.0,12 - Республика Марий Эл,,г Йошкар-Ола,,01.08.2016,полная,203942.0,203942.0,0.1419713595744103,0.1222303360735565,False,Республика Марий Эл,Йошкар-Ола,Йошкар-Ола|Республика Марий Эл,56.6315556,47.8868803
6164108822,2024,9785952,,МОСКОВСКАЯ,,КРАСНОГОРСК,ГАВРИЛКОВО,20,143441.0,,ACTIVE,1435242.0,1379259.0,13841.0,18965.0,6742.0,22075.0,12818.0,8997.0,-9963.0,"ОБЩЕСТВО С ОГРАНИЧЕННОЙ ОТВЕТСТВЕННОСТЬЮ ""МБ-СТРОЙ""",Среднее предприятие,41.2,55.0,50 - Московская область,,г Красногорск,д Гаврилково,01.08.2016,полная,25707.0,18965.0,0.0179112651385619,0.0062686292625215,False,Московская область,Красногорск,Красногорск|Московская область,55.8204707,37.3196942
2310088087,2024,3636189,,КРАСНОДАРСКИЙ,,КРАСНОДАР,,ИМ. МИТРОФАНА СЕДИНА,350090.0,41.20,ACTIVE,1435123.0,1390794.0,25427.0,2573.0,0.0,2.0,22856.0,2058.0,-515.0,"ОБЩЕСТВО С ОГРАНИЧЕННОЙ ОТВЕТСТВЕННОСТЬЮ ""АГРОСНАБ-ЮГ""",Малое предприятие,41.2,20.0,23 - Краснодарский край,,г Краснодар,,10.08.2018,полная,2573.0,2573.0,0.0017928776836549,0.0014340234251698,False,Краснодарский край,Краснодар,Краснодар|Краснодарский край,45.0351532,38.9772396
6950108726,2024,516338,,ТВЕРСКАЯ,,ТВЕРЬ,,СВОБОДНЫЙ,170100.0,,ACTIVE,1433463.0,923089.0,290055.0,314604.0,0.0,10034.0,35406.0,251422.0,-63182.0,"ОБЩЕСТВО С ОГРАНИЧЕННОЙ ОТВЕТСТВЕННОСТЬЮ ""ЕВРОПЕЙСКИЕ СТРОИТЕЛЬНЫЕ ТЕХНОЛОГИИ""",Среднее предприятие,41.2,117.0,69 - Тверская область,,г Тверь,,10.07.2021,полная,314604.0,314604.0,0.219471308293273,0.1753948305606771,False,Тверская область,Тверь,Тверь|Тверская область,56.8596713,35.8952416
6501152990,2024,1583564,,САХАЛИНСКАЯ,,ЮЖНО-САХАЛИНСК,,ПОБЕДЫ,693007.0,41.20,ACTIVE,1430264.0,1059650.0,322324.0,215241.0,428.0,25672.0,164674.0,166443.0,-48585.0,"ОБЩЕСТВО С ОГРАНИЧЕННОЙ ОТВЕТСТВЕННОСТЬЮ ""ГЛОБУС-СК""",Малое предприятие,41.2,41.0,65 - Сахалинская область,,г Южно-Сахалинск,,01.08.2016,полная,215669.0,215241.0,0.1507896444292802,0.1163722221911479,False,Сахалинская область,Южно-Сахалинск,Южно-Сахалинск|Сахалинская область,46.9574273,142.727438
3525115712,2024,6845558,,ВОЛОГОДСКАЯ,,ВОЛОГДА,,ЧЕЛЮСКИНЦЕВ,160001.0,,ACTIVE,1428503.0,1380472.0,46349.0,15406.0,23612.0,3110.0,20841.0,13197.0,-2812.0,"ОБЩЕСТВО С ОГРАНИЧЕННОЙ ОТВЕТСТВЕННОСТЬЮ ""БАЗИС ЛТД""",Среднее предприятие,41.2,97.0,35 - Вологодская область,,г Вологда,,01.08.2016,полная,39018.0,15406.0,0.0273139083362093,0.0092383425166065,False,Вологодская область,Вологда,Вологда|Вологодская область,59.2189391,39.8933913
5610165193,2024,8962933,,ОРЕНБУРГСКАЯ,,ОРЕНБУРГ,,ЦЕНТРАЛЬНАЯ,460027.0,41.20,ACTIVE,1427551.0,1215163.0,175898.0,158962.0,4969.0,44745.0,57426.0,127385.0,-31577.0,"ОБЩЕСТВО С ОГРАНИЧЕННОЙ ОТВЕТСТВЕННОСТЬЮ ""СПЕЦИАЛИЗИРОВАННЫЙ ЗАСТРОЙЩИК ""ЖИЛСТРОЙСИТИ""",Малое предприятие,41.2,24.0,56 - Оренбургская область,,г Оренбург,,01.08.2016,полная,163931.0,158962.0,0.1148337257302891,0.089233239302834,False,Оренбургская область,Оренбург,Оренбург|Оренбургская область,51.7671248,55.0978517
6674164790,2024,2511993,,СВЕРДЛОВСКАЯ,,ЕКАТЕРИНБУРГ,,СТРЕЛОЧНИКОВ,620027.0,43.21,ACTIVE,1423661.0,570406.0,322069.0,379795.0,8810.0,111311.0,44882.0,311004.0,-58396.0,"АКЦИОНЕРНОЕ ОБЩЕСТВО ""ПУСК""",Малое предприятие,41.2,89.0,66 - Свердловская область,,г Екатеринбург,,10.08.2017,полная,388605.0,379795.0,0.2729617514281841,0.218453690871633,False,Свердловская область,Екатеринбург,Екатеринбург|Свердловская область,56.8382071,60.6007886
6658408181,2024,1562547,,СВЕРДЛОВСКАЯ,,ЕКАТЕРИНБУРГ,,ЕЛИЗАВЕТИНСКОЕ,620024.0,41.20,ACTIVE,1422563.0,1293519.0,62776.0,48429.0,0.0,13640.0,30630.0,37851.0,-10578.0,"ОБЩЕСТВО С ОГРАНИЧЕННОЙ ОТВЕТСТВЕННОСТЬЮ ""ТОРГОВЫЙ ДОМ ""АЗС ОБОРУДОВАНИЕ""",Малое предприятие,41.2,68.0,66 - Свердловская область,,г Екатеринбург,,01.08.2016,полная,48429.0,48429.0,0.0340434834871988,0.026607608942451,False,Свердловская область,Екатеринбург,Екатеринбург|Свердловская область,56.8382071,60.6007886
9710027483,2024,10183966,,МОСКВА,,,,КОМСОМОЛЬСКИЙ,119048.0,41.20,ACTIVE,1419393.0,1356545.0,16128.0,5677.0,2266.0,1131.0,9326.0,3555.0,-1952.0,"ОБЩЕСТВО С ОГРАНИЧЕННОЙ ОТВЕТСТВЕННОСТЬЮ ""ОСНОВА""",Малое предприятие,41.2,77.0,77 - г.Москва,,,,10.05.2017,полная,7943.0,5677.0,0.0055960540879094,0.0025045917515444,False,г.Москва,Москва,Москва|г.Москва,55.7505412,37.6174782
7719694625,2024,1511273,,МОСКВА,,,,ВАРШАВСКОЕ,115230.0,,ACTIVE,1419008.0,1107941.0,148330.0,147558.0,0.0,39250.0,52017.0,116625.0,-30933.0,"ОБЩЕСТВО С ОГРАНИЧЕННОЙ ОТВЕТСТВЕННОСТЬЮ ""КАСКАД""",Малое предприятие,41.2,141.0,77 - г.Москва,,,,01.08.2016,полная,147558.0,147558.0,0.1039867287569908,0.0821876973209453,False,г.Москва,Москва,Москва|г.Москва,55.7505412,37.6174782
9102216164,2024,9872792,,СВЕРДЛОВСКАЯ,,ЕКАТЕРИНБУРГ,,ШЕЙНКМАНА,620144.0,41.20,ACTIVE,1418309.0,1344407.0,4932.0,4538.0,916.0,36670.0,41132.0,4211.0,-963.0,"ОБЩЕСТВО С ОГРАНИЧЕННОЙ ОТВЕТСТВЕННОСТЬЮ ""СТРОЙПРОЕКТ ГРУПП""",Малое предприятие,41.2,28.0,66 - Свердловская область,,г Екатеринбург,,10.09.2016,полная,5454.0,4538.0,0.0038454243750832,0.0029690286108316,False,Свердловская область,Екатеринбург,Екатеринбург|Свердловская область,56.8382071,60.6007886
7731477962,2024,8805399,,МОСКВА,,,,ЛОМОНОСОВСКИЙ,119330.0,41.20,ACTIVE,1417016.0,1289514.0,76897.0,84187.0,78.0,45243.0,54267.0,59788.0,-24399.0,"ОБЩЕСТВО С ОГРАНИЧЕННОЙ ОТВЕТСТВЕННОСТЬЮ ""РЕГИОН ИНТЕРНАЦИОНАЛ""",Малое предприятие,41.2,42.0,77 - г.Москва,,,,10.08.2018,полная,84265.0,84187.0,0.0594665127281555,0.0421928898473976,False,г.Москва,Москва,Москва|г.Москва,55.7505412,37.6174782
2317057426,2024,1081875,,КРАСНОДАРСКИЙ,,СОЧИ,,ГАСТЕЛЛО,354340.0,41.20,ACTIVE,1414692.0,1493663.0,,,0.0,280808.0,123614.0,73947.0,4276.0,"ОБЩЕСТВО С ОГРАНИЧЕННОЙ ОТВЕТСТВЕННОСТЬЮ ""СОЮЗДОРСТРОЙ""",Малое предприятие,41.2,30.0,23 - Краснодарский край,,г Сочи,,01.08.2016,упрощённая,78223.0,78223.0,0.0552933076599005,0.0522707416172566,False,Краснодарский край,Сочи,Сочи|Краснодарский край,43.5854823,39.723109
7805781254,2024,11629430,,САНКТ-ПЕТЕРБУРГ,,,,ТИМУРОВСКАЯ,195297.0,41.20,LIQUIDATION_STAGE,1414577.0,1362654.0,51923.0,48432.0,0.0,1597.0,5088.0,38746.0,-9686.0,"ОБЩЕСТВО С ОГРАНИЧЕННОЙ ОТВЕТСТВЕННОСТЬЮ ""ЗГРАДА МОНОЛИТ""",Малое предприятие,41.2,109.0,78 - г.Санкт-Петербург,,,,10.08.2021,полная,48432.0,48432.0,0.0342377968820361,0.0273905202756725,False,г.Санкт-Петербург,Санкт-Петербург,Санкт-Петербург|г.Санкт-Петербург,59.9606739,30.1586551
8620015724,2024,857566,,ТАТАРСТАН,САБИНСКИЙ,,ШЕМОРДАН,ЖЕЛЕЗНОДОРОЖНАЯ,422050.0,38.22.9,ACTIVE,1410823.0,1394042.0,16781.0,3503.0,0.0,0.0,13278.0,2802.0,-701.0,"ОБЩЕСТВО С ОГРАНИЧЕННОЙ ОТВЕТСТВЕННОСТЬЮ ""ТРЕЙД МЕТАЛЛ""",Малое предприятие,41.2,127.0,16 - Республика Татарстан (Татарстан),Сабинский р-н,,с Шемордан,01.08.2016,полная,3503.0,3503.0,0.0024829478963697,0.0019860747946411,False,Республика Татарстан (Татарстан),Шемордан,Шемордан|Республика Татарстан (Татарстан),56.1858411,50.3975134
7702834017,2024,8404035,,МОСКВА,,,,ГИЛЯРОВСКОГО,129110.0,52.29,ACTIVE,1409517.0,914944.0,463026.0,441049.0,163.0,2277.0,24091.0,349379.0,-91670.0,"ОБЩЕСТВО С ОГРАНИЧЕННОЙ ОТВЕТСТВЕННОСТЬЮ ""СПЕЦПРОМСТРОЙ""",Малое предприятие,41.2,6.0,77 - г.Москва,,,,01.08.2016,полная,441212.0,441049.0,0.3130235392691255,0.2478714339734817,False,г.Москва,Москва,Москва|г.Москва,55.7505412,37.6174782
1435131360,2024,5028358,,САХА (ЯКУТИЯ),,ЯКУТСК,,ЧИРЯЕВА,677000.0,41.2,ACTIVE,1405950.0,299352.0,1015808.0,101136.0,31822.0,193688.0,1076630.0,223.0,-100913.0,"ОБЩЕСТВО С ОГРАНИЧЕННОЙ ОТВЕТСТВЕННОСТЬЮ ""АДГЕЗИЯ""",Среднее предприятие,41.2,89.0,14 - Республика Саха (Якутия),,г Якутск,,10.08.2019,полная,132958.0,101136.0,0.0945680856360468,0.0001586116149222,False,Республика Саха (Якутия),Якутск,Якутск|Республика Саха (Якутия),62.0274078,129.7319787
7448051385,2024,8891904,,ЧЕЛЯБИНСКАЯ,,ЧЕЛЯБИНСК,,КОМСОМОЛЬСКИЙ,454100.0,41.20,ACTIVE,1405852.0,1278014.0,18916.0,-17128.0,141923.0,385043.0,315635.0,3976.0,22151.0,"ОБЩЕСТВО С ОГРАНИЧЕННОЙ ОТВЕТСТВЕННОСТЬЮ СПЕЦИАЛИЗИРОВАННЫЙ ЗАСТРОЙЩИК ""ВЫСОТА""",Малое предприятие,41.2,62.0,74 - Челябинская область,,г Челябинск,,01.08.2016,полная,124795.0,-17128.0,0.0887682344941003,0.002828178215061,False,Челябинская область,Челябинск,Челябинск|Челябинская область,55.1598408,61.4025547
1659074662,2024,5884879,,ТАТАРСТАН,,КАЗАНЬ,,ЗАРЯ,420029.0,41.2,ACTIVE,1405660.0,1380171.0,6799.0,14763.0,4240.0,55669.0,54351.0,11444.0,-3319.0,"ОБЩЕСТВО С ОГРАНИЧЕННОЙ ОТВЕТСТВЕННОСТЬЮ ""ФИНАНСОВАЯ СТРОИТЕЛЬНАЯ КОМПАНИЯ ""ЭВЕРАЛ""",Малое предприятие,41.2,42.0,16 - Республика Татарстан (Татарстан),,г Казань,,01.08.2016,полная,19003.0,14763.0,0.0135189163809171,0.0081413713131198,False,Республика Татарстан (Татарстан),Казань,Казань|Республика Татарстан (Татарстан),55.8257401,49.2192791
7816401296,2024,4381855,,САНКТ-ПЕТЕРБУРГ,,,,ДНЕПРОПЕТРОВСКАЯ,192007.0,42.21,ACTIVE,1403433.0,1108183.0,68249.0,16532.0,34495.0,39585.0,57427.0,11378.0,-3918.0,"ОБЩЕСТВО С ОГРАНИЧЕННОЙ ОТВЕТСТВЕННОСТЬЮ ""СПЕЦИАЛИЗИРОВАННОЕ ТОННЕЛЬНОЕ СТРОИТЕЛЬСТВО """,Среднее предприятие,41.2,167.0,78 - г.Санкт-Петербург,,,,01.08.2016,полная,51027.0,16532.0,0.0363587004153386,0.0081072626908445,False,г.Санкт-Петербург,Санкт-Петербург,Санкт-Петербург|г.Санкт-Петербург,59.9606739,30.1586551
7734429406,2024,11130702,,МОСКВА,,,,РОГОВА,123098.0,41.20,ACTIVE,1402460.0,841191.0,444136.0,395739.0,0.0,4225.0,60992.0,306091.0,-89648.0,"ОБЩЕСТВО С ОГРАНИЧЕННОЙ ОТВЕТСТВЕННОСТЬЮ ""ФАСАД СТРОЙ""",Малое предприятие,41.2,20.0,77 - г.Москва,,,,10.10.2019,полная,395739.0,395739.0,0.2821748926885615,0.2182529269997005,False,г.Москва,Москва,Москва|г.Москва,55.7505412,37.6174782
9103095360,2024,11469845,,КРЫМ,,ЯЛТА,,ХАЛТУРИНА,298609.0,41.20,ACTIVE,1400962.0,1127770.0,22953.0,9729.0,6437.0,16157.0,31061.0,3319.0,-5537.0,"ОБЩЕСТВО С ОГРАНИЧЕННОЙ ОТВЕТСТВЕННОСТЬЮ ""СИГМА""",Малое предприятие,41.2,52.0,91 - Республика Крым,,г Ялта,,10.01.2021,полная,16166.0,9729.0,0.0115392137688245,0.0023690863849269,False,Республика Крым,Ялта,Ялта|Республика Крым,53.4784578,38.0320458
6670476678,2024,10884262,,СВЕРДЛОВСКАЯ,,ЕКАТЕРИНБУРГ,,ШЕВЧЕНКО,620027.0,41.20,ACTIVE,1400661.0,1138547.0,129342.0,110292.0,0.0,70065.0,141108.0,83976.0,-24401.0,"ОБЩЕСТВО С ОГРАНИЧЕННОЙ ОТВЕТСТВЕННОСТЬЮ ""СТРОИТЕЛЬНЫЙ ХОЛДИНГ ЕНКО""",Малое предприятие,41.2,15.0,66 - Свердловская область,,г Екатеринбург,,10.01.2019,полная,110292.0,110292.0,0.0787428221389758,0.0599545500303071,False,Свердловская область,Екатеринбург,Екатеринбург|Свердловская область,56.8382071,60.6007886
7715984348,2024,8254570,,МОСКВА,,,,2-Й РОЩИНСКИЙ,115419.0,41.20,ACTIVE,1400151.0,1024055.0,61159.0,28919.0,2232.0,32588.0,62810.0,23135.0,-5784.0,"ОБЩЕСТВО С ОГРАНИЧЕННОЙ ОТВЕТСТВЕННОСТЬЮ ""ХОРОС""",Малое предприятие,41.2,30.0,77 - г.Москва,,,,10.08.2018,полная,31151.0,28919.0,0.0222483146460631,0.0165232178529315,False,г.Москва,Москва,Москва|г.Москва,55.7505412,37.6174782
2130010780,2024,6282821,,ЧУВАШСКАЯ РЕСПУБЛИКА -,,ЧЕБОКСАРЫ,,МАРПОСАДСКОЕ,428022.0,,ACTIVE,1397474.0,1360608.0,2665.0,2838.0,0.0,3043.0,2943.0,2095.0,-743.0,"ОБЩЕСТВО С ОГРАНИЧЕННОЙ ОТВЕТСТВЕННОСТЬЮ ""СТРОИТЕЛЬНОЕ УПРАВЛЕНИЕ - ИНКОСТ""",Среднее предприятие,41.2,151.0,21 - Чувашская Республика - Чувашия,,г Чебоксары,,01.08.2016,полная,2838.0,2838.0,0.0020308070132252,0.0014991334364718,False,Чувашская Республика - Чувашия,Чебоксары,Чебоксары|Чувашская Республика - Чувашия,55.4259922,47.0849429
7733333719,2024,10871716,,МОСКВА,,,,1-Й ЩИПКОВСКИЙ,115093.0,41.20,ACTIVE,1396685.0,1355474.0,13147.0,1792.0,13863.0,2815.0,394.0,1215.0,-577.0,"ОБЩЕСТВО С ОГРАНИЧЕННОЙ ОТВЕТСТВЕННОСТЬЮ ""СК АРТЕНА""",Малое предприятие,41.2,66.0,77 - г.Москва,,,,10.01.2019,полная,15655.0,1792.0,0.0112086834182367,0.0008699169819966,False,г.Москва,Москва,Москва|г.Москва,55.7505412,37.6174782
3234040815,2024,5626668,,МОСКВА,,,,ГОРБУНОВА,121596.0,41.20,ACTIVE,1394772.0,1082778.0,243629.0,245467.0,1028.0,17093.0,14658.0,200947.0,-57717.0,"ОБЩЕСТВО С ОГРАНИЧЕННОЙ ОТВЕТСТВЕННОСТЬЮ "" ЕДИНСТВО МАСТЕРОВ """,Малое предприятие,41.2,52.0,77 - г.Москва,,,,01.08.2016,полная,246495.0,245467.0,0.1767278092763548,0.1440715758561256,False,г.Москва,Москва,Москва|г.Москва,55.7505412,37.6174782
6674158098,2024,2365666,,СВЕРДЛОВСКАЯ,,ЕКАТЕРИНБУРГ,,АРМАВИРСКАЯ,620141.0,41.20,ACTIVE,1394266.0,1142254.0,183001.0,123771.0,40115.0,18313.0,43122.0,90117.0,-27039.0,"ОБЩЕСТВО С ОГРАНИЧЕННОЙ ОТВЕТСТВЕННОСТЬЮ ""ЭНЕРГОСТРОЙПРОЕКТ""",Малое предприятие,41.2,66.0,66 - Свердловская область,,г Екатеринбург,,01.08.2016,полная,163886.0,123771.0,0.117542850503419,0.0646340081447873,False,Свердловская область,Екатеринбург,Екатеринбург|Свердловская область,56.8382071,60.6007886
9701004970,2024,9359140,,МОСКВА,,,,АКАДЕМИКА ЧЕЛОМЕЯ,117630.0,,ACTIVE,1394181.0,1363741.0,-11928.0,-13864.0,11035.0,233182.0,236920.0,-13213.0,651.0,"АКЦИОНЕРНОЕ ОБЩЕСТВО ""КОНТИ""",Среднее предприятие,41.2,74.0,77 - г.Москва,,,,10.08.2017,полная,-2829.0,-13864.0,-0.002029148295666,-0.0094772486499242,False,г.Москва,Москва,Москва|г.Москва,55.7505412,37.6174782
7713468958,2024,11072036,,МОСКВА,,,,12-Й МАРЬИНОЙ РОЩИ,127521.0,41.20,ACTIVE,1394122.0,1264441.0,74577.0,53814.0,1547.0,2426.0,21954.0,25117.0,-14536.0,"ОБЩЕСТВО С ОГРАНИЧЕННОЙ ОТВЕТСТВЕННОСТЬЮ ""ЛЕГАС-ГРУПП""",Малое предприятие,41.2,56.0,77 - г.Москва,,,,10.08.2019,полная,55361.0,53814.0,0.0397102979509684,0.0180163572485047,False,г.Москва,Москва,Москва|г.Москва,55.7505412,37.6174782
8901016434,2024,2231424,,ЯМАЛО-НЕНЕЦКИЙ,,САЛЕХАРД,,АВИАЦИОННАЯ,629003.0,41.20,ACTIVE,1393569.0,976584.0,385729.0,392752.0,0.0,29615.0,45387.0,315969.0,-76636.0,"ОБЩЕСТВО С ОГРАНИЧЕННОЙ ОТВЕТСТВЕННОСТЬЮ ""ЯМАЛЖИЛСТРОЙ""",Малое предприятие,41.2,66.0,89 - Ямало-Ненецкий автономный округ,,г Салехард,,01.08.2016,полная,392752.0,392752.0,0.2818317571645178,0.2267336601201662,False,Ямало-Ненецкий автономный округ,Салехард,Салехард|Ямало-Ненецкий автономный округ,66.5298656,66.6146311
7203330254,2024,8988655,,ТЮМЕНСКАЯ,,ТЮМЕНЬ,,50 ЛЕТ ВЛКСМ,625026.0,41.20,ACTIVE,1388800.0,1222792.0,127200.0,174302.0,0.0,119529.0,72478.0,136596.0,-37654.0,"ОБЩЕСТВО С ОГРАНИЧЕННОЙ ОТВЕТСТВЕННОСТЬЮ ""РЕГИОНАЛЬНЫЕ СТРОИТЕЛЬНЫЕ ТЕХНОЛОГИИ""",Малое предприятие,41.2,70.0,72 - Тюменская область,,г Тюмень,,01.08.2016,полная,174302.0,174302.0,0.1255054723502304,0.0983554147465437,False,Тюменская область,Тюмень,Тюмень|Тюменская область,57.153534,65.542274
7841441380,2024,5428173,,САНКТ-ПЕТЕРБУРГ,,,,МОРСКОЙ СЛАВЫ,199106.0,41.2,ACTIVE,1387502.0,1334832.0,15675.0,9726.0,1800.0,7064.0,12949.0,5704.0,-4022.0,"ОБЩЕСТВО С ОГРАНИЧЕННОЙ ОТВЕТСТВЕННОСТЬЮ ""СТРОИТЕЛЬНАЯ КОМПАНИЯ ЮНИТ""",Малое предприятие,41.2,30.0,78 - г.Санкт-Петербург,,,,10.08.2017,полная,11526.0,9726.0,0.0083070150529512,0.0041109850652467,False,г.Санкт-Петербург,Санкт-Петербург,Санкт-Петербург|г.Санкт-Петербург,59.9606739,30.1586551
2315120129,2024,1094013,,КРАСНОДАРСКИЙ,,НОВОРОССИЙСК,,СОВЕТОВ,353900.0,42.91,ACTIVE,1385784.0,958772.0,370503.0,369620.0,7353.0,35004.0,37898.0,295079.0,-75022.0,"ОБЩЕСТВО С ОГРАНИЧЕННОЙ ОТВЕТСТВЕННОСТЬЮ ""НОВОКОМ""",Малое предприятие,41.2,33.0,23 - Краснодарский край,,г Новороссийск,,01.08.2016,полная,376973.0,369620.0,0.2720286855671591,0.2129328957471005,False,Краснодарский край,Новороссийск,Новороссийск|Краснодарский край,44.7239578,37.7690711
1512015210,2024,2149909,,СЕВЕРНАЯ ОСЕТИЯ - АЛАНИЯ,ПРИГОРОДНЫЙ,,НИЖНЯЯ САНИБА,АГУЗАРОВА,363124.0,42.11,ACTIVE,1379413.0,1178200.0,152865.0,118492.0,10879.0,16889.0,40876.0,94794.0,-23698.0,"ОБЩЕСТВО С ОГРАНИЧЕННОЙ ОТВЕТСТВЕННОСТЬЮ ""ИРАФТРАНССТРОЙ""",Среднее предприятие,41.2,14.0,15 - Республика Северная Осетия - Алания,Пригородный р-н,,с Нижняя Саниба,01.08.2016,полная,129371.0,118492.0,0.0937869949029043,0.0687205354741473,False,Республика Северная Осетия - Алания,Нижняя Саниба,Нижняя Саниба|Республика Северная Осетия - Алания,43.0348954,44.5403458
2311194948,2024,9317880,,КРАСНОДАРСКИЙ,,КРАСНОДАР,,ЯЛТИНСКАЯ,350059.0,,ACTIVE,1378441.0,1096961.0,143910.0,142594.0,0.0,8052.0,15796.0,112239.0,-30355.0,"ОБЩЕСТВО С ОГРАНИЧЕННОЙ ОТВЕТСТВЕННОСТЬЮ  ""СТРОЙТРЕВЛ""",Среднее предприятие,41.2,129.0,23 - Краснодарский край,,г Краснодар,п Индустриальный,01.08.2016,полная,142594.0,142594.0,0.1034458493326881,0.0814245948865421,False,Краснодарский край,Краснодар,Краснодар|Краснодарский край,45.0351532,38.9772396
7901542812,2024,8220142,,КОМИ,,СЫКТЫВКАР,,ПУШКИНА,167004.0,49.20.9,ACTIVE,1378409.0,1290569.0,,,0.0,3623.0,18108.0,58679.0,14676.0,"ОБЩЕСТВО С ОГРАНИЧЕННОЙ ОТВЕТСТВЕННОСТЬЮ ""СТРОЙКОМ""",Среднее предприятие,41.2,124.0,79 - Еврейская автономная область,,г Биробиджан,,01.08.2016,упрощённая,73355.0,73355.0,0.0532171510778005,0.0425700934918445,False,Еврейская автономная область,Биробиджан,Биробиджан|Еврейская автономная область,48.79329,132.9269836
7810791610,2024,7063620,,САНКТ-ПЕТЕРБУРГ,,,,ПЕТРОВСКАЯ,197198.0,41.20,ACTIVE,1378297.0,1193189.0,167020.0,213974.0,0.0,48507.0,4346.0,173768.0,-40206.0,"ОБЩЕСТВО С ОГРАНИЧЕННОЙ ОТВЕТСТВЕННОСТЬЮ ""ВИЛИЯ""",Малое предприятие,41.2,42.0,78 - г.Санкт-Петербург,,,,01.08.2016,полная,213974.0,213974.0,0.155245204770815,0.1260744237272518,False,г.Санкт-Петербург,Санкт-Петербург,Санкт-Петербург|г.Санкт-Петербург,59.9606739,30.1586551
1657112351,2024,696935,,МОСКВА,,,,ГРАЙВОРОНОВСКАЯ,109518.0,41.20,ACTIVE,1377487.0,1274046.0,19736.0,22776.0,0.0,17007.0,15557.0,17955.0,-4821.0,"ОБЩЕСТВО С ОГРАНИЧЕННОЙ ОТВЕТСТВЕННОСТЬЮ ""СПУТНИК БЕЗОПАСНОСТИ""",Малое предприятие,41.2,58.0,77 - г.Москва,,,,01.08.2016,полная,22776.0,22776.0,0.0165344573124828,0.0130346057712341,False,г.Москва,Москва,Москва|г.Москва,55.7505412,37.6174782
3528281820,2024,10508462,,ВОЛОГОДСКАЯ,,ЧЕРЕПОВЕЦ,,СОВЕТСКИЙ,162608.0,,ACTIVE,1376666.0,1285268.0,21137.0,7449.0,1353.0,351.0,19634.0,6087.0,-1362.0,"ОБЩЕСТВО С ОГРАНИЧЕННОЙ ОТВЕТСТВЕННОСТЬЮ ""ГЕНДЖО""",Среднее предприятие,41.2,172.0,35 - Вологодская область,,г Череповец,,10.07.2023,полная,8802.0,7449.0,0.0063937076967107,0.0044215517779911,False,Вологодская область,Череповец,Череповец|Вологодская область,59.1221553,37.9025005
7727813770,2024,8122119,,МОСКВА,,,,СТАРОБИТЦЕВСКАЯ,117628.0,41.20,ACTIVE,1376308.0,1165205.0,182451.0,106401.0,0.0,1781.0,77831.0,83995.0,-22406.0,"ОБЩЕСТВО С ОГРАНИЧЕННОЙ ОТВЕТСТВЕННОСТЬЮ ""СУ-111""",Малое предприятие,41.2,52.0,77 - г.Москва,,,,01.08.2016,полная,106401.0,106401.0,0.0773090035079357,0.061029217297291,False,г.Москва,Москва,Москва|г.Москва,55.7505412,37.6174782
0274176422,2024,7876613,,БАШКОРТОСТАН,,УФА,,ВОИНОВ-ИНТЕРНАЦИОНАЛИСТОВ,450104.0,41.20,LIQUIDATION_STAGE,1372366.0,1201213.0,-45008.0,-2034.0,0.0,55306.0,12332.0,1586.0,195.0,"ОБЩЕСТВО С ОГРАНИЧЕННОЙ ОТВЕТСТВЕННОСТЬЮ ""ОБЪЕДИНЕННАЯ СТРОИТЕЛЬНАЯ КОМПАНИЯ""",Малое предприятие,41.2,87.0,02 - Республика Башкортостан,,г Уфа,,01.08.2016,полная,-2034.0,-2034.0,-0.0014821119147516,0.0011556683858387,False,Республика Башкортостан,Уфа,Уфа|Республика Башкортостан,54.7261409,55.947499
7716576574,2024,5582836,,МОСКОВСКАЯ,,МЫТИЩИ,,КОЛОНЦОВА,141009.0,,ACTIVE,1369057.0,1180327.0,84732.0,26830.0,16984.0,13531.0,61602.0,13855.0,-12975.0,"ОБЩЕСТВО С ОГРАНИЧЕННОЙ ОТВЕТСТВЕННОСТЬЮ ""СПЕЦИАЛИЗИРОВАННЫЙ ЗАСТРОЙЩИК ""РУССТРОЙГРУП""",Среднее предприятие,41.2,32.0,50 - Московская область,Пушкино г,,рп Софрино,01.08.2016,полная,43814.0,26830.0,0.0320030502747511,0.0101201045683269,False,Московская область,рп Софрино,рп Софрино|Московская область,56.137427,37.9305867
2308114879,2024,6154529,,КРАСНОДАРСКИЙ,,КРАСНОДАР,,ИМ. 40-ЛЕТИЯ ПОБЕДЫ,350072.0,41.20,ACTIVE,1368385.0,1180000.0,155901.0,114379.0,33526.0,69265.0,82947.0,88652.0,-25727.0,"ОБЩЕСТВО С ОГРАНИЧЕННОЙ ОТВЕТСТВЕННОСТЬЮ ""АГРОСПЕЦМОНТАЖ""",Малое предприятие,41.2,28.0,23 - Краснодарский край,,г Краснодар,,01.08.2016,полная,147905.0,114379.0,0.1080872707607873,0.064785860704407,False,Краснодарский край,Краснодар,Краснодар|Краснодарский край,45.0351532,38.9772396
0276092746,2024,904867,,БАШКОРТОСТАН,,УФА,,ПЕРВОМАЙСКАЯ,450112.0,41.20,ACTIVE,1368048.0,1191301.0,116616.0,72405.0,0.0,103674.0,147885.0,52170.0,-20215.0,"ОБЩЕСТВО С ОГРАНИЧЕННОЙ ОТВЕТСТВЕННОСТЬЮ ""СТРОИТЕЛЬНАЯ КОМПАНИЯ ""МИР""",Малое предприятие,41.2,9.0,02 - Республика Башкортостан,,г Уфа,,01.08.2016,полная,72405.0,72405.0,0.0529257745342268,0.038134626855198,False,Республика Башкортостан,Уфа,Уфа|Республика Башкортостан,54.7261409,55.947499
7842127970,2024,10104213,,САНКТ-ПЕТЕРБУРГ,,,,ПРОФЕССОРА ПОПОВА,197022.0,68.10.22,ACTIVE,1367039.0,1283784.0,14900.0,2515.0,22601.0,12543.0,12694.0,1285.0,-666.0,"ОБЩЕСТВО С ОГРАНИЧЕННОЙ ОТВЕТСТВЕННОСТЬЮ ""ПЛГ СТРОЙ""",Среднее предприятие,41.2,24.0,78 - г.Санкт-Петербург,,,,10.03.2017,полная,25116.0,2515.0,0.0183725555744934,0.0009399878130762,False,г.Санкт-Петербург,Санкт-Петербург,Санкт-Петербург|г.Санкт-Петербург,59.9606739,30.1586551
7706800259,2024,8146020,,МОСКВА,,,,ШЛЮЗОВАЯ,115114.0,,ACTIVE,1365718.0,1253006.0,-101905.0,47454.0,436.0,171144.0,33150.0,34151.0,-13303.0,"ОБЩЕСТВО С ОГРАНИЧЕННОЙ ОТВЕТСТВЕННОСТЬЮ ""ПРОЕКТНО-СТРОИТЕЛЬНАЯ КОМПАНИЯ СПЕЦГЕОПРОЕКТ""",Малое предприятие,41.2,29.0,77 - г.Москва,,,,10.07.2021,полная,47890.0,47454.0,0.03506580421434,0.0250058943354338,False,г.Москва,Москва,Москва|г.Москва,55.7505412,37.6174782
7723427686,2024,9596079,,МОСКВА,,,,ЛЮБЛИНСКАЯ,109387.0,41.20,ACTIVE,1361674.0,1249712.0,69794.0,44993.0,0.0,24810.0,51296.0,26733.0,-14583.0,"ОБЩЕСТВО С ОГРАНИЧЕННОЙ ОТВЕТСТВЕННОСТЬЮ ""БЛАГОУСТРОЙСТВО РЕМОНТ И СТРОИТЕЛЬСТВО""",Малое предприятие,41.2,10.0,77 - г.Москва,,,,01.08.2016,полная,44993.0,44993.0,0.0330424169074242,0.019632452407845,False,г.Москва,Москва,Москва|г.Москва,55.7505412,37.6174782
7604178889,2024,2205045,,МОСКВА,,,,ГИЛЯРОВСКОГО,129110.0,41.20,ACTIVE,1359476.0,1233565.0,92763.0,61209.0,19471.0,3009.0,20997.0,48946.0,-12262.0,"ОБЩЕСТВО С ОГРАНИЧЕННОЙ ОТВЕТСТВЕННОСТЬЮ ""СК ИНЖИНИРИНГ""",Малое предприятие,41.2,17.0,76 - Ярославская область,,г Ярославль,,01.08.2016,полная,80680.0,61209.0,0.0593463952287499,0.0360035778491124,False,Ярославская область,Ярославль,Ярославль|Ярославская область,57.6263877,39.8933705
5403190900,2024,2569313,,НОВОСИБИРСКАЯ,,НОВОСИБИРСК,,САЛТЫКОВА-ЩЕДРИНА,630132.0,42.11,ACTIVE,1356470.0,1170013.0,160460.0,79329.0,0.0,9687.0,91600.0,60874.0,-18434.0,"ОБЩЕСТВО С ОГРАНИЧЕННОЙ ОТВЕТСТВЕННОСТЬЮ ""ПЕРЛИТ-СТРОЙ""",Малое предприятие,41.2,26.0,54 - Новосибирская область,,г Новосибирск,,01.08.2016,полная,79329.0,79329.0,0.0584819420997147,0.0448767757488186,False,Новосибирская область,Новосибирск,Новосибирск|Новосибирская область,54.9678145,82.9515989
6312040240,2024,3090099,,САМАРСКАЯ,,САМАРА,,МИРНАЯ,443035.0,41.20,ACTIVE,1356420.0,1304705.0,-54948.0,-52053.0,9822.0,8253.0,17219.0,-52053.0,,"АКЦИОНЕРНОЕ ОБЩЕСТВО ""КОШЕЛЕВ-ПРОЕКТ""",Малое предприятие,41.2,4.0,63 - Самарская область,,г Самара,,10.08.2019,полная,-42231.0,-52053.0,-0.0311341619852258,-0.0383752819923032,False,Самарская область,Самара,Самара|Самарская область,53.1956255,50.1014927
